2025-04-03 01:50:11,305 - expt-12 - INFO - 
2025-04-03 01:50:11,306 - expt-12 - INFO - ++++++++++++++++++++++++++++++++++++++++++++++++++++++++++++++++++++++++
2025-04-03 01:50:11,306 - expt-12 - INFO - ++++++++++++++++++++++++++ Experiment: 12 ++++++++++++++++++++++++++
2025-04-03 01:50:11,306 - expt-12 - INFO - 
2025-04-03 01:50:11,306 - expt-12 - INFO - Loading dataset.
2025-04-03 01:50:11,306 - expt-12 - INFO - > Data names: ['microgrid_steady_state_rms', 'microgrid_fault_dataset_rms']
2025-04-03 01:50:11,306 - expt-12 - INFO - > Case range: [1, 2900]
2025-04-03 01:59:29,445 - expt-12 - INFO - 
2025-04-03 01:59:29,445 - expt-12 - INFO - Loading model.
2025-04-03 01:59:29,711 - expt-12 - INFO - > No. of parameters: 10087
2025-04-03 01:59:29,711 - expt-12 - INFO - 
2025-04-03 01:59:29,722 - expt-12 - INFO - Using device: cuda
2025-04-03 01:59:30,631 - expt-12 - INFO - > GPU: Tesla V100-PCIE-16GB
2025-04-03 01:59:31,758 - expt-12 - INFO - 
2025-04-03 01:59:31,758 - expt-12 - INFO - ========== Starting model training. ==========
2025-04-03 02:15:10,661 - expt-12 - INFO - epoch:0:: train_loss:1.5830540578347538 | train_f1_score: 0.2548858756498316
2025-04-03 02:17:11,562 - expt-12 - INFO -              :: val_loss:1.4396221997515113 | val_f1_score:0.30588837603875785
2025-04-03 02:31:20,091 - expt-12 - INFO - epoch:1:: train_loss:1.346004769799603 | train_f1_score: 0.3551105636647364
2025-04-03 02:45:28,957 - expt-12 - INFO - epoch:2:: train_loss:1.2307743426517659 | train_f1_score: 0.4537804292390938
2025-04-03 02:59:43,413 - expt-12 - INFO - epoch:3:: train_loss:1.1483179659324783 | train_f1_score: 0.5139289003218178
2025-04-03 03:14:01,084 - expt-12 - INFO - epoch:4:: train_loss:1.100693511154137 | train_f1_score: 0.5479071757721957
2025-04-03 03:28:13,085 - expt-12 - INFO - epoch:5:: train_loss:1.0688898406267586 | train_f1_score: 0.5618463354788237
2025-04-03 03:30:18,713 - expt-12 - INFO -              :: val_loss:1.0633469918493006 | val_f1_score:0.5621397597654784
2025-04-03 03:30:19,258 - expt-12 - INFO - model saved @/scratch/opsahoo.eee20.itbhu/Thesis/results/expt-12| 2025-04-03 01:50/weights/epoch-5.pt
2025-04-03 03:44:23,374 - expt-12 - INFO - epoch:6:: train_loss:1.0474243235918383 | train_f1_score: 0.5749939894119113
2025-04-03 03:58:43,700 - expt-12 - INFO - epoch:7:: train_loss:1.0322393904313216 | train_f1_score: 0.5804658187547034
2025-04-03 04:12:56,806 - expt-12 - INFO - epoch:8:: train_loss:1.0201442866675408 | train_f1_score: 0.5840404256959102
2025-04-03 04:27:02,289 - expt-12 - INFO - epoch:9:: train_loss:1.009514719164853 | train_f1_score: 0.5909304006791007
2025-04-03 04:41:22,466 - expt-12 - INFO - epoch:10:: train_loss:1.0005944832380216 | train_f1_score: 0.5947878648097167
2025-04-03 04:43:24,030 - expt-12 - INFO -              :: val_loss:1.0165592855110432 | val_f1_score:0.589173645171419
2025-04-03 04:43:24,520 - expt-12 - INFO - model saved @/scratch/opsahoo.eee20.itbhu/Thesis/results/expt-12| 2025-04-03 01:50/weights/epoch-10.pt
2025-04-03 04:43:25,258 - expt-12 - INFO - -------------------------- Training Complete. --------------------------
2025-04-03 04:43:25,259 - expt-12 - INFO - 
2025-04-03 11:14:22,291 - expt-13 - INFO - 
2025-04-03 11:14:22,291 - expt-13 - INFO - 
2025-04-03 11:14:22,308 - expt-13 - INFO - ++++++++++++++++++++++++++++++++++++++++++++++++++++++++++++++++++++++++
2025-04-03 11:14:22,308 - expt-13 - INFO - ++++++++++++++++++++++++++++++++++++++++++++++++++++++++++++++++++++++++
2025-04-03 11:14:22,309 - expt-13 - INFO - ++++++++++++++++++++++++++ Experiment: 13 ++++++++++++++++++++++++++
2025-04-03 11:14:22,309 - expt-13 - INFO - ++++++++++++++++++++++++++ Experiment: 13 ++++++++++++++++++++++++++
2025-04-03 11:14:22,309 - expt-13 - INFO - 
2025-04-03 11:14:22,309 - expt-13 - INFO - 
2025-04-03 11:14:22,309 - expt-13 - INFO - Loading dataset.
2025-04-03 11:14:22,309 - expt-13 - INFO - Loading dataset.
2025-04-03 11:14:22,309 - expt-13 - INFO - > Data names: ['microgrid_steady_state_rms', 'microgrid_fault_dataset_rms']
2025-04-03 11:14:22,309 - expt-13 - INFO - > Data names: ['microgrid_steady_state_rms', 'microgrid_fault_dataset_rms']
2025-04-03 11:14:22,309 - expt-13 - INFO - > Case range: [1, 2900]
2025-04-03 11:14:22,309 - expt-13 - INFO - > Case range: [1, 2900]
2025-04-03 11:24:42,741 - expt-13 - INFO - 
2025-04-03 11:24:42,741 - expt-13 - INFO - Loading model.
2025-04-03 11:24:43,245 - expt-13 - INFO - > No. of parameters: 19815
2025-04-03 11:24:43,246 - expt-13 - INFO - 
2025-04-03 11:24:43,266 - expt-13 - INFO - Using device: cuda
2025-04-03 11:24:44,162 - expt-13 - INFO - > GPU: Tesla V100-PCIE-16GB
2025-04-03 11:24:45,528 - expt-13 - INFO - 
2025-04-03 11:24:45,528 - expt-13 - INFO - ========== Starting model training. ==========
2025-04-03 11:24:49,568 - expt-13 - INFO - 
2025-04-03 11:24:49,568 - expt-13 - INFO - Loading model.
2025-04-03 11:24:49,572 - expt-13 - INFO - > No. of parameters: 19815
2025-04-03 11:24:49,572 - expt-13 - INFO - 
2025-04-03 11:24:49,572 - expt-13 - INFO - Using device: cuda
2025-04-03 11:24:50,150 - expt-13 - INFO - > GPU: Tesla V100-PCIE-16GB
2025-04-03 11:24:50,385 - expt-13 - INFO - 
2025-04-03 11:24:50,386 - expt-13 - INFO - ========== Starting model training. ==========
2025-04-03 11:40:09,440 - expt-13 - INFO - epoch:0:: train_loss:1.4649246515617962 | train_f1_score: 0.26659301440997957
2025-04-03 11:40:15,574 - expt-13 - INFO - epoch:0:: train_loss:1.4649246515617962 | train_f1_score: 0.26659301440997957
2025-04-03 11:42:10,779 - expt-13 - INFO -              :: val_loss:1.294336048357733 | val_f1_score:0.29871493530371224
2025-04-03 11:42:14,774 - expt-13 - INFO -              :: val_loss:1.294336048357733 | val_f1_score:0.29871493530371224
2025-04-03 11:58:17,294 - expt-13 - INFO - epoch:1:: train_loss:1.230955112855651 | train_f1_score: 0.3495365046101517
2025-04-03 12:13:42,207 - expt-13 - INFO - epoch:2:: train_loss:1.1618524921263826 | train_f1_score: 0.43991062883834525
2025-04-03 12:29:47,879 - expt-13 - INFO - epoch:3:: train_loss:1.1265737421176958 | train_f1_score: 0.48357863887422836
2025-04-03 12:31:39,953 - expt-14 - INFO - 
2025-04-03 12:31:39,954 - expt-14 - INFO - ++++++++++++++++++++++++++++++++++++++++++++++++++++++++++++++++++++++++
2025-04-03 12:31:39,954 - expt-14 - INFO - ++++++++++++++++++++++++++ Experiment: 14 ++++++++++++++++++++++++++
2025-04-03 12:31:39,954 - expt-14 - INFO - 
2025-04-03 12:31:39,955 - expt-14 - INFO - Loading dataset.
2025-04-03 12:31:39,955 - expt-14 - INFO - > Data names: ['microgrid_steady_state_rms', 'microgrid_fault_dataset_rms']
2025-04-03 12:31:39,955 - expt-14 - INFO - > Case range: [1, 2900]
2025-04-03 12:42:15,231 - expt-14 - INFO - 
2025-04-03 12:42:15,231 - expt-14 - INFO - Loading model.
2025-04-03 12:42:15,542 - expt-14 - INFO - > No. of parameters: 5223
2025-04-03 12:42:15,543 - expt-14 - INFO - 
2025-04-03 12:42:15,543 - expt-14 - INFO - Using device: cuda
2025-04-03 12:42:16,321 - expt-14 - INFO - > GPU: Tesla V100-PCIE-16GB
2025-04-03 12:42:17,285 - expt-14 - INFO - 
2025-04-03 12:42:17,285 - expt-14 - INFO - ========== Starting model training. ==========
2025-04-03 12:45:07,477 - expt-13 - INFO - epoch:4:: train_loss:1.1007516259344472 | train_f1_score: 0.5048429637506515
2025-04-03 12:56:27,687 - expt-14 - INFO - epoch:0:: train_loss:1.4934123386763596 | train_f1_score: 0.2593570055939778
2025-04-03 12:58:23,873 - expt-14 - INFO -              :: val_loss:1.2879309086062283 | val_f1_score:0.30336934684750816
2025-04-03 13:00:00,921 - expt-13 - INFO - epoch:5:: train_loss:1.079812994639104 | train_f1_score: 0.518566780470959
2025-04-03 13:02:03,869 - expt-13 - INFO -              :: val_loss:1.1044554562526736 | val_f1_score:0.5233969248220245
2025-04-03 13:02:04,220 - expt-13 - INFO - model saved @/scratch/opsahoo.eee20.itbhu/Thesis/results/expt-13| 2025-04-03 11:14/weights/epoch-5.pt
2025-04-03 13:12:16,061 - expt-14 - INFO - epoch:1:: train_loss:1.2454420861529822 | train_f1_score: 0.37537233703446315
2025-04-03 13:16:58,444 - expt-13 - INFO - epoch:6:: train_loss:1.061891347396387 | train_f1_score: 0.5342682901535957
2025-04-03 13:26:10,601 - expt-14 - INFO - epoch:2:: train_loss:1.1944415553400547 | train_f1_score: 0.4603209410217167
2025-04-03 13:31:55,231 - expt-13 - INFO - epoch:7:: train_loss:1.046529535038817 | train_f1_score: 0.547560186821787
2025-04-03 13:40:16,465 - expt-14 - INFO - epoch:3:: train_loss:1.1609532941997593 | train_f1_score: 0.4928248184677719
2025-04-03 13:46:58,077 - expt-13 - INFO - epoch:8:: train_loss:1.0347707234615584 | train_f1_score: 0.5581568570805949
2025-04-03 13:54:17,998 - expt-14 - INFO - epoch:4:: train_loss:1.1357156645853024 | train_f1_score: 0.5142368410257291
2025-04-03 14:01:53,132 - expt-13 - INFO - epoch:9:: train_loss:1.0267861159136535 | train_f1_score: 0.5674831744922451
2025-04-03 14:08:20,718 - expt-14 - INFO - epoch:5:: train_loss:1.116707883774375 | train_f1_score: 0.5277998409760253
2025-04-03 14:10:10,120 - expt-14 - INFO -              :: val_loss:1.1364981924944175 | val_f1_score:0.5234423032865771
2025-04-03 14:10:10,346 - expt-14 - INFO - model saved @/scratch/opsahoo.eee20.itbhu/Thesis/results/expt-14| 2025-04-03 12:31/weights/epoch-5.pt
2025-04-03 14:16:55,099 - expt-13 - INFO - epoch:10:: train_loss:1.0186537885248481 | train_f1_score: 0.5731123895082534
2025-04-03 14:18:53,634 - expt-13 - INFO -              :: val_loss:1.1562015442765363 | val_f1_score:0.49080257030023106
2025-04-03 14:18:53,656 - expt-13 - INFO - model saved @/scratch/opsahoo.eee20.itbhu/Thesis/results/expt-13| 2025-04-03 11:14/weights/epoch-10.pt
2025-04-03 14:18:53,913 - expt-13 - INFO - -------------------------- Training Complete. --------------------------
2025-04-03 14:18:53,913 - expt-13 - INFO - 
2025-04-03 14:24:41,863 - expt-14 - INFO - epoch:6:: train_loss:1.0968920629889454 | train_f1_score: 0.5364643729227557
2025-04-03 14:39:47,547 - expt-14 - INFO - epoch:7:: train_loss:1.080209101926713 | train_f1_score: 0.5492002562312033
2025-04-03 14:54:34,913 - expt-14 - INFO - epoch:8:: train_loss:1.0642256623650252 | train_f1_score: 0.5616229027510002
2025-04-03 15:09:13,804 - expt-14 - INFO - epoch:9:: train_loss:1.0481523755494713 | train_f1_score: 0.5774257486403026
2025-04-03 15:24:00,429 - expt-14 - INFO - epoch:10:: train_loss:1.0304487700157923 | train_f1_score: 0.5903718466847169
2025-04-03 15:25:54,705 - expt-14 - INFO -              :: val_loss:1.070884566241363 | val_f1_score:0.5815405364941048
2025-04-03 15:25:55,708 - expt-14 - INFO - model saved @/scratch/opsahoo.eee20.itbhu/Thesis/results/expt-14| 2025-04-03 12:31/weights/epoch-10.pt
2025-04-03 15:25:56,047 - expt-14 - INFO - -------------------------- Training Complete. --------------------------
2025-04-03 15:25:56,047 - expt-14 - INFO - 
2025-04-04 00:09:15,483 - expt-15 - INFO - 
2025-04-04 00:09:15,506 - expt-15 - INFO - ++++++++++++++++++++++++++++++++++++++++++++++++++++++++++++++++++++++++
2025-04-04 00:09:15,506 - expt-15 - INFO - ++++++++++++++++++++++++++ Experiment: 15 ++++++++++++++++++++++++++
2025-04-04 00:09:15,506 - expt-15 - INFO - 
2025-04-04 00:09:15,507 - expt-15 - INFO - Loading dataset.
2025-04-04 00:09:15,507 - expt-15 - INFO - > Data names: ['microgrid_steady_state_rms', 'microgrid_fault_dataset_rms']
2025-04-04 00:09:15,507 - expt-15 - INFO - > Case range: [1, 2900]
2025-04-04 00:36:27,014 - expt-15 - INFO - 
2025-04-04 00:36:27,121 - expt-15 - INFO - Loading model.
2025-04-04 00:36:27,678 - expt-15 - INFO - > No. of parameters: 39271
2025-04-04 00:36:27,679 - expt-15 - INFO - 
2025-04-04 00:36:28,150 - expt-15 - INFO - Using device: cuda
2025-04-04 00:36:34,161 - expt-15 - INFO - > GPU: Tesla V100-PCIE-16GB
2025-04-04 00:36:36,550 - expt-15 - INFO - 
2025-04-04 00:36:36,551 - expt-15 - INFO - ========== Starting model training. ==========
2025-04-04 00:58:18,096 - expt-15 - INFO - epoch:0:: train_loss:1.612637289233964 | train_f1_score: 0.27571273831632825
2025-04-04 01:01:12,237 - expt-15 - INFO -              :: val_loss:1.45453205520637 | val_f1_score:0.30168989497383203
2025-04-04 01:22:49,036 - expt-15 - INFO - epoch:1:: train_loss:1.3209728483704073 | train_f1_score: 0.3962990082010381
2025-04-04 01:42:41,888 - expt-15 - INFO - epoch:2:: train_loss:1.1903711509016788 | train_f1_score: 0.4826592074961043
2025-04-04 02:04:44,347 - expt-15 - INFO - epoch:3:: train_loss:1.1181966409351716 | train_f1_score: 0.5247454107088528
2025-04-04 02:50:02,461 - expt-15 - INFO - epoch:4:: train_loss:1.0731842672165117 | train_f1_score: 0.5514116078636463
2025-04-04 03:17:44,868 - expt-15 - INFO - epoch:5:: train_loss:1.0381368835057243 | train_f1_score: 0.5690188361682985
2025-04-04 03:20:30,608 - expt-15 - INFO -              :: val_loss:1.0951337201119091 | val_f1_score:0.5284689683198066
2025-04-04 03:20:31,604 - expt-15 - INFO - model saved @/scratch/opsahoo.eee20.itbhu/Thesis/results/expt-15| 2025-04-04 00:09/weights/epoch-5.pt
2025-04-04 03:45:50,957 - expt-15 - INFO - epoch:6:: train_loss:1.0111297651474918 | train_f1_score: 0.5825986989841077
2025-04-04 04:05:55,088 - expt-15 - INFO - epoch:7:: train_loss:0.9910196164499602 | train_f1_score: 0.5927485651336156
2025-04-04 04:27:58,710 - expt-15 - INFO - epoch:8:: train_loss:0.9713808589901765 | train_f1_score: 0.6035492378238777
2025-04-04 04:48:51,380 - expt-15 - INFO - epoch:9:: train_loss:0.9531974672617284 | train_f1_score: 0.6113380969193575
2025-04-04 05:16:32,303 - expt-15 - INFO - epoch:10:: train_loss:0.9399815133258586 | train_f1_score: 0.6174285469017843
2025-04-04 05:19:19,646 - expt-15 - INFO -              :: val_loss:1.1208480019334683 | val_f1_score:0.5188925722188023
2025-04-04 05:19:21,655 - expt-15 - INFO - model saved @/scratch/opsahoo.eee20.itbhu/Thesis/results/expt-15| 2025-04-04 00:09/weights/epoch-10.pt
2025-04-04 05:19:27,235 - expt-15 - INFO - -------------------------- Training Complete. --------------------------
2025-04-04 05:19:27,236 - expt-15 - INFO - Done: 310.221 mins.
2025-04-04 05:19:27,236 - expt-15 - INFO - 
2025-04-04 13:56:45,769 - expt-16 - INFO - 
2025-04-04 13:56:45,808 - expt-16 - INFO - ++++++++++++++++++++++++++++++++++++++++++++++++++++++++++++++++++++++++
2025-04-04 13:56:45,809 - expt-16 - INFO - ++++++++++++++++++++++++++ Experiment: 16 ++++++++++++++++++++++++++
2025-04-04 13:56:45,809 - expt-16 - INFO - Description: n_layer=3 for this model with d_model=256
2025-04-04 13:56:45,809 - expt-16 - INFO - 
2025-04-04 13:56:45,809 - expt-16 - INFO - Loading dataset.
2025-04-04 13:56:45,810 - expt-16 - INFO - > Data names: ['microgrid_steady_state_rms', 'microgrid_fault_dataset_rms']
2025-04-04 13:56:45,810 - expt-16 - INFO - > Case range: [1, 2900]
2025-04-04 15:09:45,699 - expt-16 - INFO - 
2025-04-04 15:09:45,905 - expt-16 - INFO - Loading model.
2025-04-04 15:09:47,804 - expt-16 - INFO - > No. of parameters: 26343
2025-04-04 15:09:47,804 - expt-16 - INFO - 
2025-04-04 15:09:48,349 - expt-16 - INFO - Using device: cuda
2025-04-04 15:09:56,005 - expt-16 - INFO - > GPU: Tesla V100-PCIE-16GB
2025-04-04 15:09:57,493 - expt-16 - INFO - 
2025-04-04 15:09:57,493 - expt-16 - INFO - ========== Starting model training. ==========
2025-04-04 15:18:37,397 - expt-17 - INFO - 
2025-04-04 15:18:37,422 - expt-17 - INFO - ++++++++++++++++++++++++++++++++++++++++++++++++++++++++++++++++++++++++
2025-04-04 15:18:37,422 - expt-17 - INFO - ++++++++++++++++++++++++++ Experiment: 17 ++++++++++++++++++++++++++
2025-04-04 15:18:37,422 - expt-17 - INFO - Description: n_layer=2 for this model with d_model=256
2025-04-04 15:18:37,422 - expt-17 - INFO - 
2025-04-04 15:18:37,423 - expt-17 - INFO - Loading dataset.
2025-04-04 15:18:37,423 - expt-17 - INFO - > Data names: ['microgrid_steady_state_rms', 'microgrid_fault_dataset_rms']
2025-04-04 15:18:37,423 - expt-17 - INFO - > Case range: [1, 2900]
2025-04-04 15:33:10,029 - expt-17 - INFO - 
2025-04-04 15:33:10,029 - expt-17 - INFO - Loading model.
2025-04-04 15:33:10,777 - expt-17 - INFO - > No. of parameters: 18215
2025-04-04 15:33:10,778 - expt-17 - INFO - 
2025-04-04 15:33:10,778 - expt-17 - INFO - Using device: cuda
2025-04-04 15:33:12,200 - expt-17 - INFO - > GPU: Tesla V100-PCIE-16GB
2025-04-04 15:33:15,523 - expt-17 - INFO - 
2025-04-04 15:33:15,523 - expt-17 - INFO - ========== Starting model training. ==========
2025-04-04 15:55:24,454 - expt-16 - INFO - epoch:0:: train_loss:1.4731956140597424 | train_f1_score: 0.29206900178401496
2025-04-04 16:00:50,855 - expt-16 - INFO -              :: val_loss:1.24049827974163 | val_f1_score:0.3622791146376087
2025-04-04 16:05:06,705 - expt-17 - INFO - epoch:0:: train_loss:1.6497821237028902 | train_f1_score: 0.3190036707785439
2025-04-04 16:09:17,357 - expt-17 - INFO -              :: val_loss:1.3733379331671263 | val_f1_score:0.4057230953136635
2025-04-04 16:41:16,129 - expt-17 - INFO - epoch:1:: train_loss:1.2938775968720648 | train_f1_score: 0.44560234573730256
2025-04-04 16:43:34,410 - expt-16 - INFO - epoch:1:: train_loss:1.2223082295434002 | train_f1_score: 0.3916081406107569
2025-04-04 17:12:16,519 - expt-17 - INFO - epoch:2:: train_loss:1.2011439649418862 | train_f1_score: 0.475486917289565
2025-04-04 17:25:05,680 - expt-16 - INFO - epoch:2:: train_loss:1.141642519613199 | train_f1_score: 0.46088648002665483
2025-04-04 17:43:32,022 - expt-17 - INFO - epoch:3:: train_loss:1.1533897329666816 | train_f1_score: 0.502667234665802
2025-04-04 18:07:13,780 - expt-16 - INFO - epoch:3:: train_loss:1.077837835823021 | train_f1_score: 0.5317748605740683
2025-04-04 18:14:31,558 - expt-17 - INFO - epoch:4:: train_loss:1.1228612237572655 | train_f1_score: 0.52990757132659
2025-04-04 18:45:33,143 - expt-17 - INFO - epoch:5:: train_loss:1.085460809460252 | train_f1_score: 0.5487477726581398
2025-04-04 18:49:27,921 - expt-16 - INFO - epoch:4:: train_loss:1.029417886152254 | train_f1_score: 0.579571582896593
2025-04-04 18:50:01,390 - expt-17 - INFO -              :: val_loss:1.1207311571316263 | val_f1_score:0.5415569083613389
2025-04-04 18:50:04,679 - expt-17 - INFO - model saved @/scratch/opsahoo.eee20.itbhu/Thesis/results/expt-17| 2025-04-04 15:18/weights/epoch-5.pt
2025-04-04 19:21:08,224 - expt-17 - INFO - epoch:6:: train_loss:1.0536064414021038 | train_f1_score: 0.5643915387380387
2025-04-04 19:31:40,040 - expt-16 - INFO - epoch:5:: train_loss:0.9808165755593414 | train_f1_score: 0.6145070215940232
2025-04-04 19:37:04,700 - expt-16 - INFO -              :: val_loss:0.914796892942612 | val_f1_score:0.6453399430311196
2025-04-04 19:37:04,739 - expt-16 - INFO - model saved @/scratch/opsahoo.eee20.itbhu/Thesis/results/expt-16| 2025-04-04 13:56/weights/epoch-5.pt
2025-04-04 19:52:23,224 - expt-17 - INFO - epoch:7:: train_loss:1.0267785129376887 | train_f1_score: 0.5786087539617419
2025-04-04 20:19:04,256 - expt-16 - INFO - epoch:6:: train_loss:0.9438362965616849 | train_f1_score: 0.6380526787596041
2025-04-04 20:23:23,799 - expt-17 - INFO - epoch:8:: train_loss:1.0047496148534674 | train_f1_score: 0.5892032282447771
2025-04-04 20:54:33,553 - expt-17 - INFO - epoch:9:: train_loss:0.9858270308535257 | train_f1_score: 0.5975686276414413
2025-04-04 21:01:05,632 - expt-16 - INFO - epoch:7:: train_loss:0.9226940298172436 | train_f1_score: 0.6469974635875161
2025-04-04 21:25:34,283 - expt-17 - INFO - epoch:10:: train_loss:0.9763463575858194 | train_f1_score: 0.6066239250865995
2025-04-04 21:29:44,151 - expt-17 - INFO -              :: val_loss:1.1529478755007363 | val_f1_score:0.5830237053236258
2025-04-04 21:29:44,377 - expt-17 - INFO - model saved @/scratch/opsahoo.eee20.itbhu/Thesis/results/expt-17| 2025-04-04 15:18/weights/epoch-10.pt
2025-04-04 21:29:45,373 - expt-17 - INFO - -------------------------- Training Complete. --------------------------
2025-04-04 21:29:45,373 - expt-17 - INFO - Done: 371.143 mins.
2025-04-04 21:29:45,374 - expt-17 - INFO - 
2025-04-04 21:29:47,430 - expt-18 - INFO - 
2025-04-04 21:29:47,434 - expt-18 - INFO - ++++++++++++++++++++++++++++++++++++++++++++++++++++++++++++++++++++++++
2025-04-04 21:29:47,437 - expt-18 - INFO - ++++++++++++++++++++++++++ Experiment: 18 ++++++++++++++++++++++++++
2025-04-04 21:29:47,440 - expt-18 - INFO - Description: n_layer=4 for this model with d_model=256
2025-04-04 21:29:47,445 - expt-18 - INFO - 
2025-04-04 21:29:47,447 - expt-18 - INFO - Loading dataset.
2025-04-04 21:29:47,456 - expt-18 - INFO - > Data names: ['microgrid_steady_state_rms', 'microgrid_fault_dataset_rms']
2025-04-04 21:29:47,471 - expt-18 - INFO - > Case range: [1, 2900]
2025-04-04 21:43:34,640 - expt-18 - INFO - 
2025-04-04 21:43:34,641 - expt-18 - INFO - Loading model.
2025-04-04 21:43:35,049 - expt-18 - INFO - > No. of parameters: 34471
2025-04-04 21:43:35,049 - expt-18 - INFO - 
2025-04-04 21:43:35,064 - expt-18 - INFO - Using device: cuda
2025-04-04 21:43:35,271 - expt-18 - INFO - > GPU: Tesla V100-PCIE-16GB
2025-04-04 21:43:35,318 - expt-18 - INFO - 
2025-04-04 21:43:35,318 - expt-18 - INFO - ========== Starting model training. ==========
2025-04-04 21:43:38,603 - expt-16 - INFO - epoch:8:: train_loss:0.9115586929347009 | train_f1_score: 0.6522708780412508
2025-04-04 22:25:56,049 - expt-16 - INFO - epoch:9:: train_loss:0.8962007711871818 | train_f1_score: 0.6603087074489256
2025-04-04 22:37:35,422 - expt-18 - INFO - epoch:0:: train_loss:1.6907448929347901 | train_f1_score: 0.22094753667367087
2025-04-04 22:44:21,723 - expt-18 - INFO -              :: val_loss:1.362542096499535 | val_f1_score:0.29022676711345863
2025-04-04 23:08:28,187 - expt-16 - INFO - epoch:10:: train_loss:0.8816915219625734 | train_f1_score: 0.6687613622479974
2025-04-04 23:13:55,424 - expt-16 - INFO -              :: val_loss:0.8492843736240937 | val_f1_score:0.6787998311909547
2025-04-04 23:13:57,085 - expt-16 - INFO - model saved @/scratch/opsahoo.eee20.itbhu/Thesis/results/expt-16| 2025-04-04 13:56/weights/epoch-10.pt
2025-04-04 23:14:00,123 - expt-16 - INFO - -------------------------- Training Complete. --------------------------
2025-04-04 23:14:00,124 - expt-16 - INFO - Done: 557.285 mins.
2025-04-04 23:14:00,124 - expt-16 - INFO - 
2025-04-04 23:39:18,687 - expt-18 - INFO - epoch:1:: train_loss:1.3073722293784726 | train_f1_score: 0.331707892759283
2025-04-05 00:33:08,099 - expt-18 - INFO - epoch:2:: train_loss:1.2235157414820992 | train_f1_score: 0.4233680942612636
2025-04-05 01:26:42,459 - expt-18 - INFO - epoch:3:: train_loss:1.1842864346652642 | train_f1_score: 0.468490972913842
2025-04-05 02:21:33,927 - expt-18 - INFO - epoch:4:: train_loss:1.1544597751196795 | train_f1_score: 0.4875803966106084
2025-04-05 03:16:57,792 - expt-18 - INFO - epoch:5:: train_loss:1.1289045158868607 | train_f1_score: 0.5049278531084325
2025-04-05 03:23:56,077 - expt-18 - INFO -              :: val_loss:1.0972300581939924 | val_f1_score:0.5274443918233265
2025-04-05 03:23:57,247 - expt-18 - INFO - model saved @/scratch/opsahoo.eee20.itbhu/Thesis/results/expt-18| 2025-04-04 21:29/weights/epoch-5.pt
2025-04-05 04:17:11,810 - expt-18 - INFO - epoch:6:: train_loss:1.103478981715137 | train_f1_score: 0.5171043483925065
2025-04-05 05:10:35,023 - expt-18 - INFO - epoch:7:: train_loss:1.0788853801041103 | train_f1_score: 0.5327392697024694
2025-04-05 06:04:09,987 - expt-18 - INFO - epoch:8:: train_loss:1.0509790628165951 | train_f1_score: 0.5533954131126091
2025-04-05 06:57:33,567 - expt-18 - INFO - epoch:9:: train_loss:1.0213849766752354 | train_f1_score: 0.5769189058883312
2025-04-05 07:35:05,594 - expt-19 - INFO - 
2025-04-05 07:35:05,614 - expt-19 - INFO - ++++++++++++++++++++++++++++++++++++++++++++++++++++++++++++++++++++++++
2025-04-05 07:35:05,614 - expt-19 - INFO - ++++++++++++++++++++++++++ Experiment: 19 ++++++++++++++++++++++++++
2025-04-05 07:35:05,614 - expt-19 - INFO - Description: dropout test for avoid overfitting:: dropout: 0.3
2025-04-05 07:35:05,614 - expt-19 - INFO - 
2025-04-05 07:35:05,615 - expt-19 - INFO - Loading dataset.
2025-04-05 07:35:05,615 - expt-19 - INFO - > Data names: ['microgrid_steady_state_rms', 'microgrid_fault_dataset_rms']
2025-04-05 07:35:05,615 - expt-19 - INFO - > Case range: [1, 2900]
2025-04-05 07:46:27,399 - expt-19 - INFO - 
2025-04-05 07:46:27,400 - expt-19 - INFO - Loading model.
2025-04-05 07:46:27,917 - expt-19 - INFO - > No. of parameters: 18215
2025-04-05 07:46:27,917 - expt-19 - INFO - 
2025-04-05 07:46:27,918 - expt-19 - INFO - Using device: cuda
2025-04-05 07:46:29,292 - expt-19 - INFO - > GPU: Tesla V100-PCIE-16GB
2025-04-05 07:46:31,456 - expt-19 - INFO - 
2025-04-05 07:46:31,457 - expt-19 - INFO - ========== Starting model training. ==========
2025-04-05 07:53:27,214 - expt-18 - INFO - epoch:10:: train_loss:0.9970936368034452 | train_f1_score: 0.6022851266684425
2025-04-05 08:00:04,855 - expt-18 - INFO -              :: val_loss:1.0506815102066371 | val_f1_score:0.5668902312375746
2025-04-05 08:00:05,670 - expt-18 - INFO - model saved @/scratch/opsahoo.eee20.itbhu/Thesis/results/expt-18| 2025-04-04 21:29/weights/epoch-10.pt
2025-04-05 08:00:07,431 - expt-18 - INFO - -------------------------- Training Complete. --------------------------
2025-04-05 08:00:07,432 - expt-18 - INFO - Done: 630.341 mins.
2025-04-05 08:00:07,432 - expt-18 - INFO - 
2025-04-05 08:00:08,957 - expt-20 - INFO - 
2025-04-05 08:00:08,961 - expt-20 - INFO - ++++++++++++++++++++++++++++++++++++++++++++++++++++++++++++++++++++++++
2025-04-05 08:00:08,963 - expt-20 - INFO - ++++++++++++++++++++++++++ Experiment: 20 ++++++++++++++++++++++++++
2025-04-05 08:00:08,965 - expt-20 - INFO - Description: n_layer=5 for this model with d_model=256
2025-04-05 08:00:08,969 - expt-20 - INFO - 
2025-04-05 08:00:08,971 - expt-20 - INFO - Loading dataset.
2025-04-05 08:00:08,973 - expt-20 - INFO - > Data names: ['microgrid_steady_state_rms', 'microgrid_fault_dataset_rms']
2025-04-05 08:00:08,976 - expt-20 - INFO - > Case range: [1, 2900]
2025-04-05 08:10:01,273 - expt-20 - INFO - 
2025-04-05 08:10:01,274 - expt-20 - INFO - Loading model.
2025-04-05 08:10:01,282 - expt-20 - INFO - > No. of parameters: 42599
2025-04-05 08:10:01,282 - expt-20 - INFO - 
2025-04-05 08:10:01,282 - expt-20 - INFO - Using device: cuda
2025-04-05 08:10:01,282 - expt-20 - INFO - > GPU: Tesla V100-PCIE-16GB
2025-04-05 08:10:01,285 - expt-20 - INFO - 
2025-04-05 08:10:01,285 - expt-20 - INFO - ========== Starting model training. ==========
2025-04-05 08:13:06,865 - expt-19 - INFO - epoch:0:: train_loss:1.525058099872609 | train_f1_score: 0.32390514011802213
2025-04-05 08:16:27,598 - expt-19 - INFO -              :: val_loss:1.3223458759725013 | val_f1_score:0.3942956305267135
2025-04-05 08:41:32,560 - expt-19 - INFO - epoch:1:: train_loss:1.2298694740509675 | train_f1_score: 0.44225590108138324
2025-04-05 09:06:25,217 - expt-19 - INFO - epoch:2:: train_loss:1.1533276605553873 | train_f1_score: 0.48585767063905266
2025-04-05 09:18:49,723 - expt-20 - INFO - epoch:0:: train_loss:1.383275338637509 | train_f1_score: 0.32704488708888985
2025-04-05 09:26:39,854 - expt-20 - INFO -              :: val_loss:1.1997200057488222 | val_f1_score:0.38282457951972837
2025-04-05 09:31:11,061 - expt-19 - INFO - epoch:3:: train_loss:1.0986347038670539 | train_f1_score: 0.5218104439914033
2025-04-05 09:56:10,126 - expt-19 - INFO - epoch:4:: train_loss:1.060356600994194 | train_f1_score: 0.5474492913109618
2025-04-05 10:21:02,972 - expt-19 - INFO - epoch:5:: train_loss:1.0312352460144472 | train_f1_score: 0.560603558167791
2025-04-05 10:24:28,188 - expt-19 - INFO -              :: val_loss:1.052850906676049 | val_f1_score:0.5415541006036538
2025-04-05 10:24:30,165 - expt-19 - INFO - model saved @/scratch/opsahoo.eee20.itbhu/Thesis/results/expt-19| 2025-04-05 07:35/weights/epoch-5.pt
2025-04-05 10:34:24,558 - expt-20 - INFO - epoch:1:: train_loss:1.1872849933705598 | train_f1_score: 0.4266850611181301
2025-04-05 10:49:26,367 - expt-19 - INFO - epoch:6:: train_loss:1.0042505307133958 | train_f1_score: 0.5740858377199268
2025-04-05 11:14:25,873 - expt-19 - INFO - epoch:7:: train_loss:0.9761266845856738 | train_f1_score: 0.5821538594476448
2025-04-05 11:39:28,319 - expt-19 - INFO - epoch:8:: train_loss:0.9546066708953818 | train_f1_score: 0.5937164002641773
2025-04-05 11:41:39,011 - expt-20 - INFO - epoch:2:: train_loss:1.154315555000561 | train_f1_score: 0.4578226026214273
2025-04-05 12:04:34,538 - expt-19 - INFO - epoch:9:: train_loss:0.9431140869139495 | train_f1_score: 0.5990076003774192
2025-04-05 12:29:46,708 - expt-19 - INFO - epoch:10:: train_loss:0.9288276261678671 | train_f1_score: 0.605346228727953
2025-04-05 12:33:11,625 - expt-19 - INFO -              :: val_loss:1.012034169872391 | val_f1_score:0.5783451675385683
2025-04-05 12:33:12,755 - expt-19 - INFO - model saved @/scratch/opsahoo.eee20.itbhu/Thesis/results/expt-19| 2025-04-05 07:35/weights/epoch-10.pt
2025-04-05 12:33:14,793 - expt-19 - INFO - -------------------------- Training Complete. --------------------------
2025-04-05 12:33:14,794 - expt-19 - INFO - Done: 298.175 mins.
2025-04-05 12:33:14,794 - expt-19 - INFO - 
2025-04-05 12:33:16,388 - expt-21 - INFO - 
2025-04-05 12:33:16,399 - expt-21 - INFO - ++++++++++++++++++++++++++++++++++++++++++++++++++++++++++++++++++++++++
2025-04-05 12:33:16,403 - expt-21 - INFO - ++++++++++++++++++++++++++ Experiment: 21 ++++++++++++++++++++++++++
2025-04-05 12:33:16,404 - expt-21 - INFO - Description: dropout test for avoid overfitting:: dropout: 0.4
2025-04-05 12:33:16,404 - expt-21 - INFO - 
2025-04-05 12:33:16,404 - expt-21 - INFO - Loading dataset.
2025-04-05 12:33:16,405 - expt-21 - INFO - > Data names: ['microgrid_steady_state_rms', 'microgrid_fault_dataset_rms']
2025-04-05 12:33:16,405 - expt-21 - INFO - > Case range: [1, 2900]
2025-04-05 12:45:19,621 - expt-21 - INFO - 
2025-04-05 12:45:19,621 - expt-21 - INFO - Loading model.
2025-04-05 12:45:19,970 - expt-21 - INFO - > No. of parameters: 18215
2025-04-05 12:45:19,971 - expt-21 - INFO - 
2025-04-05 12:45:19,985 - expt-21 - INFO - Using device: cuda
2025-04-05 12:45:20,023 - expt-21 - INFO - > GPU: Tesla V100-PCIE-16GB
2025-04-05 12:45:20,051 - expt-21 - INFO - 
2025-04-05 12:45:20,051 - expt-21 - INFO - ========== Starting model training. ==========
2025-04-05 12:50:07,037 - expt-20 - INFO - epoch:3:: train_loss:1.1045889544729057 | train_f1_score: 0.5134555710926991
2025-04-05 13:10:18,435 - expt-21 - INFO - epoch:0:: train_loss:1.6594902724479192 | train_f1_score: 0.2579131109225702
2025-04-05 13:13:44,855 - expt-21 - INFO -              :: val_loss:1.388196185637743 | val_f1_score:0.33253296459853693
2025-04-05 13:39:39,601 - expt-21 - INFO - epoch:1:: train_loss:1.31642452465034 | train_f1_score: 0.3964721846716088
2025-04-05 13:58:37,247 - expt-20 - INFO - epoch:4:: train_loss:1.06204896609393 | train_f1_score: 0.537410871631874
2025-04-05 14:05:05,884 - expt-21 - INFO - epoch:2:: train_loss:1.1968975358425236 | train_f1_score: 0.4607526470061442
2025-04-05 14:30:21,750 - expt-21 - INFO - epoch:3:: train_loss:1.1170279101940017 | train_f1_score: 0.5166566055732603
2025-04-05 14:55:34,412 - expt-21 - INFO - epoch:4:: train_loss:1.0599476469366376 | train_f1_score: 0.5610818560570354
2025-04-05 15:05:51,224 - expt-20 - INFO - epoch:5:: train_loss:1.026198583697064 | train_f1_score: 0.5596315430954807
2025-04-05 15:13:43,826 - expt-20 - INFO -              :: val_loss:0.9921390388064414 | val_f1_score:0.5836554870235007
2025-04-05 15:13:44,748 - expt-20 - INFO - model saved @/scratch/opsahoo.eee20.itbhu/Thesis/results/expt-20| 2025-04-05 08:00/weights/epoch-5.pt
2025-04-05 15:20:36,859 - expt-21 - INFO - epoch:5:: train_loss:1.0179503167165245 | train_f1_score: 0.5917820726799042
2025-04-05 15:24:00,518 - expt-21 - INFO -              :: val_loss:1.0969497397433197 | val_f1_score:0.5581172216973151
2025-04-05 15:24:00,549 - expt-21 - INFO - model saved @/scratch/opsahoo.eee20.itbhu/Thesis/results/expt-21| 2025-04-05 12:33/weights/epoch-5.pt
2025-04-05 15:49:15,323 - expt-21 - INFO - epoch:6:: train_loss:0.9906022086827323 | train_f1_score: 0.6075921643824664
2025-04-05 16:14:35,614 - expt-21 - INFO - epoch:7:: train_loss:0.9707093396026302 | train_f1_score: 0.6195504727373079
2025-04-05 16:21:56,846 - expt-20 - INFO - epoch:6:: train_loss:1.0034151375346816 | train_f1_score: 0.5725243920843882
2025-04-05 16:39:43,722 - expt-21 - INFO - epoch:8:: train_loss:0.9559524395614768 | train_f1_score: 0.6271927637077314
2025-04-05 17:04:52,945 - expt-21 - INFO - epoch:9:: train_loss:0.9430922011774402 | train_f1_score: 0.6334807800988097
2025-04-05 17:29:53,704 - expt-20 - INFO - epoch:7:: train_loss:0.981986711075365 | train_f1_score: 0.5851816452793761
2025-04-05 17:30:15,362 - expt-21 - INFO - epoch:10:: train_loss:0.9334276198693062 | train_f1_score: 0.6387360478784426
2025-04-05 17:33:36,007 - expt-21 - INFO -              :: val_loss:1.0179350550020465 | val_f1_score:0.5982699291429948
2025-04-05 17:33:36,232 - expt-21 - INFO - model saved @/scratch/opsahoo.eee20.itbhu/Thesis/results/expt-21| 2025-04-05 12:33/weights/epoch-10.pt
2025-04-05 17:33:36,589 - expt-21 - INFO - -------------------------- Training Complete. --------------------------
2025-04-05 17:33:36,589 - expt-21 - INFO - Done: 300.34 mins.
2025-04-05 17:33:36,589 - expt-21 - INFO - 
2025-04-05 17:33:38,238 - expt-22 - INFO - 
2025-04-05 17:33:38,239 - expt-22 - INFO - ++++++++++++++++++++++++++++++++++++++++++++++++++++++++++++++++++++++++
2025-04-05 17:33:38,240 - expt-22 - INFO - ++++++++++++++++++++++++++ Experiment: 22 ++++++++++++++++++++++++++
2025-04-05 17:33:38,240 - expt-22 - INFO - Description: dropout test for avoid overfitting:: dropout: 0.5
2025-04-05 17:33:38,240 - expt-22 - INFO - 
2025-04-05 17:33:38,240 - expt-22 - INFO - Loading dataset.
2025-04-05 17:33:38,240 - expt-22 - INFO - > Data names: ['microgrid_steady_state_rms', 'microgrid_fault_dataset_rms']
2025-04-05 17:33:38,241 - expt-22 - INFO - > Case range: [1, 2900]
2025-04-05 17:45:09,529 - expt-22 - INFO - 
2025-04-05 17:45:09,529 - expt-22 - INFO - Loading model.
2025-04-05 17:45:09,538 - expt-22 - INFO - > No. of parameters: 18215
2025-04-05 17:45:09,538 - expt-22 - INFO - 
2025-04-05 17:45:09,539 - expt-22 - INFO - Using device: cuda
2025-04-05 17:45:09,539 - expt-22 - INFO - > GPU: Tesla V100-PCIE-16GB
2025-04-05 17:45:09,542 - expt-22 - INFO - 
2025-04-05 17:45:09,542 - expt-22 - INFO - ========== Starting model training. ==========
2025-04-05 18:09:47,977 - expt-22 - INFO - epoch:0:: train_loss:1.4742167963211774 | train_f1_score: 0.2634126797947513
2025-04-05 18:13:14,382 - expt-22 - INFO -              :: val_loss:1.3411644533325373 | val_f1_score:0.3274744003991549
2025-04-05 18:37:51,271 - expt-22 - INFO - epoch:1:: train_loss:1.2346966767347092 | train_f1_score: 0.3998291703919915
2025-04-05 18:38:50,493 - expt-20 - INFO - epoch:8:: train_loss:0.9666809433606944 | train_f1_score: 0.598365671730119
2025-04-05 19:02:31,971 - expt-22 - INFO - epoch:2:: train_loss:1.1426969226377928 | train_f1_score: 0.49369444100794363
2025-04-05 19:27:26,427 - expt-22 - INFO - epoch:3:: train_loss:1.0828373712896828 | train_f1_score: 0.5366021846761998
2025-04-05 19:47:20,974 - expt-20 - INFO - epoch:9:: train_loss:0.9511829679751995 | train_f1_score: 0.6117601520903565
2025-04-05 19:52:03,969 - expt-22 - INFO - epoch:4:: train_loss:1.0404303146960736 | train_f1_score: 0.5647583106358008
2025-04-05 20:16:55,058 - expt-22 - INFO - epoch:5:: train_loss:1.0114449666285372 | train_f1_score: 0.5888093733825507
2025-04-05 20:20:25,373 - expt-22 - INFO -              :: val_loss:1.179861714033662 | val_f1_score:0.5051615086966853
2025-04-05 20:20:26,586 - expt-22 - INFO - model saved @/scratch/opsahoo.eee20.itbhu/Thesis/results/expt-22| 2025-04-05 17:33/weights/epoch-5.pt
2025-04-05 20:45:06,596 - expt-22 - INFO - epoch:6:: train_loss:0.9887791254369798 | train_f1_score: 0.6027302237548656
2025-04-05 20:55:39,972 - expt-20 - INFO - epoch:10:: train_loss:0.9386017186520526 | train_f1_score: 0.6193612188602999
2025-04-05 21:03:46,566 - expt-20 - INFO -              :: val_loss:0.9196041445563691 | val_f1_score:0.6411425242825498
2025-04-05 21:03:46,891 - expt-20 - INFO - model saved @/scratch/opsahoo.eee20.itbhu/Thesis/results/expt-20| 2025-04-05 08:00/weights/epoch-10.pt
2025-04-05 21:03:53,778 - expt-20 - INFO - -------------------------- Training Complete. --------------------------
2025-04-05 21:03:53,810 - expt-20 - INFO - Done: 783.748 mins.
2025-04-05 21:03:53,811 - expt-20 - INFO - 
2025-04-05 21:10:25,577 - expt-22 - INFO - epoch:7:: train_loss:0.9737918756204198 | train_f1_score: 0.6114585356015231
2025-04-05 21:35:01,654 - expt-22 - INFO - epoch:8:: train_loss:0.9603960851332546 | train_f1_score: 0.6180387731793378
2025-04-05 21:59:57,639 - expt-22 - INFO - epoch:9:: train_loss:0.9538007592438931 | train_f1_score: 0.6248503800330385
2025-04-05 22:24:55,811 - expt-22 - INFO - epoch:10:: train_loss:0.9412444179024438 | train_f1_score: 0.6305025988166689
2025-04-05 22:28:17,600 - expt-22 - INFO -              :: val_loss:1.0271975002361282 | val_f1_score:0.5688524441436856
2025-04-05 22:28:19,648 - expt-22 - INFO - model saved @/scratch/opsahoo.eee20.itbhu/Thesis/results/expt-22| 2025-04-05 17:33/weights/epoch-10.pt
2025-04-05 22:28:24,554 - expt-22 - INFO - -------------------------- Training Complete. --------------------------
2025-04-05 22:28:24,555 - expt-22 - INFO - Done: 294.778 mins.
2025-04-05 22:28:24,555 - expt-22 - INFO - 
2025-04-05 22:28:26,075 - expt-23 - INFO - 
2025-04-05 22:28:26,076 - expt-23 - INFO - ++++++++++++++++++++++++++++++++++++++++++++++++++++++++++++++++++++++++
2025-04-05 22:28:26,076 - expt-23 - INFO - ++++++++++++++++++++++++++ Experiment: 23 ++++++++++++++++++++++++++
2025-04-05 22:28:26,076 - expt-23 - INFO - Description: dropout test for avoid overfitting:: dropout: 0.7
2025-04-05 22:28:26,076 - expt-23 - INFO - 
2025-04-05 22:28:26,076 - expt-23 - INFO - Loading dataset.
2025-04-05 22:28:26,077 - expt-23 - INFO - > Data names: ['microgrid_steady_state_rms', 'microgrid_fault_dataset_rms']
2025-04-05 22:28:26,077 - expt-23 - INFO - > Case range: [1, 2900]
2025-04-05 22:41:28,836 - expt-23 - INFO - 
2025-04-05 22:41:28,836 - expt-23 - INFO - Loading model.
2025-04-05 22:41:29,327 - expt-23 - INFO - > No. of parameters: 18215
2025-04-05 22:41:29,327 - expt-23 - INFO - 
2025-04-05 22:41:29,345 - expt-23 - INFO - Using device: cuda
2025-04-05 22:41:29,488 - expt-23 - INFO - > GPU: Tesla V100-PCIE-16GB
2025-04-05 22:41:29,504 - expt-23 - INFO - 
2025-04-05 22:41:29,505 - expt-23 - INFO - ========== Starting model training. ==========
2025-04-05 23:06:26,412 - expt-23 - INFO - epoch:0:: train_loss:1.4681880284350204 | train_f1_score: 0.26588061679265373
2025-04-05 23:09:47,733 - expt-23 - INFO -              :: val_loss:1.529029323671356 | val_f1_score:0.27248479112468393
2025-04-05 23:34:36,614 - expt-23 - INFO - epoch:1:: train_loss:1.195968670194913 | train_f1_score: 0.3824923697710177
2025-04-05 23:59:57,334 - expt-23 - INFO - epoch:2:: train_loss:1.1125177016205041 | train_f1_score: 0.4753053702445138
2025-04-06 00:25:14,378 - expt-23 - INFO - epoch:3:: train_loss:1.0708752653262208 | train_f1_score: 0.5171336923863082
2025-04-06 00:49:57,491 - expt-23 - INFO - epoch:4:: train_loss:1.0463011866886882 | train_f1_score: 0.5451362517277223
2025-04-06 01:14:50,824 - expt-23 - INFO - epoch:5:: train_loss:1.0239067903386168 | train_f1_score: 0.5572099908463374
2025-04-06 01:18:14,665 - expt-23 - INFO -              :: val_loss:1.692439067870327 | val_f1_score:0.35113026564259403
2025-04-06 01:18:15,578 - expt-23 - INFO - model saved @/scratch/opsahoo.eee20.itbhu/Thesis/results/expt-23| 2025-04-05 22:28/weights/epoch-5.pt
2025-04-06 01:43:03,557 - expt-23 - INFO - epoch:6:: train_loss:1.008345328610526 | train_f1_score: 0.5692022006260476
2025-04-06 02:08:07,113 - expt-23 - INFO - epoch:7:: train_loss:0.9973175776720457 | train_f1_score: 0.5820878699098185
2025-04-06 02:33:00,955 - expt-23 - INFO - epoch:8:: train_loss:0.9860222305645466 | train_f1_score: 0.5945608667998885
2025-04-06 02:57:42,697 - expt-23 - INFO - epoch:9:: train_loss:0.976213468835724 | train_f1_score: 0.6008266455449537
2025-04-06 03:22:44,727 - expt-23 - INFO - epoch:10:: train_loss:0.9690736916509665 | train_f1_score: 0.6089630138501236
2025-04-06 03:26:06,650 - expt-23 - INFO -              :: val_loss:1.5385518969748853 | val_f1_score:0.4770488682734223
2025-04-06 03:26:08,635 - expt-23 - INFO - model saved @/scratch/opsahoo.eee20.itbhu/Thesis/results/expt-23| 2025-04-05 22:28/weights/epoch-10.pt
2025-04-06 03:26:10,904 - expt-23 - INFO - -------------------------- Training Complete. --------------------------
2025-04-06 03:26:10,904 - expt-23 - INFO - Done: 297.752 mins.
2025-04-06 03:26:10,905 - expt-23 - INFO - 
2025-04-06 10:43:50,054 - expt-24 - INFO - 
2025-04-06 10:43:50,073 - expt-24 - INFO - ++++++++++++++++++++++++++++++++++++++++++++++++++++++++++++++++++++++++
2025-04-06 10:43:50,073 - expt-24 - INFO - ++++++++++++++++++++++++++ Experiment: 24 ++++++++++++++++++++++++++
2025-04-06 10:43:50,073 - expt-24 - INFO - Description: Description: n_layer=6 for this model with d_model=256
2025-04-06 10:43:50,073 - expt-24 - INFO - 
2025-04-06 10:43:50,073 - expt-24 - INFO - Loading dataset.
2025-04-06 10:43:50,074 - expt-24 - INFO - > Data names: ['microgrid_steady_state_rms', 'microgrid_fault_dataset_rms']
2025-04-06 10:43:50,074 - expt-24 - INFO - > Case range: [1, 2900]
2025-04-06 10:57:31,822 - expt-24 - INFO - 
2025-04-06 10:57:31,822 - expt-24 - INFO - Loading model.
2025-04-06 10:57:32,586 - expt-24 - INFO - > No. of parameters: 50727
2025-04-06 10:57:32,594 - expt-24 - INFO - 
2025-04-06 10:57:32,607 - expt-24 - INFO - Using device: cuda
2025-04-06 10:57:33,860 - expt-24 - INFO - > GPU: Tesla V100-PCIE-16GB
2025-04-06 10:57:36,292 - expt-24 - INFO - 
2025-04-06 10:57:36,293 - expt-24 - INFO - ========== Starting model training. ==========
2025-04-06 12:03:53,394 - expt-24 - INFO - epoch:0:: train_loss:1.8692703932283288 | train_f1_score: 0.20935970648246136
2025-04-06 12:11:31,949 - expt-24 - INFO -              :: val_loss:1.6474628664714175 | val_f1_score:0.29578979893810503
2025-04-06 13:15:11,055 - expt-24 - INFO - epoch:1:: train_loss:1.5220567414586383 | train_f1_score: 0.3725648659639937
2025-04-06 14:18:51,706 - expt-24 - INFO - epoch:2:: train_loss:1.3444309772043692 | train_f1_score: 0.4245850257573451
2025-04-06 15:22:52,325 - expt-24 - INFO - epoch:3:: train_loss:1.2627057150752747 | train_f1_score: 0.46310027898748723
2025-04-06 16:26:21,148 - expt-24 - INFO - epoch:4:: train_loss:1.2159731968670893 | train_f1_score: 0.4867341787883187
2025-04-06 17:30:11,995 - expt-24 - INFO - epoch:5:: train_loss:1.1708945466114373 | train_f1_score: 0.5132231131492392
2025-04-06 17:37:34,803 - expt-24 - INFO -              :: val_loss:1.1382012326873088 | val_f1_score:0.5140303761747294
2025-04-06 17:37:37,069 - expt-24 - INFO - model saved @/scratch/opsahoo.eee20.itbhu/Thesis/results/expt-24| 2025-04-06 10:43/weights/epoch-5.pt
2025-04-06 18:41:27,999 - expt-24 - INFO - epoch:6:: train_loss:1.1373077538884386 | train_f1_score: 0.5297068006327795
2025-04-06 19:26:30,392 - expt-25 - INFO - 
2025-04-06 19:26:30,407 - expt-25 - INFO - ++++++++++++++++++++++++++++++++++++++++++++++++++++++++++++++++++++++++
2025-04-06 19:26:30,408 - expt-25 - INFO - ++++++++++++++++++++++++++ Experiment: 25 ++++++++++++++++++++++++++
2025-04-06 19:26:30,408 - expt-25 - INFO - Description: n_head = 4 for this model with d_model=256
2025-04-06 19:26:30,408 - expt-25 - INFO - 
2025-04-06 19:26:30,408 - expt-25 - INFO - Loading dataset.
2025-04-06 19:26:30,408 - expt-25 - INFO - > Data names: ['microgrid_steady_state_rms', 'microgrid_fault_dataset_rms']
2025-04-06 19:26:30,409 - expt-25 - INFO - > Case range: [1, 2900]
2025-04-06 19:38:53,249 - expt-25 - INFO - 
2025-04-06 19:38:53,273 - expt-25 - INFO - Loading model.
2025-04-06 19:38:53,563 - expt-25 - INFO - > No. of parameters: 26343
2025-04-06 19:38:53,563 - expt-25 - INFO - 
2025-04-06 19:38:53,564 - expt-25 - INFO - Using device: cuda
2025-04-06 19:38:54,695 - expt-25 - INFO - > GPU: Tesla V100-PCIE-16GB
2025-04-06 19:38:56,943 - expt-25 - INFO - 
2025-04-06 19:38:56,943 - expt-25 - INFO - ========== Starting model training. ==========
2025-04-06 19:46:03,340 - expt-24 - INFO - epoch:7:: train_loss:1.107751404963866 | train_f1_score: 0.5441145640563806
2025-04-06 20:04:10,782 - expt-25 - INFO - epoch:0:: train_loss:1.7548967513878346 | train_f1_score: 0.21398473830688555
2025-04-06 20:07:17,670 - expt-25 - INFO -              :: val_loss:1.5586043490288508 | val_f1_score:0.2278947820208456
2025-04-06 20:30:43,952 - expt-25 - INFO - epoch:1:: train_loss:1.55310085380365 | train_f1_score: 0.26503536879732786
2025-04-06 20:49:54,335 - expt-24 - INFO - epoch:8:: train_loss:1.0989113708684661 | train_f1_score: 0.5460004650285574
2025-04-06 20:53:43,125 - expt-25 - INFO - epoch:2:: train_loss:1.4488608859725682 | train_f1_score: 0.3396318367952443
2025-04-06 21:16:58,457 - expt-25 - INFO - epoch:3:: train_loss:1.359099853123872 | train_f1_score: 0.39098486888630657
2025-04-06 21:40:20,347 - expt-25 - INFO - epoch:4:: train_loss:1.315536249122548 | train_f1_score: 0.4183363717451446
2025-04-06 21:53:23,630 - expt-24 - INFO - epoch:9:: train_loss:1.0835009362126018 | train_f1_score: 0.5540042787190638
2025-04-06 22:03:44,286 - expt-25 - INFO - epoch:5:: train_loss:1.2809297871821517 | train_f1_score: 0.4396570526134814
2025-04-06 22:06:52,360 - expt-25 - INFO -              :: val_loss:1.1939938695058425 | val_f1_score:0.47722092303320124
2025-04-06 22:06:53,787 - expt-25 - INFO - model saved @/scratch/opsahoo.eee20.itbhu/Thesis/results/expt-25| 2025-04-06 19:26/weights/epoch-5.pt
2025-04-06 22:30:14,864 - expt-25 - INFO - epoch:6:: train_loss:1.2600863341871702 | train_f1_score: 0.45082963316767666
2025-04-06 22:53:27,066 - expt-25 - INFO - epoch:7:: train_loss:1.2366197149361904 | train_f1_score: 0.4599676018859166
2025-04-06 22:56:53,735 - expt-24 - INFO - epoch:10:: train_loss:1.0750313106963612 | train_f1_score: 0.5568767748931676
2025-04-06 23:04:03,049 - expt-24 - INFO -              :: val_loss:0.994097299705183 | val_f1_score:0.6026080799187209
2025-04-06 23:04:03,432 - expt-24 - INFO - model saved @/scratch/opsahoo.eee20.itbhu/Thesis/results/expt-24| 2025-04-06 10:43/weights/epoch-10.pt
2025-04-06 23:04:03,815 - expt-24 - INFO - -------------------------- Training Complete. --------------------------
2025-04-06 23:04:03,816 - expt-24 - INFO - Done: 12.0Hr 20.244000000000028 Mins.
2025-04-06 23:04:03,816 - expt-24 - INFO - 
2025-04-06 23:04:07,259 - expt-26 - INFO - 
2025-04-06 23:04:07,270 - expt-26 - INFO - ++++++++++++++++++++++++++++++++++++++++++++++++++++++++++++++++++++++++
2025-04-06 23:04:07,275 - expt-26 - INFO - ++++++++++++++++++++++++++ Experiment: 26 ++++++++++++++++++++++++++
2025-04-06 23:04:07,277 - expt-26 - INFO - Description: Description: n_layer=7 for this model with d_model=256
2025-04-06 23:04:07,277 - expt-26 - INFO - 
2025-04-06 23:04:07,278 - expt-26 - INFO - Loading dataset.
2025-04-06 23:04:07,278 - expt-26 - INFO - > Data names: ['microgrid_steady_state_rms', 'microgrid_fault_dataset_rms']
2025-04-06 23:04:07,278 - expt-26 - INFO - > Case range: [1, 2900]
2025-04-06 23:16:08,207 - expt-26 - INFO - 
2025-04-06 23:16:08,345 - expt-26 - INFO - Loading model.
2025-04-06 23:16:08,393 - expt-26 - INFO - > No. of parameters: 58855
2025-04-06 23:16:08,393 - expt-26 - INFO - 
2025-04-06 23:16:08,485 - expt-26 - INFO - Using device: cuda
2025-04-06 23:16:08,528 - expt-26 - INFO - > GPU: Tesla V100-PCIE-16GB
2025-04-06 23:16:08,584 - expt-26 - INFO - 
2025-04-06 23:16:08,584 - expt-26 - INFO - ========== Starting model training. ==========
2025-04-06 23:17:15,225 - expt-25 - INFO - epoch:8:: train_loss:1.220788675590052 | train_f1_score: 0.46923046199368407
2025-04-06 23:40:21,278 - expt-25 - INFO - epoch:9:: train_loss:1.2106265489427426 | train_f1_score: 0.475682262123787
2025-04-07 00:04:03,310 - expt-25 - INFO - epoch:10:: train_loss:1.1965667486011065 | train_f1_score: 0.4770844892888116
2025-04-07 00:07:15,244 - expt-25 - INFO -              :: val_loss:1.107822247606042 | val_f1_score:0.549150393060075
2025-04-07 00:07:16,212 - expt-25 - INFO - model saved @/scratch/opsahoo.eee20.itbhu/Thesis/results/expt-25| 2025-04-06 19:26/weights/epoch-10.pt
2025-04-07 00:07:18,711 - expt-25 - INFO - -------------------------- Training Complete. --------------------------
2025-04-07 00:07:18,712 - expt-25 - INFO - Done: 4.0Hr 40.815999999999974 Mins.
2025-04-07 00:07:18,712 - expt-25 - INFO - 
2025-04-07 00:07:20,540 - expt-27 - INFO - 
2025-04-07 00:07:20,547 - expt-27 - INFO - ++++++++++++++++++++++++++++++++++++++++++++++++++++++++++++++++++++++++
2025-04-07 00:07:20,548 - expt-27 - INFO - ++++++++++++++++++++++++++ Experiment: 27 ++++++++++++++++++++++++++
2025-04-07 00:07:20,548 - expt-27 - INFO - Description: n_head = 8 for this model with d_model=256
2025-04-07 00:07:20,548 - expt-27 - INFO - 
2025-04-07 00:07:20,548 - expt-27 - INFO - Loading dataset.
2025-04-07 00:07:20,548 - expt-27 - INFO - > Data names: ['microgrid_steady_state_rms', 'microgrid_fault_dataset_rms']
2025-04-07 00:07:20,549 - expt-27 - INFO - > Case range: [1, 2900]
2025-04-07 00:20:33,221 - expt-27 - INFO - 
2025-04-07 00:20:33,222 - expt-27 - INFO - Loading model.
2025-04-07 00:20:33,957 - expt-27 - INFO - > No. of parameters: 26343
2025-04-07 00:20:33,957 - expt-27 - INFO - 
2025-04-07 00:20:33,958 - expt-27 - INFO - Using device: cuda
2025-04-07 00:20:34,006 - expt-27 - INFO - > GPU: Tesla V100-PCIE-16GB
2025-04-07 00:20:34,014 - expt-27 - INFO - 
2025-04-07 00:20:34,014 - expt-27 - INFO - ========== Starting model training. ==========
2025-04-07 00:30:14,850 - expt-26 - INFO - epoch:0:: train_loss:1.935462134030013 | train_f1_score: 0.11852211561325669
2025-04-07 00:38:22,521 - expt-26 - INFO -              :: val_loss:1.931318388362315 | val_f1_score:0.050327441787336676
2025-04-07 00:54:24,759 - expt-27 - INFO - epoch:0:: train_loss:1.751916235159593 | train_f1_score: 0.2809667466316369
2025-04-07 00:58:52,640 - expt-27 - INFO -              :: val_loss:1.5049146822666877 | val_f1_score:0.37053974304046156
2025-04-07 01:33:07,569 - expt-27 - INFO - epoch:1:: train_loss:1.48079771778033 | train_f1_score: 0.37454048806987567
2025-04-07 01:50:58,854 - expt-26 - INFO - epoch:1:: train_loss:1.7833554030317609 | train_f1_score: 0.22015384039771885
2025-04-07 02:07:13,276 - expt-27 - INFO - epoch:2:: train_loss:1.3714972864326889 | train_f1_score: 0.4076095146778265
2025-04-07 02:41:23,463 - expt-27 - INFO - epoch:3:: train_loss:1.3180727769491083 | train_f1_score: 0.4244526148687552
2025-04-07 03:03:21,831 - expt-26 - INFO - epoch:2:: train_loss:1.5282879299100516 | train_f1_score: 0.3338668798632692
2025-04-07 03:15:38,653 - expt-27 - INFO - epoch:4:: train_loss:1.284157942024862 | train_f1_score: 0.4490080431990256
2025-04-07 03:49:28,881 - expt-27 - INFO - epoch:5:: train_loss:1.2616552235882297 | train_f1_score: 0.46096906993961245
2025-04-07 03:53:51,233 - expt-27 - INFO -              :: val_loss:1.148323760213274 | val_f1_score:0.5046567548597266
2025-04-07 03:53:51,564 - expt-27 - INFO - model saved @/scratch/opsahoo.eee20.itbhu/Thesis/results/expt-27| 2025-04-07 00:07/weights/epoch-5.pt
2025-04-07 04:15:45,678 - expt-26 - INFO - epoch:3:: train_loss:1.4010288107093767 | train_f1_score: 0.3912949770445366
2025-04-07 04:27:54,413 - expt-27 - INFO - epoch:6:: train_loss:1.2466551701448572 | train_f1_score: 0.47165538748759467
2025-04-07 05:02:14,780 - expt-27 - INFO - epoch:7:: train_loss:1.232237849581534 | train_f1_score: 0.4815931883678664
2025-04-07 05:28:03,072 - expt-26 - INFO - epoch:4:: train_loss:1.3615240004559384 | train_f1_score: 0.4125915434848852
2025-04-07 05:36:03,442 - expt-27 - INFO - epoch:8:: train_loss:1.219727336660851 | train_f1_score: 0.4938051722280289
2025-04-07 06:09:43,954 - expt-27 - INFO - epoch:9:: train_loss:1.2017891022706066 | train_f1_score: 0.5011993576664396
2025-04-07 06:40:15,875 - expt-26 - INFO - epoch:5:: train_loss:1.3121103898967121 | train_f1_score: 0.4363336756794563
2025-04-07 06:43:25,823 - expt-27 - INFO - epoch:10:: train_loss:1.1915959374766087 | train_f1_score: 0.5099949200341122
2025-04-07 06:47:50,701 - expt-27 - INFO -              :: val_loss:1.0963281554236644 | val_f1_score:0.5521606472912487
2025-04-07 06:47:51,673 - expt-27 - INFO - model saved @/scratch/opsahoo.eee20.itbhu/Thesis/results/expt-27| 2025-04-07 00:07/weights/epoch-10.pt
2025-04-07 06:47:53,251 - expt-27 - INFO - -------------------------- Training Complete. --------------------------
2025-04-07 06:47:53,252 - expt-27 - INFO - Done: 6.0Hr 40.548 Mins.
2025-04-07 06:47:53,252 - expt-27 - INFO - 
2025-04-07 06:47:54,566 - expt-28 - INFO - 
2025-04-07 06:47:54,567 - expt-28 - INFO - ++++++++++++++++++++++++++++++++++++++++++++++++++++++++++++++++++++++++
2025-04-07 06:47:54,567 - expt-28 - INFO - ++++++++++++++++++++++++++ Experiment: 28 ++++++++++++++++++++++++++
2025-04-07 06:47:54,567 - expt-28 - INFO - Description: n_head = 16 for this model with d_model=256
2025-04-07 06:47:54,567 - expt-28 - INFO - 
2025-04-07 06:47:54,567 - expt-28 - INFO - Loading dataset.
2025-04-07 06:47:54,567 - expt-28 - INFO - > Data names: ['microgrid_steady_state_rms', 'microgrid_fault_dataset_rms']
2025-04-07 06:47:54,568 - expt-28 - INFO - > Case range: [1, 2900]
2025-04-07 06:48:26,334 - expt-26 - INFO -              :: val_loss:1.2073137318706397 | val_f1_score:0.47700805270187835
2025-04-07 06:48:26,430 - expt-26 - INFO - model saved @/scratch/opsahoo.eee20.itbhu/Thesis/results/expt-26| 2025-04-06 23:04/weights/epoch-5.pt
2025-04-07 06:58:34,532 - expt-28 - INFO - 
2025-04-07 06:58:34,532 - expt-28 - INFO - Loading model.
2025-04-07 06:58:35,016 - expt-28 - INFO - > No. of parameters: 26343
2025-04-07 06:58:35,016 - expt-28 - INFO - 
2025-04-07 06:58:35,049 - expt-28 - INFO - Using device: cuda
2025-04-07 06:58:35,063 - expt-28 - INFO - > GPU: Tesla V100-PCIE-16GB
2025-04-07 06:58:35,069 - expt-28 - INFO - 
2025-04-07 06:58:35,069 - expt-28 - INFO - ========== Starting model training. ==========
2025-04-07 07:54:17,716 - expt-28 - INFO - epoch:0:: train_loss:1.766510523346805 | train_f1_score: 0.22861346030068427
2025-04-07 08:01:06,307 - expt-28 - INFO -              :: val_loss:1.5410731264876327 | val_f1_score:0.2930810650789119
2025-04-07 08:01:39,061 - expt-26 - INFO - epoch:6:: train_loss:1.291308195378081 | train_f1_score: 0.4456225746410102
2025-04-07 08:56:53,319 - expt-28 - INFO - epoch:1:: train_loss:1.5649952494158326 | train_f1_score: 0.2968168511784703
2025-04-07 09:14:12,483 - expt-26 - INFO - epoch:7:: train_loss:1.2709595828864901 | train_f1_score: 0.4535203872363112
2025-04-07 09:52:13,370 - expt-28 - INFO - epoch:2:: train_loss:1.5339037960143895 | train_f1_score: 0.30704179550817434
2025-04-07 10:27:35,405 - expt-26 - INFO - epoch:8:: train_loss:1.258961961815708 | train_f1_score: 0.454026233057699
2025-04-07 10:47:45,684 - expt-28 - INFO - epoch:3:: train_loss:1.4944362001091427 | train_f1_score: 0.3090133813076711
2025-04-07 11:40:21,868 - expt-26 - INFO - epoch:9:: train_loss:1.2425442955750798 | train_f1_score: 0.46154985348252886
2025-04-07 11:43:17,093 - expt-28 - INFO - epoch:4:: train_loss:1.4830080965497647 | train_f1_score: 0.31038460756191216
2025-04-07 12:39:00,004 - expt-28 - INFO - epoch:5:: train_loss:1.4347623873420636 | train_f1_score: 0.30868341552843864
2025-04-07 12:45:51,913 - expt-28 - INFO -              :: val_loss:1.3854382725881986 | val_f1_score:0.299564646096053
2025-04-07 12:45:53,436 - expt-28 - INFO - model saved @/scratch/opsahoo.eee20.itbhu/Thesis/results/expt-28| 2025-04-07 06:47/weights/epoch-5.pt
2025-04-07 12:53:04,394 - expt-26 - INFO - epoch:10:: train_loss:1.2262122562602953 | train_f1_score: 0.4720876303428397
2025-04-07 13:01:15,944 - expt-26 - INFO -              :: val_loss:1.1363883986943155 | val_f1_score:0.5164323952861575
2025-04-07 13:01:16,162 - expt-26 - INFO - model saved @/scratch/opsahoo.eee20.itbhu/Thesis/results/expt-26| 2025-04-06 23:04/weights/epoch-10.pt
2025-04-07 13:01:16,424 - expt-26 - INFO - -------------------------- Training Complete. --------------------------
2025-04-07 13:01:16,425 - expt-26 - INFO - Done: 13.0Hr 57.18700000000001 Mins.
2025-04-07 13:01:16,425 - expt-26 - INFO - 
2025-04-07 13:43:02,756 - expt-28 - INFO - epoch:6:: train_loss:1.4066572840913163 | train_f1_score: 0.326845668895589
2025-04-07 14:38:47,716 - expt-28 - INFO - epoch:7:: train_loss:1.3754427790007377 | train_f1_score: 0.3421944050736924
2025-04-07 15:34:33,242 - expt-28 - INFO - epoch:8:: train_loss:1.436529314297992 | train_f1_score: 0.33552756397870953
2025-04-07 16:30:05,129 - expt-28 - INFO - epoch:9:: train_loss:1.3751165230740656 | train_f1_score: 0.3296223214407638
2025-04-07 17:25:34,591 - expt-28 - INFO - epoch:10:: train_loss:1.36071575709212 | train_f1_score: 0.3385686445386674
2025-04-07 17:32:16,262 - expt-28 - INFO -              :: val_loss:1.3188446141792864 | val_f1_score:0.33039631941626
2025-04-07 17:32:17,629 - expt-28 - INFO - model saved @/scratch/opsahoo.eee20.itbhu/Thesis/results/expt-28| 2025-04-07 06:47/weights/epoch-10.pt
2025-04-07 17:32:20,679 - expt-28 - INFO - -------------------------- Training Complete. --------------------------
2025-04-07 17:32:20,680 - expt-28 - INFO - Done: 10.0Hr 44.43700000000001 Mins.
2025-04-07 17:32:20,680 - expt-28 - INFO - 
2025-04-07 17:32:22,508 - expt-29 - INFO - 
2025-04-07 17:32:22,510 - expt-29 - INFO - ++++++++++++++++++++++++++++++++++++++++++++++++++++++++++++++++++++++++
2025-04-07 17:32:22,510 - expt-29 - INFO - ++++++++++++++++++++++++++ Experiment: 29 ++++++++++++++++++++++++++
2025-04-07 17:32:22,510 - expt-29 - INFO - Description: n_head = 32 for this model with d_model=256
2025-04-07 17:32:22,510 - expt-29 - INFO - 
2025-04-07 17:32:22,510 - expt-29 - INFO - Loading dataset.
2025-04-07 17:32:22,511 - expt-29 - INFO - > Data names: ['microgrid_steady_state_rms', 'microgrid_fault_dataset_rms']
2025-04-07 17:32:22,511 - expt-29 - INFO - > Case range: [1, 2900]
2025-04-07 17:43:14,288 - expt-29 - INFO - 
2025-04-07 17:43:14,289 - expt-29 - INFO - Loading model.
2025-04-07 17:43:14,522 - expt-29 - INFO - > No. of parameters: 26343
2025-04-07 17:43:14,522 - expt-29 - INFO - 
2025-04-07 17:43:14,542 - expt-29 - INFO - Using device: cuda
2025-04-07 17:43:14,589 - expt-29 - INFO - > GPU: Tesla V100-PCIE-16GB
2025-04-07 17:43:14,789 - expt-29 - INFO - 
2025-04-07 17:43:14,789 - expt-29 - INFO - ========== Starting model training. ==========
2025-04-07 18:16:57,554 - expt-30 - INFO - 
2025-04-07 18:16:57,564 - expt-30 - INFO - ++++++++++++++++++++++++++++++++++++++++++++++++++++++++++++++++++++++++
2025-04-07 18:16:57,564 - expt-30 - INFO - ++++++++++++++++++++++++++ Experiment: 30 ++++++++++++++++++++++++++
2025-04-07 18:16:57,565 - expt-30 - INFO - Description: training model with all dataset
2025-04-07 18:16:57,565 - expt-30 - INFO - 
2025-04-07 18:16:57,565 - expt-30 - INFO - Loading dataset.
2025-04-07 18:16:57,565 - expt-30 - INFO - > Data names: ['microgrid_steady_state_rms', 'microgrid_fault_dataset_rms', 'All_DER_outage_grid_fault_CSV', 'microgrid_steady_state_rms_islanded', 'All_DER_outage_islanded_fault_CSV']
2025-04-07 18:16:57,565 - expt-30 - INFO - > Case range: [1, 8629]
2025-04-07 18:38:35,342 - expt-30 - INFO - 
2025-04-07 18:38:35,365 - expt-30 - INFO - Loading model.
2025-04-07 18:38:35,688 - expt-30 - INFO - > No. of parameters: 26343
2025-04-07 18:38:35,688 - expt-30 - INFO - 
2025-04-07 18:38:35,697 - expt-30 - INFO - Using device: cuda
2025-04-07 18:38:36,944 - expt-30 - INFO - > GPU: Tesla V100-PCIE-16GB
2025-04-07 18:38:38,438 - expt-30 - INFO - 
2025-04-07 18:38:38,438 - expt-30 - INFO - ========== Starting model training. ==========
2025-04-07 19:21:17,012 - expt-29 - INFO - epoch:0:: train_loss:1.7616252621338604 | train_f1_score: 0.20241522908882667
2025-04-07 19:27:02,381 - expt-30 - INFO - epoch:0:: train_loss:1.6003192708903444 | train_f1_score: 0.2815938086882143
2025-04-07 19:32:38,624 - expt-29 - INFO -              :: val_loss:1.5806481548397735 | val_f1_score:0.2081178094889268
2025-04-07 19:33:18,062 - expt-30 - INFO -              :: val_loss:1.3750289072427595 | val_f1_score:0.3696778080989843
2025-04-07 20:20:46,539 - expt-30 - INFO - epoch:1:: train_loss:1.3976659364636872 | train_f1_score: 0.35200489879662195
2025-04-07 21:08:24,000 - expt-30 - INFO - epoch:2:: train_loss:1.3411409612382537 | train_f1_score: 0.38351481280648
2025-04-07 21:08:25,846 - expt-30 - INFO - model saved @/scratch/opsahoo.eee20.itbhu/Thesis/results/expt-30| 2025-04-07 18:16/weights/epoch-2.pt
2025-04-07 21:10:40,558 - expt-29 - INFO - epoch:1:: train_loss:1.5663183695004037 | train_f1_score: 0.2566562225247359
2025-04-07 21:56:12,797 - expt-30 - INFO - epoch:3:: train_loss:1.3069896855383503 | train_f1_score: 0.40615087502236463
2025-04-07 22:02:25,607 - expt-30 - INFO -              :: val_loss:1.2140584807639967 | val_f1_score:0.4838864966913981
2025-04-07 22:48:33,254 - expt-29 - INFO - epoch:2:: train_loss:1.4556897151252983 | train_f1_score: 0.31530766554641426
2025-04-07 22:49:56,178 - expt-30 - INFO - epoch:4:: train_loss:1.289923379994344 | train_f1_score: 0.4245986744741052
2025-04-07 22:49:57,011 - expt-30 - INFO - model saved @/scratch/opsahoo.eee20.itbhu/Thesis/results/expt-30| 2025-04-07 18:16/weights/epoch-4.pt
2025-04-07 23:37:41,463 - expt-30 - INFO - epoch:5:: train_loss:1.268549678502074 | train_f1_score: 0.4407013897540532
2025-04-08 00:25:28,560 - expt-30 - INFO - epoch:6:: train_loss:1.2515763858862996 | train_f1_score: 0.4535380001710037
2025-04-08 00:27:35,687 - expt-29 - INFO - epoch:3:: train_loss:1.4008599231066001 | train_f1_score: 0.36341912748994243
2025-04-08 00:31:40,386 - expt-30 - INFO -              :: val_loss:1.1593442239562277 | val_f1_score:0.5555266148804024
2025-04-08 00:31:40,635 - expt-30 - INFO - model saved @/scratch/opsahoo.eee20.itbhu/Thesis/results/expt-30| 2025-04-07 18:16/weights/epoch-6.pt
2025-04-08 01:19:15,909 - expt-30 - INFO - epoch:7:: train_loss:1.2359250870478835 | train_f1_score: 0.4619204371944217
2025-04-08 02:06:25,574 - expt-29 - INFO - epoch:4:: train_loss:1.3646599987096788 | train_f1_score: 0.38670529336930265
2025-04-08 02:09:34,902 - expt-30 - INFO - epoch:8:: train_loss:1.2203269848549252 | train_f1_score: 0.4745912750504517
2025-04-08 02:09:37,328 - expt-30 - INFO - model saved @/scratch/opsahoo.eee20.itbhu/Thesis/results/expt-30| 2025-04-07 18:16/weights/epoch-8.pt
2025-04-08 02:56:47,584 - expt-30 - INFO - epoch:9:: train_loss:1.21418753341845 | train_f1_score: 0.47952783505336083
2025-04-08 03:02:55,133 - expt-30 - INFO -              :: val_loss:1.1086669225979986 | val_f1_score:0.5704143644722252
2025-04-08 03:44:55,212 - expt-29 - INFO - epoch:5:: train_loss:1.3436587696741769 | train_f1_score: 0.40816033942745417
2025-04-08 03:49:59,955 - expt-30 - INFO - epoch:10:: train_loss:1.2055544138361474 | train_f1_score: 0.4817359087292079
2025-04-08 03:50:00,065 - expt-30 - INFO - model saved @/scratch/opsahoo.eee20.itbhu/Thesis/results/expt-30| 2025-04-07 18:16/weights/epoch-10.pt
2025-04-08 03:57:17,441 - expt-29 - INFO -              :: val_loss:1.2074179383594412 | val_f1_score:0.4264343567059929
2025-04-08 03:57:18,630 - expt-29 - INFO - model saved @/scratch/opsahoo.eee20.itbhu/Thesis/results/expt-29| 2025-04-07 17:32/weights/epoch-5.pt
2025-04-08 04:37:06,580 - expt-30 - INFO - epoch:11:: train_loss:1.1946738254960712 | train_f1_score: 0.4933456518475544
2025-04-08 05:24:15,497 - expt-30 - INFO - epoch:12:: train_loss:1.1829767228437098 | train_f1_score: 0.49980773068080364
2025-04-08 05:30:21,413 - expt-30 - INFO -              :: val_loss:1.0626483187587492 | val_f1_score:0.5789496391822345
2025-04-08 05:30:21,585 - expt-30 - INFO - model saved @/scratch/opsahoo.eee20.itbhu/Thesis/results/expt-30| 2025-04-07 18:16/weights/epoch-12.pt
2025-04-08 05:37:18,424 - expt-29 - INFO - epoch:6:: train_loss:1.3292534674118133 | train_f1_score: 0.4053057145566048
2025-04-08 06:17:31,585 - expt-30 - INFO - epoch:13:: train_loss:1.1746165051431599 | train_f1_score: 0.5098891145114413
2025-04-08 07:04:45,021 - expt-30 - INFO - epoch:14:: train_loss:1.1667901965072807 | train_f1_score: 0.5167154384184485
2025-04-08 07:04:45,509 - expt-30 - INFO - model saved @/scratch/opsahoo.eee20.itbhu/Thesis/results/expt-30| 2025-04-07 18:16/weights/epoch-14.pt
2025-04-08 07:16:04,062 - expt-29 - INFO - epoch:7:: train_loss:1.3075044012037595 | train_f1_score: 0.4138342443604947
2025-04-08 07:52:02,392 - expt-30 - INFO - epoch:15:: train_loss:1.1643001897757705 | train_f1_score: 0.5178455413185933
2025-04-08 07:58:09,164 - expt-30 - INFO -              :: val_loss:1.0513795380005762 | val_f1_score:0.5924931070883913
2025-04-08 08:45:21,472 - expt-30 - INFO - epoch:16:: train_loss:1.1581311392829263 | train_f1_score: 0.5223603131038648
2025-04-08 08:45:22,042 - expt-30 - INFO - model saved @/scratch/opsahoo.eee20.itbhu/Thesis/results/expt-30| 2025-04-07 18:16/weights/epoch-16.pt
2025-04-08 08:55:00,983 - expt-29 - INFO - epoch:8:: train_loss:1.2936434748607544 | train_f1_score: 0.42106971576469626
2025-04-08 09:32:23,525 - expt-30 - INFO - epoch:17:: train_loss:1.1492093829594623 | train_f1_score: 0.5293571289959862
2025-04-08 10:19:31,139 - expt-30 - INFO - epoch:18:: train_loss:1.1400314319181282 | train_f1_score: 0.5336975116865974
2025-04-08 10:25:37,147 - expt-30 - INFO -              :: val_loss:1.0411820721725218 | val_f1_score:0.5940016894256213
2025-04-08 10:25:37,264 - expt-30 - INFO - model saved @/scratch/opsahoo.eee20.itbhu/Thesis/results/expt-30| 2025-04-07 18:16/weights/epoch-18.pt
2025-04-08 10:33:02,645 - expt-29 - INFO - epoch:9:: train_loss:1.285281003543854 | train_f1_score: 0.42605317309612983
2025-04-08 11:12:44,341 - expt-30 - INFO - epoch:19:: train_loss:1.1380274545248719 | train_f1_score: 0.5378410708064798
2025-04-08 11:59:50,409 - expt-30 - INFO - epoch:20:: train_loss:1.1238049156036676 | train_f1_score: 0.5413128211951721
2025-04-08 11:59:50,681 - expt-30 - INFO - model saved @/scratch/opsahoo.eee20.itbhu/Thesis/results/expt-30| 2025-04-07 18:16/weights/epoch-20.pt
2025-04-08 12:12:15,558 - expt-29 - INFO - epoch:10:: train_loss:1.2753407120743616 | train_f1_score: 0.4321348128735453
2025-04-08 12:24:46,980 - expt-29 - INFO -              :: val_loss:1.1760875908679262 | val_f1_score:0.42482006711503706
2025-04-08 12:24:48,688 - expt-29 - INFO - model saved @/scratch/opsahoo.eee20.itbhu/Thesis/results/expt-29| 2025-04-07 17:32/weights/epoch-10.pt
2025-04-08 12:24:52,831 - expt-29 - INFO - -------------------------- Training Complete. --------------------------
2025-04-08 12:24:52,848 - expt-29 - INFO - Done: 18.0Hr 52.50999999999999 Mins.
2025-04-08 12:24:52,848 - expt-29 - INFO - 
2025-04-08 12:24:54,285 - expt-31 - INFO - 
2025-04-08 12:24:54,286 - expt-31 - INFO - ++++++++++++++++++++++++++++++++++++++++++++++++++++++++++++++++++++++++
2025-04-08 12:24:54,286 - expt-31 - INFO - ++++++++++++++++++++++++++ Experiment: 31 ++++++++++++++++++++++++++
2025-04-08 12:24:54,287 - expt-31 - INFO - Description: n_head = 64 for this model with d_model=256
2025-04-08 12:24:54,287 - expt-31 - INFO - 
2025-04-08 12:24:54,287 - expt-31 - INFO - Loading dataset.
2025-04-08 12:24:54,287 - expt-31 - INFO - > Data names: ['microgrid_steady_state_rms', 'microgrid_fault_dataset_rms']
2025-04-08 12:24:54,287 - expt-31 - INFO - > Case range: [1, 2900]
2025-04-08 12:39:12,731 - expt-31 - INFO - 
2025-04-08 12:39:12,732 - expt-31 - INFO - Loading model.
2025-04-08 12:39:13,227 - expt-31 - INFO - > No. of parameters: 26343
2025-04-08 12:39:13,228 - expt-31 - INFO - 
2025-04-08 12:39:13,346 - expt-31 - INFO - Using device: cuda
2025-04-08 12:39:13,377 - expt-31 - INFO - > GPU: Tesla V100-PCIE-16GB
2025-04-08 12:39:13,398 - expt-31 - INFO - 
2025-04-08 12:39:13,398 - expt-31 - INFO - ========== Starting model training. ==========
2025-04-08 12:46:59,038 - expt-30 - INFO - epoch:21:: train_loss:1.1167901420305666 | train_f1_score: 0.5451236968425233
2025-04-08 12:53:04,417 - expt-30 - INFO -              :: val_loss:0.9870586110131898 | val_f1_score:0.6208844185734703
2025-04-08 12:53:05,004 - expt-30 - INFO - -------------------------- Training Complete. --------------------------
2025-04-08 12:53:05,004 - expt-30 - INFO - Done: 18.0Hr 36.17100000000005 Mins.
2025-04-08 12:53:05,004 - expt-30 - INFO - 
2025-04-08 15:43:17,729 - expt-31 - INFO - epoch:0:: train_loss:1.71525019985485 | train_f1_score: 0.22787210338449146
2025-04-08 19:30:17,064 - expt-32 - INFO - 
2025-04-08 19:30:17,078 - expt-32 - INFO - ++++++++++++++++++++++++++++++++++++++++++++++++++++++++++++++++++++++++
2025-04-08 19:30:17,079 - expt-32 - INFO - ++++++++++++++++++++++++++ Experiment: 32 ++++++++++++++++++++++++++
2025-04-08 19:30:17,079 - expt-32 - INFO - Description: training model with all dataset
2025-04-08 19:30:17,079 - expt-32 - INFO - 
2025-04-08 19:30:17,079 - expt-32 - INFO - Loading dataset.
2025-04-08 19:30:17,079 - expt-32 - INFO - > Data names: ['microgrid_steady_state_rms', 'microgrid_fault_dataset_rms', 'All_DER_outage_grid_fault_CSV', 'microgrid_steady_state_rms_islanded', 'All_DER_outage_islanded_fault_CSV']
2025-04-08 19:30:17,079 - expt-32 - INFO - > Case range: [1, 8629]
2025-04-08 19:50:13,688 - expt-32 - INFO - 
2025-04-08 19:50:13,794 - expt-32 - INFO - Loading model.
2025-04-08 19:50:14,026 - expt-32 - INFO - > No. of parameters: 26343
2025-04-08 19:50:14,027 - expt-32 - INFO - 
2025-04-08 19:50:14,059 - expt-32 - INFO - Using device: cuda
2025-04-08 19:50:15,221 - expt-32 - INFO - > GPU: Tesla V100-PCIE-16GB
2025-04-08 19:50:16,998 - expt-32 - INFO - 
2025-04-08 19:50:16,998 - expt-32 - INFO - Loading pretrained model from: results/expt-30| 2025-04-07 18:16/weights/epoch-20.pt
2025-04-08 19:50:16,998 - expt-32 - INFO - > Used data info:: names: ['microgrid_steady_state_rms', 'microgrid_fault_dataset_rms', 'All_DER_outage_grid_fault_CSV', 'microgrid_steady_state_rms_islanded', 'All_DER_outage_islanded_fault_CSV'], range: [1, 8629]
2025-04-08 19:50:16,998 - expt-32 - INFO - > epoch:20:: train_loss:1.1238049156036676 | train_f1_score: 0.5413128211951721
2025-04-08 19:50:17,045 - expt-32 - INFO - 
2025-04-08 19:50:17,046 - expt-32 - INFO - ========== Starting model training. ==========
2025-04-08 20:38:18,763 - expt-32 - INFO - epoch:0:: train_loss:1.1168766689194438 | train_f1_score: 0.5457120910839978
2025-04-08 20:44:26,169 - expt-32 - INFO -              :: val_loss:0.9817059453904716 | val_f1_score:0.6291160716406937
2025-04-08 21:31:59,887 - expt-32 - INFO - epoch:1:: train_loss:1.1043549669015043 | train_f1_score: 0.5518087709084325
2025-04-08 22:20:09,986 - expt-32 - INFO - epoch:2:: train_loss:1.09707021042094 | train_f1_score: 0.5543053522419977
2025-04-08 22:20:11,106 - expt-32 - INFO - model saved @/scratch/opsahoo.eee20.itbhu/Thesis/results/expt-32| 2025-04-08 19:30/weights/epoch-2.pt
2025-04-08 23:07:41,082 - expt-32 - INFO - epoch:3:: train_loss:1.0880165260629504 | train_f1_score: 0.5603788283553397
2025-04-08 23:13:47,444 - expt-32 - INFO -              :: val_loss:0.9720998966587293 | val_f1_score:0.6339632472622089
2025-04-09 00:01:01,607 - expt-32 - INFO - epoch:4:: train_loss:1.0859227146482813 | train_f1_score: 0.560962639054881
2025-04-09 00:01:01,750 - expt-32 - INFO - model saved @/scratch/opsahoo.eee20.itbhu/Thesis/results/expt-32| 2025-04-08 19:30/weights/epoch-4.pt
2025-04-09 00:48:35,370 - expt-32 - INFO - epoch:5:: train_loss:1.0803487434210977 | train_f1_score: 0.5623215857086782
2025-04-09 01:36:19,834 - expt-32 - INFO - epoch:6:: train_loss:1.068809643410931 | train_f1_score: 0.5718402016982
2025-04-09 01:42:26,241 - expt-32 - INFO -              :: val_loss:0.9324459277927327 | val_f1_score:0.6496668962841803
2025-04-09 01:42:26,564 - expt-32 - INFO - model saved @/scratch/opsahoo.eee20.itbhu/Thesis/results/expt-32| 2025-04-08 19:30/weights/epoch-6.pt
2025-04-09 02:30:26,582 - expt-32 - INFO - epoch:7:: train_loss:1.0615289373301342 | train_f1_score: 0.5751546564545756
2025-04-09 03:18:23,956 - expt-32 - INFO - epoch:8:: train_loss:1.0588179223980794 | train_f1_score: 0.5753294645521113
2025-04-09 03:18:24,358 - expt-32 - INFO - model saved @/scratch/opsahoo.eee20.itbhu/Thesis/results/expt-32| 2025-04-08 19:30/weights/epoch-8.pt
2025-04-09 04:05:56,440 - expt-32 - INFO - epoch:9:: train_loss:1.0574596808330963 | train_f1_score: 0.5765622940229241
2025-04-09 04:12:02,833 - expt-32 - INFO -              :: val_loss:0.9425319605865634 | val_f1_score:0.6402982193142075
2025-04-09 04:59:14,888 - expt-32 - INFO - epoch:10:: train_loss:1.0513950261199014 | train_f1_score: 0.580213420051842
2025-04-09 04:59:15,565 - expt-32 - INFO - model saved @/scratch/opsahoo.eee20.itbhu/Thesis/results/expt-32| 2025-04-08 19:30/weights/epoch-10.pt
2025-04-09 05:46:41,920 - expt-32 - INFO - epoch:11:: train_loss:1.0467971148309425 | train_f1_score: 0.580083433536465
2025-04-09 06:34:06,905 - expt-32 - INFO - epoch:12:: train_loss:1.0469883164636296 | train_f1_score: 0.5834778981225324
2025-04-09 06:40:15,507 - expt-32 - INFO -              :: val_loss:0.9148819597285207 | val_f1_score:0.6590064289081667
2025-04-09 06:40:15,691 - expt-32 - INFO - model saved @/scratch/opsahoo.eee20.itbhu/Thesis/results/expt-32| 2025-04-08 19:30/weights/epoch-12.pt
2025-04-09 07:27:49,965 - expt-32 - INFO - epoch:13:: train_loss:1.0442561874845866 | train_f1_score: 0.5851483734769597
2025-04-09 08:15:06,951 - expt-32 - INFO - epoch:14:: train_loss:1.0409535134126457 | train_f1_score: 0.588360969441999
2025-04-09 08:15:07,324 - expt-32 - INFO - model saved @/scratch/opsahoo.eee20.itbhu/Thesis/results/expt-32| 2025-04-08 19:30/weights/epoch-14.pt
2025-04-09 09:02:35,573 - expt-32 - INFO - epoch:15:: train_loss:1.0343986165531665 | train_f1_score: 0.5904296200569169
2025-04-09 09:08:42,626 - expt-32 - INFO -              :: val_loss:0.9495246909926314 | val_f1_score:0.6295285317942423
2025-04-09 09:55:47,591 - expt-32 - INFO - epoch:16:: train_loss:1.0325026133085313 | train_f1_score: 0.5909826350294994
2025-04-09 09:55:48,125 - expt-32 - INFO - model saved @/scratch/opsahoo.eee20.itbhu/Thesis/results/expt-32| 2025-04-08 19:30/weights/epoch-16.pt
2025-04-09 10:43:03,532 - expt-32 - INFO - epoch:17:: train_loss:1.026669307940615 | train_f1_score: 0.5942937715886939
2025-04-09 11:30:18,380 - expt-32 - INFO - epoch:18:: train_loss:1.025511874538544 | train_f1_score: 0.5950901457202906
2025-04-09 11:36:25,464 - expt-32 - INFO -              :: val_loss:0.9246824888767502 | val_f1_score:0.6512210388906526
2025-04-09 11:36:25,608 - expt-32 - INFO - model saved @/scratch/opsahoo.eee20.itbhu/Thesis/results/expt-32| 2025-04-08 19:30/weights/epoch-18.pt
2025-04-09 12:23:56,811 - expt-32 - INFO - epoch:19:: train_loss:1.0186134727758442 | train_f1_score: 0.5995898895206767
2025-04-09 13:11:25,282 - expt-32 - INFO - epoch:20:: train_loss:1.0188018685810953 | train_f1_score: 0.5998042179538514
2025-04-09 13:11:25,728 - expt-32 - INFO - model saved @/scratch/opsahoo.eee20.itbhu/Thesis/results/expt-32| 2025-04-08 19:30/weights/epoch-20.pt
2025-04-09 13:58:49,249 - expt-32 - INFO - epoch:21:: train_loss:1.0150884241195857 | train_f1_score: 0.602771132723068
2025-04-09 14:04:54,398 - expt-32 - INFO -              :: val_loss:0.9184974224266098 | val_f1_score:0.6650607954297432
2025-04-09 14:52:16,187 - expt-32 - INFO - epoch:22:: train_loss:1.0098519192046185 | train_f1_score: 0.6058488011649652
2025-04-09 14:52:16,628 - expt-32 - INFO - model saved @/scratch/opsahoo.eee20.itbhu/Thesis/results/expt-32| 2025-04-08 19:30/weights/epoch-22.pt
2025-04-09 15:40:07,730 - expt-32 - INFO - epoch:23:: train_loss:1.0074730415090738 | train_f1_score: 0.6047845235281074
2025-04-09 16:28:01,625 - expt-32 - INFO - epoch:24:: train_loss:1.0032861741862278 | train_f1_score: 0.6070534322504874
2025-04-09 16:34:06,799 - expt-32 - INFO -              :: val_loss:0.9030913252084108 | val_f1_score:0.6574044426420466
2025-04-09 16:34:06,951 - expt-32 - INFO - model saved @/scratch/opsahoo.eee20.itbhu/Thesis/results/expt-32| 2025-04-08 19:30/weights/epoch-24.pt
2025-04-09 17:21:44,881 - expt-32 - INFO - epoch:25:: train_loss:1.0040820274962503 | train_f1_score: 0.6077371959124573
2025-04-09 18:09:14,717 - expt-32 - INFO - epoch:26:: train_loss:1.001442779352677 | train_f1_score: 0.6096654888465146
2025-04-09 18:09:15,068 - expt-32 - INFO - model saved @/scratch/opsahoo.eee20.itbhu/Thesis/results/expt-32| 2025-04-08 19:30/weights/epoch-26.pt
2025-04-09 18:56:31,253 - expt-32 - INFO - epoch:27:: train_loss:0.9957478707179296 | train_f1_score: 0.6148744994973123
2025-04-09 19:02:37,973 - expt-32 - INFO -              :: val_loss:0.8887769005298789 | val_f1_score:0.6647037962929659
2025-04-09 19:50:03,024 - expt-32 - INFO - epoch:28:: train_loss:0.9969974555327094 | train_f1_score: 0.6148613844111729
2025-04-09 19:50:03,278 - expt-32 - INFO - model saved @/scratch/opsahoo.eee20.itbhu/Thesis/results/expt-32| 2025-04-08 19:30/weights/epoch-28.pt
2025-04-09 20:37:43,271 - expt-32 - INFO - epoch:29:: train_loss:0.9964810244845486 | train_f1_score: 0.6160273793684398
2025-04-09 21:25:12,605 - expt-32 - INFO - epoch:30:: train_loss:0.9913176552994833 | train_f1_score: 0.6152073812262433
2025-04-09 21:31:16,870 - expt-32 - INFO -              :: val_loss:0.8909958768635919 | val_f1_score:0.6609781345311797
2025-04-09 21:31:16,980 - expt-32 - INFO - model saved @/scratch/opsahoo.eee20.itbhu/Thesis/results/expt-32| 2025-04-08 19:30/weights/epoch-30.pt
2025-04-09 22:18:39,535 - expt-32 - INFO - epoch:31:: train_loss:0.9891161438364934 | train_f1_score: 0.6173067925732584
2025-04-09 23:06:15,077 - expt-32 - INFO - epoch:32:: train_loss:0.9858476109111133 | train_f1_score: 0.61900159137262
2025-04-09 23:06:15,388 - expt-32 - INFO - model saved @/scratch/opsahoo.eee20.itbhu/Thesis/results/expt-32| 2025-04-08 19:30/weights/epoch-32.pt
2025-04-09 23:53:28,638 - expt-32 - INFO - epoch:33:: train_loss:0.9845787254996607 | train_f1_score: 0.6193899827463191
2025-04-09 23:59:34,912 - expt-32 - INFO -              :: val_loss:0.9032538142062155 | val_f1_score:0.6550185052299133
2025-04-10 00:46:31,017 - expt-32 - INFO - epoch:34:: train_loss:0.9865690611325239 | train_f1_score: 0.620284407389256
2025-04-10 00:46:31,337 - expt-32 - INFO - model saved @/scratch/opsahoo.eee20.itbhu/Thesis/results/expt-32| 2025-04-08 19:30/weights/epoch-34.pt
2025-04-10 01:33:59,104 - expt-32 - INFO - epoch:35:: train_loss:0.9849524276805691 | train_f1_score: 0.619849699324314
2025-04-10 02:21:29,488 - expt-32 - INFO - epoch:36:: train_loss:0.9769993206932635 | train_f1_score: 0.6234675423896036
2025-04-10 02:27:37,158 - expt-32 - INFO -              :: val_loss:0.8809688787485531 | val_f1_score:0.6714069726866624
2025-04-10 02:27:37,404 - expt-32 - INFO - model saved @/scratch/opsahoo.eee20.itbhu/Thesis/results/expt-32| 2025-04-08 19:30/weights/epoch-36.pt
2025-04-10 03:15:02,584 - expt-32 - INFO - epoch:37:: train_loss:0.975170572543183 | train_f1_score: 0.6263511618674465
2025-04-10 04:02:43,196 - expt-32 - INFO - epoch:38:: train_loss:0.979796656085157 | train_f1_score: 0.6236283636034028
2025-04-10 04:02:43,882 - expt-32 - INFO - model saved @/scratch/opsahoo.eee20.itbhu/Thesis/results/expt-32| 2025-04-08 19:30/weights/epoch-38.pt
2025-04-10 04:49:49,433 - expt-32 - INFO - epoch:39:: train_loss:0.9777944227860418 | train_f1_score: 0.625065234748025
2025-04-10 04:55:55,603 - expt-32 - INFO -              :: val_loss:0.9119183414684998 | val_f1_score:0.6588109230118654
2025-04-10 05:43:24,456 - expt-32 - INFO - epoch:40:: train_loss:0.9760488231366014 | train_f1_score: 0.6267345671741836
2025-04-10 05:43:24,788 - expt-32 - INFO - model saved @/scratch/opsahoo.eee20.itbhu/Thesis/results/expt-32| 2025-04-08 19:30/weights/epoch-40.pt
2025-04-10 06:30:59,988 - expt-32 - INFO - epoch:41:: train_loss:0.9741920294252516 | train_f1_score: 0.6283883768476003
2025-04-10 07:18:30,788 - expt-32 - INFO - epoch:42:: train_loss:0.971001615925743 | train_f1_score: 0.6266490558554382
2025-04-10 07:24:38,861 - expt-32 - INFO -              :: val_loss:0.9000175303496621 | val_f1_score:0.6553739373351359
2025-04-10 07:24:39,270 - expt-32 - INFO - model saved @/scratch/opsahoo.eee20.itbhu/Thesis/results/expt-32| 2025-04-08 19:30/weights/epoch-42.pt
2025-04-10 08:12:06,799 - expt-32 - INFO - epoch:43:: train_loss:0.97319584622669 | train_f1_score: 0.6280075563771745
2025-04-10 08:59:36,351 - expt-32 - INFO - epoch:44:: train_loss:0.9731913637105384 | train_f1_score: 0.6296085774142188
2025-04-10 08:59:36,755 - expt-32 - INFO - model saved @/scratch/opsahoo.eee20.itbhu/Thesis/results/expt-32| 2025-04-08 19:30/weights/epoch-44.pt
2025-04-10 09:46:44,331 - expt-32 - INFO - epoch:45:: train_loss:0.9721330617017999 | train_f1_score: 0.630977569012552
2025-04-10 09:52:50,296 - expt-32 - INFO -              :: val_loss:0.9047452361109088 | val_f1_score:0.6570160022032994
2025-04-10 10:40:10,148 - expt-32 - INFO - epoch:46:: train_loss:0.9736883679163375 | train_f1_score: 0.6304993381726395
2025-04-10 10:40:10,434 - expt-32 - INFO - model saved @/scratch/opsahoo.eee20.itbhu/Thesis/results/expt-32| 2025-04-08 19:30/weights/epoch-46.pt
2025-04-10 11:27:36,749 - expt-32 - INFO - epoch:47:: train_loss:0.9693451663074747 | train_f1_score: 0.6328846145454908
2025-04-10 12:15:05,486 - expt-32 - INFO - epoch:48:: train_loss:0.9688946174752722 | train_f1_score: 0.6323223569683891
2025-04-10 12:21:12,391 - expt-32 - INFO -              :: val_loss:0.9057946490304621 | val_f1_score:0.6586535683698831
2025-04-10 12:21:12,562 - expt-32 - INFO - model saved @/scratch/opsahoo.eee20.itbhu/Thesis/results/expt-32| 2025-04-08 19:30/weights/epoch-48.pt
2025-04-10 13:08:52,748 - expt-32 - INFO - epoch:49:: train_loss:0.9694251921553854 | train_f1_score: 0.6301118649440757
2025-04-10 13:56:17,934 - expt-32 - INFO - epoch:50:: train_loss:0.9648383611843371 | train_f1_score: 0.6352455615017197
2025-04-10 13:56:18,697 - expt-32 - INFO - model saved @/scratch/opsahoo.eee20.itbhu/Thesis/results/expt-32| 2025-04-08 19:30/weights/epoch-50.pt
2025-04-10 14:44:15,663 - expt-32 - INFO - epoch:51:: train_loss:0.9665444586460795 | train_f1_score: 0.634277983484108
2025-04-10 14:50:22,428 - expt-32 - INFO -              :: val_loss:0.9258439240388535 | val_f1_score:0.6576808776358897
2025-04-10 15:37:54,385 - expt-32 - INFO - epoch:52:: train_loss:0.9638586320813811 | train_f1_score: 0.6362301625159871
2025-04-10 15:37:54,923 - expt-32 - INFO - model saved @/scratch/opsahoo.eee20.itbhu/Thesis/results/expt-32| 2025-04-08 19:30/weights/epoch-52.pt
2025-04-10 16:25:44,855 - expt-32 - INFO - epoch:53:: train_loss:0.9656856407591132 | train_f1_score: 0.6351610433012819
2025-04-10 17:13:39,386 - expt-32 - INFO - epoch:54:: train_loss:0.9636973007681455 | train_f1_score: 0.6374601397517059
2025-04-10 17:19:46,310 - expt-32 - INFO -              :: val_loss:0.907667929246436 | val_f1_score:0.6591805503275564
2025-04-10 17:19:46,478 - expt-32 - INFO - model saved @/scratch/opsahoo.eee20.itbhu/Thesis/results/expt-32| 2025-04-08 19:30/weights/epoch-54.pt
2025-04-10 18:07:27,430 - expt-32 - INFO - epoch:55:: train_loss:0.9656803608941289 | train_f1_score: 0.6339206345901964
2025-04-10 18:54:43,348 - expt-32 - INFO - epoch:56:: train_loss:0.9622013182814012 | train_f1_score: 0.6364071043615702
2025-04-10 18:54:43,731 - expt-32 - INFO - model saved @/scratch/opsahoo.eee20.itbhu/Thesis/results/expt-32| 2025-04-08 19:30/weights/epoch-56.pt
2025-04-10 19:42:13,076 - expt-32 - INFO - epoch:57:: train_loss:0.9594556124103264 | train_f1_score: 0.6368198536987917
2025-04-10 19:48:19,372 - expt-32 - INFO -              :: val_loss:0.9072812503188262 | val_f1_score:0.6619437730133599
2025-04-10 20:35:57,701 - expt-32 - INFO - epoch:58:: train_loss:0.9681283880860582 | train_f1_score: 0.6326349509363746
2025-04-10 20:35:57,998 - expt-32 - INFO - model saved @/scratch/opsahoo.eee20.itbhu/Thesis/results/expt-32| 2025-04-08 19:30/weights/epoch-58.pt
2025-04-10 21:23:49,254 - expt-32 - INFO - epoch:59:: train_loss:0.9594939822672262 | train_f1_score: 0.63835342634282
2025-04-10 22:11:09,591 - expt-32 - INFO - epoch:60:: train_loss:0.966109249724948 | train_f1_score: 0.63434187496358
2025-04-10 22:17:16,533 - expt-32 - INFO -              :: val_loss:0.9118375276488508 | val_f1_score:0.6656316240438566
2025-04-10 22:17:16,678 - expt-32 - INFO - model saved @/scratch/opsahoo.eee20.itbhu/Thesis/results/expt-32| 2025-04-08 19:30/weights/epoch-60.pt
2025-04-10 23:04:39,802 - expt-32 - INFO - epoch:61:: train_loss:0.9586935890616589 | train_f1_score: 0.6374499383456712
2025-04-10 23:52:06,311 - expt-32 - INFO - epoch:62:: train_loss:0.9611018061963915 | train_f1_score: 0.6392313699942326
2025-04-10 23:52:07,144 - expt-32 - INFO - model saved @/scratch/opsahoo.eee20.itbhu/Thesis/results/expt-32| 2025-04-08 19:30/weights/epoch-62.pt
2025-04-11 00:39:34,990 - expt-32 - INFO - epoch:63:: train_loss:0.9604205924514596 | train_f1_score: 0.6376047735532975
2025-04-11 00:45:40,989 - expt-32 - INFO -              :: val_loss:0.9138847810006341 | val_f1_score:0.6472709883689621
2025-04-11 01:32:58,940 - expt-32 - INFO - epoch:64:: train_loss:0.9609541704478997 | train_f1_score: 0.6359474542049167
2025-04-11 01:32:59,460 - expt-32 - INFO - model saved @/scratch/opsahoo.eee20.itbhu/Thesis/results/expt-32| 2025-04-08 19:30/weights/epoch-64.pt
2025-04-11 02:20:14,486 - expt-32 - INFO - epoch:65:: train_loss:0.9601091935168443 | train_f1_score: 0.6388689616944409
2025-04-11 03:07:50,179 - expt-32 - INFO - epoch:66:: train_loss:0.9559716184820594 | train_f1_score: 0.6393699029288342
2025-04-11 03:13:56,461 - expt-32 - INFO -              :: val_loss:0.9140260739050446 | val_f1_score:0.6588193108551816
2025-04-11 03:13:56,882 - expt-32 - INFO - model saved @/scratch/opsahoo.eee20.itbhu/Thesis/results/expt-32| 2025-04-08 19:30/weights/epoch-66.pt
2025-04-11 04:01:18,731 - expt-32 - INFO - epoch:67:: train_loss:0.9599329787446175 | train_f1_score: 0.6409195368723785
2025-04-11 04:48:36,870 - expt-32 - INFO - epoch:68:: train_loss:0.9608771387221171 | train_f1_score: 0.6389309377165715
2025-04-11 04:48:37,119 - expt-32 - INFO - model saved @/scratch/opsahoo.eee20.itbhu/Thesis/results/expt-32| 2025-04-08 19:30/weights/epoch-68.pt
2025-04-11 05:35:45,143 - expt-32 - INFO - epoch:69:: train_loss:0.9537671138889117 | train_f1_score: 0.6398617134693072
2025-04-11 05:41:48,395 - expt-32 - INFO -              :: val_loss:0.9770441564563582 | val_f1_score:0.6407462433486462
2025-04-11 06:29:13,073 - expt-32 - INFO - epoch:70:: train_loss:0.9555408564948765 | train_f1_score: 0.6399067753567441
2025-04-11 06:29:13,397 - expt-32 - INFO - model saved @/scratch/opsahoo.eee20.itbhu/Thesis/results/expt-32| 2025-04-08 19:30/weights/epoch-70.pt
2025-04-11 07:16:47,574 - expt-32 - INFO - epoch:71:: train_loss:0.9592670060217684 | train_f1_score: 0.6385437048170239
2025-04-11 08:04:14,575 - expt-32 - INFO - epoch:72:: train_loss:0.9564821564050221 | train_f1_score: 0.6386183389832935
2025-04-11 08:10:21,419 - expt-32 - INFO -              :: val_loss:0.9074786509050902 | val_f1_score:0.6673606402101163
2025-04-11 08:10:21,690 - expt-32 - INFO - model saved @/scratch/opsahoo.eee20.itbhu/Thesis/results/expt-32| 2025-04-08 19:30/weights/epoch-72.pt
2025-04-11 08:57:59,479 - expt-32 - INFO - epoch:73:: train_loss:0.9554112031524697 | train_f1_score: 0.641069061468378
2025-04-11 09:45:44,712 - expt-32 - INFO - epoch:74:: train_loss:0.9586694248853769 | train_f1_score: 0.6401143196027503
2025-04-11 09:45:45,050 - expt-32 - INFO - model saved @/scratch/opsahoo.eee20.itbhu/Thesis/results/expt-32| 2025-04-08 19:30/weights/epoch-74.pt
2025-04-11 10:33:04,711 - expt-32 - INFO - epoch:75:: train_loss:0.9581896581081586 | train_f1_score: 0.6392606913150589
2025-04-11 10:39:12,349 - expt-32 - INFO -              :: val_loss:0.914864551914895 | val_f1_score:0.6717935068631183
2025-04-11 11:26:44,112 - expt-32 - INFO - epoch:76:: train_loss:0.9553165463728275 | train_f1_score: 0.6427747501995233
2025-04-11 11:26:44,385 - expt-32 - INFO - model saved @/scratch/opsahoo.eee20.itbhu/Thesis/results/expt-32| 2025-04-08 19:30/weights/epoch-76.pt
2025-04-11 12:14:04,439 - expt-32 - INFO - epoch:77:: train_loss:0.954646283018603 | train_f1_score: 0.6394871604961392
2025-04-11 13:01:18,951 - expt-32 - INFO - epoch:78:: train_loss:0.9622033774647261 | train_f1_score: 0.6393148300873458
2025-04-11 13:07:27,841 - expt-32 - INFO -              :: val_loss:0.963787708116367 | val_f1_score:0.6518458785228375
2025-04-11 13:07:28,131 - expt-32 - INFO - model saved @/scratch/opsahoo.eee20.itbhu/Thesis/results/expt-32| 2025-04-08 19:30/weights/epoch-78.pt
2025-04-11 13:55:13,872 - expt-32 - INFO - epoch:79:: train_loss:0.9500169346769414 | train_f1_score: 0.6428869027521273
2025-04-11 14:42:28,292 - expt-32 - INFO - epoch:80:: train_loss:0.9530659480333802 | train_f1_score: 0.6434092876273566
2025-04-11 14:42:28,633 - expt-32 - INFO - model saved @/scratch/opsahoo.eee20.itbhu/Thesis/results/expt-32| 2025-04-08 19:30/weights/epoch-80.pt
2025-04-11 15:30:36,186 - expt-32 - INFO - epoch:81:: train_loss:0.9522729213854739 | train_f1_score: 0.6420381980821247
2025-04-11 15:36:45,722 - expt-32 - INFO -              :: val_loss:0.9404798286898605 | val_f1_score:0.6483646034432461
2025-04-11 16:24:18,449 - expt-32 - INFO - epoch:82:: train_loss:0.9520356224598834 | train_f1_score: 0.6435985755612087
2025-04-11 16:24:19,671 - expt-32 - INFO - model saved @/scratch/opsahoo.eee20.itbhu/Thesis/results/expt-32| 2025-04-08 19:30/weights/epoch-82.pt
2025-04-11 17:11:45,036 - expt-32 - INFO - epoch:83:: train_loss:0.9564383804527486 | train_f1_score: 0.6424196380077326
2025-04-11 17:59:23,903 - expt-32 - INFO - epoch:84:: train_loss:0.9482754394480895 | train_f1_score: 0.643651710416318
2025-04-11 18:05:31,049 - expt-32 - INFO -              :: val_loss:0.938972908767467 | val_f1_score:0.65540279530875
2025-04-11 18:05:31,319 - expt-32 - INFO - model saved @/scratch/opsahoo.eee20.itbhu/Thesis/results/expt-32| 2025-04-08 19:30/weights/epoch-84.pt
2025-04-11 18:53:22,785 - expt-32 - INFO - epoch:85:: train_loss:0.9548789737484676 | train_f1_score: 0.6403109338807292
2025-04-11 19:40:47,183 - expt-32 - INFO - epoch:86:: train_loss:0.9531447270607201 | train_f1_score: 0.6430067464329685
2025-04-11 19:40:48,269 - expt-32 - INFO - model saved @/scratch/opsahoo.eee20.itbhu/Thesis/results/expt-32| 2025-04-08 19:30/weights/epoch-86.pt
2025-04-11 20:28:18,404 - expt-32 - INFO - epoch:87:: train_loss:0.9518907856469143 | train_f1_score: 0.6420156974470383
2025-04-11 20:34:27,183 - expt-32 - INFO -              :: val_loss:0.9330346122570619 | val_f1_score:0.650366204524686
2025-04-11 21:22:36,032 - expt-32 - INFO - epoch:88:: train_loss:0.9515447809884287 | train_f1_score: 0.6406185537921321
2025-04-11 21:22:37,090 - expt-32 - INFO - model saved @/scratch/opsahoo.eee20.itbhu/Thesis/results/expt-32| 2025-04-08 19:30/weights/epoch-88.pt
2025-04-11 22:10:37,961 - expt-32 - INFO - epoch:89:: train_loss:0.9515159208156271 | train_f1_score: 0.6418832184570211
2025-04-11 22:57:48,954 - expt-32 - INFO - epoch:90:: train_loss:0.950937702898092 | train_f1_score: 0.6414559093705805
2025-04-11 23:03:55,476 - expt-32 - INFO -              :: val_loss:0.8989886295811468 | val_f1_score:0.6580688528534103
2025-04-11 23:03:56,445 - expt-32 - INFO - model saved @/scratch/opsahoo.eee20.itbhu/Thesis/results/expt-32| 2025-04-08 19:30/weights/epoch-90.pt
2025-04-11 23:51:29,787 - expt-32 - INFO - epoch:91:: train_loss:0.9477161216937249 | train_f1_score: 0.6436848783020049
2025-04-12 00:38:37,422 - expt-32 - INFO - epoch:92:: train_loss:0.9486193355718937 | train_f1_score: 0.6446973750504761
2025-04-12 00:38:38,627 - expt-32 - INFO - model saved @/scratch/opsahoo.eee20.itbhu/Thesis/results/expt-32| 2025-04-08 19:30/weights/epoch-92.pt
2025-04-12 01:26:41,648 - expt-32 - INFO - epoch:93:: train_loss:0.9474177022550119 | train_f1_score: 0.6425871652964409
2025-04-12 01:32:51,592 - expt-32 - INFO -              :: val_loss:0.9702507683985194 | val_f1_score:0.6405226258787324
2025-04-12 02:19:36,372 - expt-32 - INFO - epoch:94:: train_loss:0.9491444670254651 | train_f1_score: 0.6430301355211322
2025-04-12 02:19:37,858 - expt-32 - INFO - model saved @/scratch/opsahoo.eee20.itbhu/Thesis/results/expt-32| 2025-04-08 19:30/weights/epoch-94.pt
2025-04-12 03:07:15,594 - expt-32 - INFO - epoch:95:: train_loss:0.9495955919532155 | train_f1_score: 0.6430932721166679
2025-04-12 03:55:36,539 - expt-32 - INFO - epoch:96:: train_loss:0.9480031338674224 | train_f1_score: 0.6430297127085824
2025-04-12 04:01:45,662 - expt-32 - INFO -              :: val_loss:0.9555729467146438 | val_f1_score:0.6523851438035093
2025-04-12 04:01:47,098 - expt-32 - INFO - model saved @/scratch/opsahoo.eee20.itbhu/Thesis/results/expt-32| 2025-04-08 19:30/weights/epoch-96.pt
2025-04-12 04:49:07,832 - expt-32 - INFO - epoch:97:: train_loss:0.9442206745206676 | train_f1_score: 0.642239422987841
2025-04-12 05:36:47,951 - expt-32 - INFO - epoch:98:: train_loss:0.9486384981765146 | train_f1_score: 0.642712694693432
2025-04-12 05:36:48,838 - expt-32 - INFO - model saved @/scratch/opsahoo.eee20.itbhu/Thesis/results/expt-32| 2025-04-08 19:30/weights/epoch-98.pt
2025-04-12 06:24:14,275 - expt-32 - INFO - epoch:99:: train_loss:0.9437279221350224 | train_f1_score: 0.6459394345037434
2025-04-12 06:30:20,658 - expt-32 - INFO -              :: val_loss:0.9528474273867934 | val_f1_score:0.6549264652750423
2025-04-12 06:30:21,398 - expt-32 - INFO - -------------------------- Training Complete. --------------------------
2025-04-12 06:30:21,399 - expt-32 - INFO - Done: 83.0Hr 0.08399999999983265 Mins.
2025-04-12 06:30:21,399 - expt-32 - INFO - 
2025-04-15 18:57:01,723 - expt-33 - INFO - 
2025-04-15 18:57:01,802 - expt-33 - INFO - ++++++++++++++++++++++++++++++++++++++++++++++++++++++++++++++++++++++++
2025-04-15 18:57:01,802 - expt-33 - INFO - ++++++++++++++++++++++++++ Experiment: 33 ++++++++++++++++++++++++++
2025-04-15 18:57:01,802 - expt-33 - INFO - Description: training model with all dataset part II (after 110 epochs)
2025-04-15 18:57:01,803 - expt-33 - INFO - 
2025-04-15 18:57:01,803 - expt-33 - INFO - Loading dataset.
2025-04-15 18:57:01,803 - expt-33 - INFO - > Data names: ['microgrid_steady_state_rms', 'microgrid_fault_dataset_rms', 'All_DER_outage_grid_fault_CSV', 'microgrid_steady_state_rms_islanded', 'All_DER_outage_islanded_fault_CSV']
2025-04-15 18:57:01,803 - expt-33 - INFO - > Case range: [1, 8629]
2025-04-15 19:19:30,652 - expt-33 - INFO - 
2025-04-15 19:19:30,724 - expt-33 - INFO - Loading model.
2025-04-15 19:19:31,224 - expt-33 - INFO - > No. of parameters: 26343
2025-04-15 19:19:31,225 - expt-33 - INFO - 
2025-04-15 19:19:31,663 - expt-33 - INFO - Using device: cuda
2025-04-15 19:19:36,705 - expt-33 - INFO - > GPU: Tesla V100-PCIE-16GB
2025-04-15 19:19:40,248 - expt-33 - INFO - 
2025-04-15 19:19:40,249 - expt-33 - INFO - Loading pretrained model from: results/expt-32| 2025-04-08 19:30/weights/epoch-98.pt
2025-04-15 19:19:40,249 - expt-33 - INFO - > Used data info:: names: ['microgrid_steady_state_rms', 'microgrid_fault_dataset_rms', 'All_DER_outage_grid_fault_CSV', 'microgrid_steady_state_rms_islanded', 'All_DER_outage_islanded_fault_CSV'], range: [1, 8629]
2025-04-15 19:19:40,249 - expt-33 - INFO - > epoch:98:: train_loss:0.9486384981765146 | train_f1_score: 0.642712694693432
2025-04-15 19:19:40,290 - expt-33 - INFO - 
2025-04-15 19:19:40,290 - expt-33 - INFO - ========== Starting model training. ==========
2025-04-15 20:06:48,865 - expt-33 - INFO - epoch:0:: train_loss:0.9464217047841048 | train_f1_score: 0.6449290894704441
2025-04-15 20:12:57,013 - expt-33 - INFO -              :: val_loss:0.9563234359740547 | val_f1_score:0.644313890696526
2025-04-15 20:18:35,413 - expt-34 - INFO - 
2025-04-15 20:18:35,438 - expt-34 - INFO - ++++++++++++++++++++++++++++++++++++++++++++++++++++++++++++++++++++++++
2025-04-15 20:18:35,438 - expt-34 - INFO - ++++++++++++++++++++++++++ Experiment: 34 ++++++++++++++++++++++++++
2025-04-15 20:18:35,438 - expt-34 - INFO - Description: training model with all dataset part II (after 110 epochs)
2025-04-15 20:18:35,438 - expt-34 - INFO - 
2025-04-15 20:18:35,439 - expt-34 - INFO - Loading dataset.
2025-04-15 20:18:35,439 - expt-34 - INFO - > Data names: ['microgrid_steady_state_rms', 'microgrid_fault_dataset_rms']
2025-04-15 20:18:35,439 - expt-34 - INFO - > Case range: [1, 3500]
2025-04-15 20:37:17,443 - expt-34 - INFO - 
2025-04-15 20:37:17,443 - expt-34 - INFO - Loading model.
2025-04-15 20:37:18,268 - expt-34 - INFO - > No. of parameters: 26343
2025-04-15 20:37:18,268 - expt-34 - INFO - 
2025-04-15 20:37:18,283 - expt-34 - INFO - Using device: cuda
2025-04-15 20:37:19,172 - expt-34 - INFO - > GPU: Tesla V100-PCIE-16GB
2025-04-15 20:37:22,616 - expt-34 - INFO - 
2025-04-15 20:37:22,616 - expt-34 - INFO - Loading pretrained model from: results/expt-32| 2025-04-08 19:30/weights/epoch-98.pt
2025-04-15 20:37:22,616 - expt-34 - INFO - > Used data info:: names: ['microgrid_steady_state_rms', 'microgrid_fault_dataset_rms', 'All_DER_outage_grid_fault_CSV', 'microgrid_steady_state_rms_islanded', 'All_DER_outage_islanded_fault_CSV'], range: [1, 8629]
2025-04-15 20:37:22,616 - expt-34 - INFO - > epoch:98:: train_loss:0.9486384981765146 | train_f1_score: 0.642712694693432
2025-04-15 20:37:22,688 - expt-34 - INFO - 
2025-04-15 20:37:22,688 - expt-34 - INFO - Freezing attention layers: [0, 1, 2]
2025-04-15 20:59:37,541 - expt-33 - INFO - epoch:1:: train_loss:0.9419402531366032 | train_f1_score: 0.6417876756703125
2025-04-15 21:46:17,365 - expt-33 - INFO - epoch:2:: train_loss:0.9414447497848608 | train_f1_score: 0.6457691294477845
2025-04-15 21:46:19,163 - expt-33 - INFO - model saved @/scratch/opsahoo.eee20.itbhu/Thesis/results/expt-33| 2025-04-15 18:57/weights/epoch-2.pt
2025-04-15 22:32:45,993 - expt-33 - INFO - epoch:3:: train_loss:0.9419753408934325 | train_f1_score: 0.6432929538319333
2025-04-15 22:38:47,197 - expt-33 - INFO -              :: val_loss:0.9741876460983316 | val_f1_score:0.644434297615118
2025-04-15 23:27:47,747 - expt-33 - INFO - epoch:4:: train_loss:0.9470167136739445 | train_f1_score: 0.6413975569908439
2025-04-15 23:27:50,184 - expt-33 - INFO - model saved @/scratch/opsahoo.eee20.itbhu/Thesis/results/expt-33| 2025-04-15 18:57/weights/epoch-4.pt
2025-04-15 23:56:16,467 - expt-35 - INFO - 
2025-04-15 23:56:16,480 - expt-35 - INFO - ++++++++++++++++++++++++++++++++++++++++++++++++++++++++++++++++++++++++
2025-04-15 23:56:16,481 - expt-35 - INFO - ++++++++++++++++++++++++++ Experiment: 35 ++++++++++++++++++++++++++
2025-04-15 23:56:16,481 - expt-35 - INFO - Description: fine-tuning model while freezing attention layers (after 110 epochs)
2025-04-15 23:56:16,481 - expt-35 - INFO - 
2025-04-15 23:56:16,481 - expt-35 - INFO - Loading dataset.
2025-04-15 23:56:16,481 - expt-35 - INFO - > Data names: ['microgrid_steady_state_rms', 'microgrid_fault_dataset_rms']
2025-04-15 23:56:16,482 - expt-35 - INFO - > Case range: [1, 3500]
2025-04-16 00:10:32,579 - expt-35 - INFO - 
2025-04-16 00:10:32,633 - expt-35 - INFO - Loading model.
2025-04-16 00:10:33,813 - expt-35 - INFO - > No. of parameters: 26343
2025-04-16 00:10:33,813 - expt-35 - INFO - 
2025-04-16 00:10:33,813 - expt-35 - INFO - Using device: cuda
2025-04-16 00:10:35,241 - expt-35 - INFO - > GPU: Tesla V100-PCIE-16GB
2025-04-16 00:10:37,255 - expt-35 - INFO - 
2025-04-16 00:10:37,255 - expt-35 - INFO - Loading pretrained model from: results/expt-32| 2025-04-08 19:30/weights/epoch-98.pt
2025-04-16 00:10:37,255 - expt-35 - INFO - > Used data info:: names: ['microgrid_steady_state_rms', 'microgrid_fault_dataset_rms', 'All_DER_outage_grid_fault_CSV', 'microgrid_steady_state_rms_islanded', 'All_DER_outage_islanded_fault_CSV'], range: [1, 8629]
2025-04-16 00:10:37,255 - expt-35 - INFO - > epoch:98:: train_loss:0.9486384981765146 | train_f1_score: 0.642712694693432
2025-04-16 00:10:37,315 - expt-35 - INFO - 
2025-04-16 00:10:37,315 - expt-35 - INFO - Freezing attention layers: [0, 1, 2]
2025-04-16 00:10:37,316 - expt-35 - INFO - ========== Starting model training. ==========
2025-04-16 00:17:12,743 - expt-33 - INFO - epoch:5:: train_loss:0.94813983802009 | train_f1_score: 0.6422190938183643
2025-04-16 00:28:30,421 - expt-35 - INFO - epoch:0:: train_loss:0.9923674335672077 | train_f1_score: 0.6101254984037122
2025-04-16 00:32:36,239 - expt-35 - INFO -              :: val_loss:0.9868067015426171 | val_f1_score:0.598348992980422
2025-04-16 00:50:09,757 - expt-35 - INFO - epoch:1:: train_loss:0.9920655522068592 | train_f1_score: 0.605686694037342
2025-04-16 01:03:49,901 - expt-33 - INFO - epoch:6:: train_loss:0.9436856730811689 | train_f1_score: 0.6464557590721688
2025-04-16 01:07:56,939 - expt-35 - INFO - epoch:2:: train_loss:0.9860472321580818 | train_f1_score: 0.6100103618781939
2025-04-16 01:07:58,497 - expt-35 - INFO - model saved @/scratch/opsahoo.eee20.itbhu/Thesis/results/expt-35| 2025-04-15 23:56/weights/epoch-2.pt
2025-04-16 01:09:45,022 - expt-33 - INFO -              :: val_loss:0.9208689054049586 | val_f1_score:0.6664143018196248
2025-04-16 01:09:45,058 - expt-33 - INFO - model saved @/scratch/opsahoo.eee20.itbhu/Thesis/results/expt-33| 2025-04-15 18:57/weights/epoch-6.pt
2025-04-16 01:25:39,866 - expt-35 - INFO - epoch:3:: train_loss:0.9867682515104956 | train_f1_score: 0.6077574178023799
2025-04-16 01:29:46,178 - expt-35 - INFO -              :: val_loss:0.9762645818078619 | val_f1_score:0.5992857993367252
2025-04-16 01:47:23,077 - expt-35 - INFO - epoch:4:: train_loss:0.9843296169520388 | train_f1_score: 0.611055759482935
2025-04-16 01:47:23,425 - expt-35 - INFO - model saved @/scratch/opsahoo.eee20.itbhu/Thesis/results/expt-35| 2025-04-15 23:56/weights/epoch-4.pt
2025-04-16 01:55:43,256 - expt-33 - INFO - epoch:7:: train_loss:0.940411648267653 | train_f1_score: 0.6429257339686194
2025-04-16 02:04:59,575 - expt-35 - INFO - epoch:5:: train_loss:0.9836759298272311 | train_f1_score: 0.6094008547014154
2025-04-16 02:22:33,777 - expt-35 - INFO - epoch:6:: train_loss:0.9808500346472983 | train_f1_score: 0.6100726382003346
2025-04-16 02:26:40,125 - expt-35 - INFO -              :: val_loss:0.9735108088424104 | val_f1_score:0.6076411715110064
2025-04-16 02:26:40,281 - expt-35 - INFO - model saved @/scratch/opsahoo.eee20.itbhu/Thesis/results/expt-35| 2025-04-15 23:56/weights/epoch-6.pt
2025-04-16 02:41:35,386 - expt-33 - INFO - epoch:8:: train_loss:0.9424669955160326 | train_f1_score: 0.6440840233597381
2025-04-16 02:41:35,493 - expt-33 - INFO - model saved @/scratch/opsahoo.eee20.itbhu/Thesis/results/expt-33| 2025-04-15 18:57/weights/epoch-8.pt
2025-04-16 02:44:14,907 - expt-35 - INFO - epoch:7:: train_loss:0.9799630552698699 | train_f1_score: 0.6098120610222083
2025-04-16 03:01:57,219 - expt-35 - INFO - epoch:8:: train_loss:0.980572769129226 | train_f1_score: 0.6088953258506136
2025-04-16 03:01:57,432 - expt-35 - INFO - model saved @/scratch/opsahoo.eee20.itbhu/Thesis/results/expt-35| 2025-04-15 23:56/weights/epoch-8.pt
2025-04-16 03:19:36,681 - expt-35 - INFO - epoch:9:: train_loss:0.9818157375402984 | train_f1_score: 0.6101845486844245
2025-04-16 03:23:43,485 - expt-35 - INFO -              :: val_loss:0.983730224906259 | val_f1_score:0.6028150331616808
2025-04-16 03:27:56,162 - expt-33 - INFO - epoch:9:: train_loss:0.9424692055891439 | train_f1_score: 0.6441303407273512
2025-04-16 03:33:50,413 - expt-33 - INFO -              :: val_loss:0.9196057603785026 | val_f1_score:0.6598515852288552
2025-04-16 03:41:10,065 - expt-35 - INFO - epoch:10:: train_loss:0.9811875877221885 | train_f1_score: 0.608003418249152
2025-04-16 03:41:10,267 - expt-35 - INFO - model saved @/scratch/opsahoo.eee20.itbhu/Thesis/results/expt-35| 2025-04-15 23:56/weights/epoch-10.pt
2025-04-16 03:58:42,816 - expt-35 - INFO - epoch:11:: train_loss:0.9757579726716284 | train_f1_score: 0.6078822368093117
2025-04-16 04:16:13,695 - expt-35 - INFO - epoch:12:: train_loss:0.9781737567663121 | train_f1_score: 0.6103531845059013
2025-04-16 04:19:50,859 - expt-33 - INFO - epoch:10:: train_loss:0.9412324920180315 | train_f1_score: 0.6467006574703571
2025-04-16 04:19:51,822 - expt-33 - INFO - model saved @/scratch/opsahoo.eee20.itbhu/Thesis/results/expt-33| 2025-04-15 18:57/weights/epoch-10.pt
2025-04-16 04:20:20,319 - expt-35 - INFO -              :: val_loss:0.9667147408543997 | val_f1_score:0.6063168886679755
2025-04-16 04:20:20,348 - expt-35 - INFO - model saved @/scratch/opsahoo.eee20.itbhu/Thesis/results/expt-35| 2025-04-15 23:56/weights/epoch-12.pt
2025-04-16 04:37:54,789 - expt-35 - INFO - epoch:13:: train_loss:0.9819108117972124 | train_f1_score: 0.6086334792788298
2025-04-16 04:55:30,585 - expt-35 - INFO - epoch:14:: train_loss:0.9809310162826715 | train_f1_score: 0.6103693007834323
2025-04-16 04:55:30,626 - expt-35 - INFO - model saved @/scratch/opsahoo.eee20.itbhu/Thesis/results/expt-35| 2025-04-15 23:56/weights/epoch-14.pt
2025-04-16 05:05:58,192 - expt-33 - INFO - epoch:11:: train_loss:0.9419199901710965 | train_f1_score: 0.6431530808005873
2025-04-16 05:13:02,726 - expt-35 - INFO - epoch:15:: train_loss:0.9796271167424657 | train_f1_score: 0.6106974510759253
2025-04-16 05:17:11,355 - expt-35 - INFO -              :: val_loss:0.9776592200247062 | val_f1_score:0.609310340430846
2025-04-16 05:34:42,438 - expt-35 - INFO - epoch:16:: train_loss:0.9795548606354592 | train_f1_score: 0.6094478295824588
2025-04-16 05:34:42,794 - expt-35 - INFO - model saved @/scratch/opsahoo.eee20.itbhu/Thesis/results/expt-35| 2025-04-15 23:56/weights/epoch-16.pt
2025-04-16 05:52:03,946 - expt-33 - INFO - epoch:12:: train_loss:0.9471412187818478 | train_f1_score: 0.6434589434532377
2025-04-16 05:52:12,808 - expt-35 - INFO - epoch:17:: train_loss:0.9750575431490216 | train_f1_score: 0.6091148094539636
2025-04-16 05:57:57,535 - expt-33 - INFO -              :: val_loss:0.9423585857493435 | val_f1_score:0.647855965093353
2025-04-16 05:57:57,654 - expt-33 - INFO - model saved @/scratch/opsahoo.eee20.itbhu/Thesis/results/expt-33| 2025-04-15 18:57/weights/epoch-12.pt
2025-04-16 06:09:35,603 - expt-35 - INFO - epoch:18:: train_loss:0.9783433750936521 | train_f1_score: 0.6108344535092615
2025-04-16 06:13:42,106 - expt-35 - INFO -              :: val_loss:0.9727932173820074 | val_f1_score:0.612163430531042
2025-04-16 06:13:42,144 - expt-35 - INFO - model saved @/scratch/opsahoo.eee20.itbhu/Thesis/results/expt-35| 2025-04-15 23:56/weights/epoch-18.pt
2025-04-16 06:31:17,940 - expt-35 - INFO - epoch:19:: train_loss:0.9839239295799709 | train_f1_score: 0.6087370696336201
2025-04-16 06:43:59,224 - expt-33 - INFO - epoch:13:: train_loss:0.9440250049055091 | train_f1_score: 0.6439902124268502
2025-04-16 06:48:51,261 - expt-35 - INFO - epoch:20:: train_loss:0.9738812913833531 | train_f1_score: 0.6099639637464789
2025-04-16 06:48:51,422 - expt-35 - INFO - model saved @/scratch/opsahoo.eee20.itbhu/Thesis/results/expt-35| 2025-04-15 23:56/weights/epoch-20.pt
2025-04-16 07:06:24,886 - expt-35 - INFO - epoch:21:: train_loss:0.9749444087091296 | train_f1_score: 0.6090648664184721
2025-04-16 07:10:32,628 - expt-35 - INFO -              :: val_loss:0.96814530366993 | val_f1_score:0.6159698231537325
2025-04-16 07:28:20,507 - expt-35 - INFO - epoch:22:: train_loss:0.9855605738721278 | train_f1_score: 0.6101996614018581
2025-04-16 07:28:21,263 - expt-35 - INFO - model saved @/scratch/opsahoo.eee20.itbhu/Thesis/results/expt-35| 2025-04-15 23:56/weights/epoch-22.pt
2025-04-16 07:30:02,011 - expt-33 - INFO - epoch:14:: train_loss:0.9464868022140591 | train_f1_score: 0.6420862775497564
2025-04-16 07:30:02,038 - expt-33 - INFO - model saved @/scratch/opsahoo.eee20.itbhu/Thesis/results/expt-33| 2025-04-15 18:57/weights/epoch-14.pt
2025-04-16 07:45:51,733 - expt-35 - INFO - epoch:23:: train_loss:0.9779859344604923 | train_f1_score: 0.6094638511957206
2025-04-16 08:03:24,928 - expt-35 - INFO - epoch:24:: train_loss:0.975505672613803 | train_f1_score: 0.6099345943842497
2025-04-16 08:07:31,873 - expt-35 - INFO -              :: val_loss:0.9916647048012466 | val_f1_score:0.6060447377713878
2025-04-16 08:07:31,920 - expt-35 - INFO - model saved @/scratch/opsahoo.eee20.itbhu/Thesis/results/expt-35| 2025-04-15 23:56/weights/epoch-24.pt
2025-04-16 08:16:09,804 - expt-33 - INFO - epoch:15:: train_loss:0.9432124977896871 | train_f1_score: 0.6449730191979208
2025-04-16 08:22:04,257 - expt-33 - INFO -              :: val_loss:0.9510637733109001 | val_f1_score:0.6374552016686434
2025-04-16 08:24:54,846 - expt-35 - INFO - epoch:25:: train_loss:0.979007526834565 | train_f1_score: 0.6049491781624141
2025-04-16 08:42:31,829 - expt-35 - INFO - epoch:26:: train_loss:0.97701970955317 | train_f1_score: 0.6112187390985752
2025-04-16 08:42:32,280 - expt-35 - INFO - model saved @/scratch/opsahoo.eee20.itbhu/Thesis/results/expt-35| 2025-04-15 23:56/weights/epoch-26.pt
2025-04-16 09:00:04,717 - expt-35 - INFO - epoch:27:: train_loss:0.983272995892586 | train_f1_score: 0.607504399745551
2025-04-16 09:04:12,158 - expt-35 - INFO -              :: val_loss:0.9716196755530992 | val_f1_score:0.6125739606273121
2025-04-16 09:08:04,099 - expt-33 - INFO - epoch:16:: train_loss:0.9415133398435607 | train_f1_score: 0.6442436640524806
2025-04-16 09:08:04,133 - expt-33 - INFO - model saved @/scratch/opsahoo.eee20.itbhu/Thesis/results/expt-33| 2025-04-15 18:57/weights/epoch-16.pt
2025-04-16 09:21:45,332 - expt-35 - INFO - epoch:28:: train_loss:0.9760730176647469 | train_f1_score: 0.6121790732582867
2025-04-16 09:21:45,509 - expt-35 - INFO - model saved @/scratch/opsahoo.eee20.itbhu/Thesis/results/expt-35| 2025-04-15 23:56/weights/epoch-28.pt
2025-04-16 09:39:20,282 - expt-35 - INFO - epoch:29:: train_loss:0.9820321318735031 | train_f1_score: 0.607609404347175
2025-04-16 09:53:55,394 - expt-33 - INFO - epoch:17:: train_loss:0.9406748234398354 | train_f1_score: 0.6452977287506908
2025-04-16 09:56:57,096 - expt-35 - INFO - epoch:30:: train_loss:0.9752391522506096 | train_f1_score: 0.6117793954328495
2025-04-16 10:01:04,512 - expt-35 - INFO -              :: val_loss:0.970644269237201 | val_f1_score:0.6069875813962052
2025-04-16 10:01:05,029 - expt-35 - INFO - model saved @/scratch/opsahoo.eee20.itbhu/Thesis/results/expt-35| 2025-04-15 23:56/weights/epoch-30.pt
2025-04-16 10:18:36,502 - expt-35 - INFO - epoch:31:: train_loss:0.970153009234514 | train_f1_score: 0.6142747199116539
2025-04-16 10:36:21,551 - expt-35 - INFO - epoch:32:: train_loss:0.9767670562952431 | train_f1_score: 0.6124155183713382
2025-04-16 10:36:21,608 - expt-35 - INFO - model saved @/scratch/opsahoo.eee20.itbhu/Thesis/results/expt-35| 2025-04-15 23:56/weights/epoch-32.pt
2025-04-16 10:40:14,530 - expt-33 - INFO - epoch:18:: train_loss:0.9426300114895275 | train_f1_score: 0.6431005648729007
2025-04-16 10:46:10,824 - expt-33 - INFO -              :: val_loss:0.9397478364046989 | val_f1_score:0.6425204752333273
2025-04-16 10:46:11,021 - expt-33 - INFO - model saved @/scratch/opsahoo.eee20.itbhu/Thesis/results/expt-33| 2025-04-15 18:57/weights/epoch-18.pt
2025-04-16 10:53:55,992 - expt-35 - INFO - epoch:33:: train_loss:0.9766681912217013 | train_f1_score: 0.606760853217094
2025-04-16 10:58:01,711 - expt-35 - INFO -              :: val_loss:0.9706036986303379 | val_f1_score:0.6078240863624059
2025-04-16 11:15:30,407 - expt-35 - INFO - epoch:34:: train_loss:0.9775105548856027 | train_f1_score: 0.613988998364
2025-04-16 11:15:30,567 - expt-35 - INFO - model saved @/scratch/opsahoo.eee20.itbhu/Thesis/results/expt-35| 2025-04-15 23:56/weights/epoch-34.pt
2025-04-16 11:32:16,325 - expt-33 - INFO - epoch:19:: train_loss:0.9388351766069544 | train_f1_score: 0.645906743582651
2025-04-16 11:33:02,357 - expt-35 - INFO - epoch:35:: train_loss:0.9750056365359926 | train_f1_score: 0.611389374805781
2025-04-16 11:50:39,616 - expt-35 - INFO - epoch:36:: train_loss:0.9753624734324258 | train_f1_score: 0.6136220237942219
2025-04-16 11:54:46,440 - expt-35 - INFO -              :: val_loss:0.9581455319475622 | val_f1_score:0.617978565790018
2025-04-16 11:54:46,579 - expt-35 - INFO - model saved @/scratch/opsahoo.eee20.itbhu/Thesis/results/expt-35| 2025-04-15 23:56/weights/epoch-36.pt
2025-04-16 12:12:21,556 - expt-35 - INFO - epoch:37:: train_loss:0.9774161342360952 | train_f1_score: 0.6099055058806763
2025-04-16 12:18:35,668 - expt-33 - INFO - epoch:20:: train_loss:0.9431522198684978 | train_f1_score: 0.6454810182455436
2025-04-16 12:18:35,749 - expt-33 - INFO - model saved @/scratch/opsahoo.eee20.itbhu/Thesis/results/expt-33| 2025-04-15 18:57/weights/epoch-20.pt
2025-04-16 12:29:53,886 - expt-35 - INFO - epoch:38:: train_loss:0.9750805310765442 | train_f1_score: 0.6118063150614711
2025-04-16 12:29:53,934 - expt-35 - INFO - model saved @/scratch/opsahoo.eee20.itbhu/Thesis/results/expt-35| 2025-04-15 23:56/weights/epoch-38.pt
2025-04-16 12:47:29,557 - expt-35 - INFO - epoch:39:: train_loss:0.9790074496324961 | train_f1_score: 0.6127371549825215
2025-04-16 12:51:35,210 - expt-35 - INFO -              :: val_loss:0.9785637323789795 | val_f1_score:0.6096202616851849
2025-04-16 13:04:24,536 - expt-33 - INFO - epoch:21:: train_loss:0.9429669493186356 | train_f1_score: 0.6428820676550411
2025-04-16 13:09:00,266 - expt-35 - INFO - epoch:40:: train_loss:0.9747289065442765 | train_f1_score: 0.6102114916922015
2025-04-16 13:09:00,991 - expt-35 - INFO - model saved @/scratch/opsahoo.eee20.itbhu/Thesis/results/expt-35| 2025-04-15 23:56/weights/epoch-40.pt
2025-04-16 13:10:19,971 - expt-33 - INFO -              :: val_loss:0.9172087723706845 | val_f1_score:0.6564895148858403
2025-04-16 13:26:33,603 - expt-35 - INFO - epoch:41:: train_loss:0.9725527415346489 | train_f1_score: 0.6121246783694297
2025-04-16 13:44:03,327 - expt-35 - INFO - epoch:42:: train_loss:0.9796542914432371 | train_f1_score: 0.609608307953388
2025-04-16 13:48:10,894 - expt-35 - INFO -              :: val_loss:0.9632177281796032 | val_f1_score:0.6182772128602014
2025-04-16 13:48:10,964 - expt-35 - INFO - model saved @/scratch/opsahoo.eee20.itbhu/Thesis/results/expt-35| 2025-04-15 23:56/weights/epoch-42.pt
2025-04-16 13:56:28,929 - expt-33 - INFO - epoch:22:: train_loss:0.9370340186021372 | train_f1_score: 0.6446718270146083
2025-04-16 13:56:29,375 - expt-33 - INFO - model saved @/scratch/opsahoo.eee20.itbhu/Thesis/results/expt-33| 2025-04-15 18:57/weights/epoch-22.pt
2025-04-16 14:05:50,436 - expt-35 - INFO - epoch:43:: train_loss:0.9773575217829621 | train_f1_score: 0.6111990734072261
2025-04-16 14:23:26,475 - expt-35 - INFO - epoch:44:: train_loss:0.9797144792899493 | train_f1_score: 0.6091571939144965
2025-04-16 14:23:26,794 - expt-35 - INFO - model saved @/scratch/opsahoo.eee20.itbhu/Thesis/results/expt-35| 2025-04-15 23:56/weights/epoch-44.pt
2025-04-16 14:41:04,383 - expt-35 - INFO - epoch:45:: train_loss:0.9766210526463788 | train_f1_score: 0.6090808232032721
2025-04-16 14:42:31,416 - expt-33 - INFO - epoch:23:: train_loss:0.9386816269268943 | train_f1_score: 0.6455947251709097
2025-04-16 14:45:10,837 - expt-35 - INFO -              :: val_loss:0.9741883064876073 | val_f1_score:0.6133464639234141
2025-04-16 15:03:18,617 - expt-35 - INFO - epoch:46:: train_loss:0.9770094826937925 | train_f1_score: 0.6084509513593916
2025-04-16 15:03:18,721 - expt-35 - INFO - model saved @/scratch/opsahoo.eee20.itbhu/Thesis/results/expt-35| 2025-04-15 23:56/weights/epoch-46.pt
2025-04-16 15:21:41,331 - expt-35 - INFO - epoch:47:: train_loss:0.9753616982941716 | train_f1_score: 0.6141035778043202
2025-04-16 15:30:12,601 - expt-33 - INFO - epoch:24:: train_loss:0.9392364952170409 | train_f1_score: 0.6433562401264508
2025-04-16 15:36:07,699 - expt-33 - INFO -              :: val_loss:0.8912770947843986 | val_f1_score:0.6652597642055899
2025-04-16 15:36:07,736 - expt-33 - INFO - model saved @/scratch/opsahoo.eee20.itbhu/Thesis/results/expt-33| 2025-04-15 18:57/weights/epoch-24.pt
2025-04-16 15:39:33,142 - expt-35 - INFO - epoch:48:: train_loss:0.9740967247817038 | train_f1_score: 0.6115872674645187
2025-04-16 15:43:40,213 - expt-35 - INFO -              :: val_loss:0.9836852476129186 | val_f1_score:0.6140070609941441
2025-04-16 15:43:40,377 - expt-35 - INFO - model saved @/scratch/opsahoo.eee20.itbhu/Thesis/results/expt-35| 2025-04-15 23:56/weights/epoch-48.pt
2025-04-16 16:01:11,256 - expt-35 - INFO - epoch:49:: train_loss:0.9784453229267062 | train_f1_score: 0.6099685342597618
2025-04-16 16:01:12,578 - expt-35 - INFO - -------------------------- Training Complete. --------------------------
2025-04-16 16:01:12,579 - expt-35 - INFO - Done: 16.0Hr 4.94399999999996 Mins.
2025-04-16 16:01:12,579 - expt-35 - INFO - 
2025-04-16 16:26:52,236 - expt-33 - INFO - epoch:25:: train_loss:0.9385671787197102 | train_f1_score: 0.6457371556623921
2025-04-16 17:15:36,168 - expt-33 - INFO - epoch:26:: train_loss:0.9393087949332524 | train_f1_score: 0.6439879073269201
2025-04-16 17:15:37,652 - expt-33 - INFO - model saved @/scratch/opsahoo.eee20.itbhu/Thesis/results/expt-33| 2025-04-15 18:57/weights/epoch-26.pt
2025-04-16 18:02:23,751 - expt-33 - INFO - epoch:27:: train_loss:0.937288790909654 | train_f1_score: 0.6472607196506113
2025-04-16 18:08:31,525 - expt-33 - INFO -              :: val_loss:0.9720773043878359 | val_f1_score:0.6485437389470711
2025-04-16 18:55:08,822 - expt-33 - INFO - epoch:28:: train_loss:0.9366388622502404 | train_f1_score: 0.6473209299523978
2025-04-16 18:55:10,593 - expt-33 - INFO - model saved @/scratch/opsahoo.eee20.itbhu/Thesis/results/expt-33| 2025-04-15 18:57/weights/epoch-28.pt
2025-04-16 19:41:40,551 - expt-33 - INFO - epoch:29:: train_loss:0.9387667752455476 | train_f1_score: 0.6472955287014562
2025-04-16 20:28:16,898 - expt-33 - INFO - epoch:30:: train_loss:0.9387181720280389 | train_f1_score: 0.6447685059227698
2025-04-16 20:34:20,580 - expt-33 - INFO -              :: val_loss:0.954982782104157 | val_f1_score:0.6463065899167704
2025-04-16 20:34:21,105 - expt-33 - INFO - model saved @/scratch/opsahoo.eee20.itbhu/Thesis/results/expt-33| 2025-04-15 18:57/weights/epoch-30.pt
2025-04-16 21:20:50,917 - expt-33 - INFO - epoch:31:: train_loss:0.9364166497441947 | train_f1_score: 0.6460621251156669
2025-04-16 22:07:34,520 - expt-33 - INFO - epoch:32:: train_loss:0.9348275563107117 | train_f1_score: 0.6475085603552581
2025-04-16 22:07:34,979 - expt-33 - INFO - model saved @/scratch/opsahoo.eee20.itbhu/Thesis/results/expt-33| 2025-04-15 18:57/weights/epoch-32.pt
2025-04-16 22:53:54,375 - expt-33 - INFO - epoch:33:: train_loss:0.9352807796752607 | train_f1_score: 0.6472001341358681
2025-04-16 22:59:59,787 - expt-33 - INFO -              :: val_loss:0.965162682908133 | val_f1_score:0.6419415682855193
2025-04-16 23:46:52,418 - expt-33 - INFO - epoch:34:: train_loss:0.9368184116733977 | train_f1_score: 0.6466666425015236
2025-04-16 23:46:53,304 - expt-33 - INFO - model saved @/scratch/opsahoo.eee20.itbhu/Thesis/results/expt-33| 2025-04-15 18:57/weights/epoch-34.pt
2025-04-16 23:54:55,573 - expt-36 - INFO - 
2025-04-16 23:54:55,596 - expt-36 - INFO - ++++++++++++++++++++++++++++++++++++++++++++++++++++++++++++++++++++++++
2025-04-16 23:54:55,596 - expt-36 - INFO - ++++++++++++++++++++++++++ Experiment: 36 ++++++++++++++++++++++++++
2025-04-16 23:54:55,596 - expt-36 - INFO - Description: fine-tuning model while freezing attention layers (after 110 epochs)
2025-04-16 23:54:55,597 - expt-36 - INFO - 
2025-04-16 23:54:55,597 - expt-36 - INFO - Loading dataset.
2025-04-16 23:54:55,597 - expt-36 - INFO - > Data names: ['microgrid_steady_state_rms', 'microgrid_fault_dataset_rms']
2025-04-16 23:54:55,597 - expt-36 - INFO - > Case range: [1, 3500]
2025-04-17 00:07:50,580 - expt-36 - INFO - 
2025-04-17 00:07:50,581 - expt-36 - INFO - Loading model.
2025-04-17 00:07:50,875 - expt-36 - INFO - > No. of parameters: 26343
2025-04-17 00:07:50,875 - expt-36 - INFO - 
2025-04-17 00:07:50,875 - expt-36 - INFO - Using device: cuda
2025-04-17 00:07:52,088 - expt-36 - INFO - > GPU: Tesla V100-PCIE-16GB
2025-04-17 00:07:55,035 - expt-36 - INFO - 
2025-04-17 00:07:55,035 - expt-36 - INFO - Loading pretrained model from: results/expt-35| 2025-04-15 23:56/weights/epoch-48.pt
2025-04-17 00:07:55,035 - expt-36 - INFO - > Used data info:: names: ['microgrid_steady_state_rms', 'microgrid_fault_dataset_rms'], range: [1, 3500]
2025-04-17 00:07:55,035 - expt-36 - INFO - > epoch:48:: train_loss:0.9740967247817038 | train_f1_score: 0.6115872674645187
2025-04-17 00:07:55,055 - expt-36 - INFO - 
2025-04-17 00:07:55,055 - expt-36 - INFO - ========== Starting model training. ==========
2025-04-17 00:33:49,281 - expt-33 - INFO - epoch:35:: train_loss:0.9371533446588872 | train_f1_score: 0.6438845363287725
2025-04-17 00:40:16,069 - expt-36 - INFO - epoch:0:: train_loss:0.9882396658841665 | train_f1_score: 0.6109429225599742
2025-04-17 00:44:25,621 - expt-36 - INFO -              :: val_loss:0.9833172168523753 | val_f1_score:0.6157370469083752
2025-04-17 01:17:13,191 - expt-36 - INFO - epoch:1:: train_loss:0.9872107699789413 | train_f1_score: 0.6105814340868977
2025-04-17 01:20:52,141 - expt-33 - INFO - epoch:36:: train_loss:0.9325961770645531 | train_f1_score: 0.6472830554493206
2025-04-17 01:26:51,787 - expt-33 - INFO -              :: val_loss:0.9339599949918137 | val_f1_score:0.6497971068102162
2025-04-17 01:26:52,334 - expt-33 - INFO - model saved @/scratch/opsahoo.eee20.itbhu/Thesis/results/expt-33| 2025-04-15 18:57/weights/epoch-36.pt
2025-04-17 01:49:31,316 - expt-36 - INFO - epoch:2:: train_loss:0.987416379339328 | train_f1_score: 0.6112538564866131
2025-04-17 02:13:10,353 - expt-33 - INFO - epoch:37:: train_loss:0.9309160281177924 | train_f1_score: 0.6490286498113652
2025-04-17 02:21:44,545 - expt-36 - INFO - epoch:3:: train_loss:0.983155030612209 | train_f1_score: 0.6096501066816175
2025-04-17 02:54:02,423 - expt-36 - INFO - epoch:4:: train_loss:0.9768520056906093 | train_f1_score: 0.6159320143938264
2025-04-17 02:59:53,443 - expt-33 - INFO - epoch:38:: train_loss:0.9346402558258221 | train_f1_score: 0.6466464137897513
2025-04-17 02:59:53,781 - expt-33 - INFO - model saved @/scratch/opsahoo.eee20.itbhu/Thesis/results/expt-33| 2025-04-15 18:57/weights/epoch-38.pt
2025-04-17 03:26:16,386 - expt-36 - INFO - epoch:5:: train_loss:0.9741488425204647 | train_f1_score: 0.6163424255166602
2025-04-17 03:30:27,487 - expt-36 - INFO -              :: val_loss:1.0324318330572464 | val_f1_score:0.6071835876914408
2025-04-17 03:30:27,566 - expt-36 - INFO - model saved @/scratch/opsahoo.eee20.itbhu/Thesis/results/expt-36| 2025-04-16 23:54/weights/epoch-5.pt
2025-04-17 03:46:21,178 - expt-33 - INFO - epoch:39:: train_loss:0.9322695802424259 | train_f1_score: 0.6485535156721047
2025-04-17 03:52:18,902 - expt-33 - INFO -              :: val_loss:0.9168570493246788 | val_f1_score:0.6610529924195252
2025-04-17 04:02:35,512 - expt-36 - INFO - epoch:6:: train_loss:0.9757759877397937 | train_f1_score: 0.6144253691815112
2025-04-17 04:34:47,496 - expt-36 - INFO - epoch:7:: train_loss:0.9788538723020216 | train_f1_score: 0.6126892606723112
2025-04-17 04:38:52,342 - expt-33 - INFO - epoch:40:: train_loss:0.9341989831881344 | train_f1_score: 0.6478025518345161
2025-04-17 04:38:54,814 - expt-33 - INFO - model saved @/scratch/opsahoo.eee20.itbhu/Thesis/results/expt-33| 2025-04-15 18:57/weights/epoch-40.pt
2025-04-17 05:07:02,721 - expt-36 - INFO - epoch:8:: train_loss:0.9764204251206551 | train_f1_score: 0.6136399301648578
2025-04-17 05:25:08,798 - expt-33 - INFO - epoch:41:: train_loss:0.9331454595855784 | train_f1_score: 0.6473655673999588
2025-04-17 05:39:23,183 - expt-36 - INFO - epoch:9:: train_loss:0.9710747094872137 | train_f1_score: 0.6174833271050166
2025-04-17 06:11:38,157 - expt-33 - INFO - epoch:42:: train_loss:0.9315193758592697 | train_f1_score: 0.6482955583789359
2025-04-17 06:11:44,363 - expt-36 - INFO - epoch:10:: train_loss:0.9724070793551097 | train_f1_score: 0.6150722909312448
2025-04-17 06:15:48,747 - expt-36 - INFO -              :: val_loss:0.9201777804208062 | val_f1_score:0.6407295185698586
2025-04-17 06:15:49,187 - expt-36 - INFO - model saved @/scratch/opsahoo.eee20.itbhu/Thesis/results/expt-36| 2025-04-16 23:54/weights/epoch-10.pt
2025-04-17 06:17:32,298 - expt-33 - INFO -              :: val_loss:0.8898384853689981 | val_f1_score:0.6725097913996186
2025-04-17 06:17:32,335 - expt-33 - INFO - model saved @/scratch/opsahoo.eee20.itbhu/Thesis/results/expt-33| 2025-04-15 18:57/weights/epoch-42.pt
2025-04-17 06:48:08,764 - expt-36 - INFO - epoch:11:: train_loss:0.9709225190553192 | train_f1_score: 0.6161423415876645
2025-04-17 07:04:01,086 - expt-33 - INFO - epoch:43:: train_loss:0.9334625478188222 | train_f1_score: 0.6458322340227117
2025-04-17 07:20:18,697 - expt-36 - INFO - epoch:12:: train_loss:0.9673550508236505 | train_f1_score: 0.6167020956887246
2025-04-17 07:50:08,739 - expt-33 - INFO - epoch:44:: train_loss:0.9332044933497748 | train_f1_score: 0.648193444005226
2025-04-17 07:50:09,129 - expt-33 - INFO - model saved @/scratch/opsahoo.eee20.itbhu/Thesis/results/expt-33| 2025-04-15 18:57/weights/epoch-44.pt
2025-04-17 07:52:26,112 - expt-36 - INFO - epoch:13:: train_loss:0.9700302790604364 | train_f1_score: 0.6153692034368307
2025-04-17 08:24:37,178 - expt-36 - INFO - epoch:14:: train_loss:0.9705998972106018 | train_f1_score: 0.615814476825516
2025-04-17 08:36:33,250 - expt-33 - INFO - epoch:45:: train_loss:0.9317925486871637 | train_f1_score: 0.6485470810806033
2025-04-17 08:42:32,439 - expt-33 - INFO -              :: val_loss:0.9718662286226 | val_f1_score:0.6400769949189117
2025-04-17 08:56:53,502 - expt-36 - INFO - epoch:15:: train_loss:0.9682731764761008 | train_f1_score: 0.6190156514957224
2025-04-17 09:01:03,314 - expt-36 - INFO -              :: val_loss:0.9501213964241928 | val_f1_score:0.622853485763474
2025-04-17 09:01:03,505 - expt-36 - INFO - model saved @/scratch/opsahoo.eee20.itbhu/Thesis/results/expt-36| 2025-04-16 23:54/weights/epoch-15.pt
2025-04-17 09:29:00,390 - expt-33 - INFO - epoch:46:: train_loss:0.933490411214243 | train_f1_score: 0.6491180484832493
2025-04-17 09:29:00,707 - expt-33 - INFO - model saved @/scratch/opsahoo.eee20.itbhu/Thesis/results/expt-33| 2025-04-15 18:57/weights/epoch-46.pt
2025-04-17 09:33:12,149 - expt-36 - INFO - epoch:16:: train_loss:0.9659468498671215 | train_f1_score: 0.6168136006015134
2025-04-17 10:05:14,615 - expt-36 - INFO - epoch:17:: train_loss:0.9650245925928846 | train_f1_score: 0.6186564792313256
2025-04-17 10:15:27,891 - expt-33 - INFO - epoch:47:: train_loss:0.9350646736853714 | train_f1_score: 0.6491436277735556
2025-04-17 10:37:12,782 - expt-36 - INFO - epoch:18:: train_loss:0.968115809569533 | train_f1_score: 0.6205890121153671
2025-04-17 11:01:39,171 - expt-33 - INFO - epoch:48:: train_loss:0.9307031375077266 | train_f1_score: 0.6484635347550477
2025-04-17 11:07:40,024 - expt-33 - INFO -              :: val_loss:0.8732025534320009 | val_f1_score:0.6713112262059163
2025-04-17 11:07:40,779 - expt-33 - INFO - model saved @/scratch/opsahoo.eee20.itbhu/Thesis/results/expt-33| 2025-04-15 18:57/weights/epoch-48.pt
2025-04-17 11:09:15,677 - expt-36 - INFO - epoch:19:: train_loss:0.965675003157259 | train_f1_score: 0.6182432499594305
2025-04-17 11:41:11,752 - expt-36 - INFO - epoch:20:: train_loss:0.965317215234326 | train_f1_score: 0.6214721215901852
2025-04-17 11:45:20,436 - expt-36 - INFO -              :: val_loss:0.8935027962524861 | val_f1_score:0.6314625836465517
2025-04-17 11:45:20,475 - expt-36 - INFO - model saved @/scratch/opsahoo.eee20.itbhu/Thesis/results/expt-36| 2025-04-16 23:54/weights/epoch-20.pt
2025-04-17 11:53:50,640 - expt-33 - INFO - epoch:49:: train_loss:0.9333351193133307 | train_f1_score: 0.6468012431464523
2025-04-17 12:17:31,356 - expt-36 - INFO - epoch:21:: train_loss:0.9624691981769575 | train_f1_score: 0.6211468663303515
2025-04-17 12:40:25,723 - expt-33 - INFO - epoch:50:: train_loss:0.928037690702882 | train_f1_score: 0.6492217231987193
2025-04-17 12:40:26,366 - expt-33 - INFO - model saved @/scratch/opsahoo.eee20.itbhu/Thesis/results/expt-33| 2025-04-15 18:57/weights/epoch-50.pt
2025-04-17 12:49:30,706 - expt-36 - INFO - epoch:22:: train_loss:0.9659528931077836 | train_f1_score: 0.6238470421832292
2025-04-17 13:21:58,150 - expt-36 - INFO - epoch:23:: train_loss:0.9684978311829264 | train_f1_score: 0.6176718649145094
2025-04-17 13:27:02,800 - expt-33 - INFO - epoch:51:: train_loss:0.9323121810819786 | train_f1_score: 0.6480153623924946
2025-04-17 13:33:02,779 - expt-33 - INFO -              :: val_loss:0.9898364631116431 | val_f1_score:0.6387296846330994
2025-04-17 13:54:05,903 - expt-36 - INFO - epoch:24:: train_loss:0.9633249341796827 | train_f1_score: 0.6192832917058262
2025-04-17 14:19:19,089 - expt-33 - INFO - epoch:52:: train_loss:0.9299684186656687 | train_f1_score: 0.65108402041836
2025-04-17 14:19:20,616 - expt-33 - INFO - model saved @/scratch/opsahoo.eee20.itbhu/Thesis/results/expt-33| 2025-04-15 18:57/weights/epoch-52.pt
2025-04-17 14:26:15,438 - expt-36 - INFO - epoch:25:: train_loss:0.9598020654648939 | train_f1_score: 0.6193179164603517
2025-04-17 14:30:25,077 - expt-36 - INFO -              :: val_loss:0.9704950405043115 | val_f1_score:0.6390107109503231
2025-04-17 14:30:25,537 - expt-36 - INFO - model saved @/scratch/opsahoo.eee20.itbhu/Thesis/results/expt-36| 2025-04-16 23:54/weights/epoch-25.pt
2025-04-17 15:02:31,096 - expt-36 - INFO - epoch:26:: train_loss:0.9605654670175686 | train_f1_score: 0.623236200905947
2025-04-17 15:05:45,568 - expt-33 - INFO - epoch:53:: train_loss:0.9318681103305112 | train_f1_score: 0.6486582632327638
2025-04-17 15:34:45,110 - expt-36 - INFO - epoch:27:: train_loss:0.9629293397350016 | train_f1_score: 0.618508763827576
2025-04-17 15:52:14,087 - expt-33 - INFO - epoch:54:: train_loss:0.9301708271378801 | train_f1_score: 0.6501787688141185
2025-04-17 15:58:13,695 - expt-33 - INFO -              :: val_loss:0.9126584429663549 | val_f1_score:0.6639990810519076
2025-04-17 15:58:14,317 - expt-33 - INFO - model saved @/scratch/opsahoo.eee20.itbhu/Thesis/results/expt-33| 2025-04-15 18:57/weights/epoch-54.pt
2025-04-17 16:06:44,373 - expt-36 - INFO - epoch:28:: train_loss:0.9654565857631745 | train_f1_score: 0.6208846599423211
2025-04-17 16:38:57,055 - expt-36 - INFO - epoch:29:: train_loss:0.963239586980989 | train_f1_score: 0.6186159716049314
2025-04-17 16:44:38,928 - expt-33 - INFO - epoch:55:: train_loss:0.9337651907415033 | train_f1_score: 0.6470339487120157
2025-04-17 17:11:13,168 - expt-36 - INFO - epoch:30:: train_loss:0.9667608251723463 | train_f1_score: 0.6182555048809898
2025-04-17 17:15:22,518 - expt-36 - INFO -              :: val_loss:0.8982401217432172 | val_f1_score:0.6407189352544069
2025-04-17 17:15:22,771 - expt-36 - INFO - model saved @/scratch/opsahoo.eee20.itbhu/Thesis/results/expt-36| 2025-04-16 23:54/weights/epoch-30.pt
2025-04-17 17:30:58,724 - expt-33 - INFO - epoch:56:: train_loss:0.9304757520103673 | train_f1_score: 0.6483321002204606
2025-04-17 17:30:58,755 - expt-33 - INFO - model saved @/scratch/opsahoo.eee20.itbhu/Thesis/results/expt-33| 2025-04-15 18:57/weights/epoch-56.pt
2025-04-17 17:47:44,592 - expt-36 - INFO - epoch:31:: train_loss:0.9614238592644481 | train_f1_score: 0.6194899284229883
2025-04-17 18:17:24,577 - expt-33 - INFO - epoch:57:: train_loss:0.92671222704257 | train_f1_score: 0.6487964737860202
2025-04-17 18:20:13,135 - expt-36 - INFO - epoch:32:: train_loss:0.9609695631624915 | train_f1_score: 0.6231964612480885
2025-04-17 18:23:25,201 - expt-33 - INFO -              :: val_loss:0.9458141556296394 | val_f1_score:0.644988162727833
2025-04-17 18:52:22,510 - expt-36 - INFO - epoch:33:: train_loss:0.9635289982815538 | train_f1_score: 0.6202172590627834
2025-04-17 19:09:55,518 - expt-33 - INFO - epoch:58:: train_loss:0.9350667388088391 | train_f1_score: 0.6446636141729056
2025-04-17 19:09:55,856 - expt-33 - INFO - model saved @/scratch/opsahoo.eee20.itbhu/Thesis/results/expt-33| 2025-04-15 18:57/weights/epoch-58.pt
2025-04-17 19:24:42,835 - expt-36 - INFO - epoch:34:: train_loss:0.9596549910658486 | train_f1_score: 0.6219392910826704
2025-04-17 19:55:57,612 - expt-33 - INFO - epoch:59:: train_loss:0.9264695959426904 | train_f1_score: 0.648865140911928
2025-04-17 19:56:54,701 - expt-36 - INFO - epoch:35:: train_loss:0.961553321038353 | train_f1_score: 0.6168958963445353
2025-04-17 20:01:09,595 - expt-36 - INFO -              :: val_loss:0.9904461718415221 | val_f1_score:0.6065489118142284
2025-04-17 20:01:09,845 - expt-36 - INFO - model saved @/scratch/opsahoo.eee20.itbhu/Thesis/results/expt-36| 2025-04-16 23:54/weights/epoch-35.pt
2025-04-17 20:33:11,767 - expt-36 - INFO - epoch:36:: train_loss:0.9599772502375287 | train_f1_score: 0.620189779190377
2025-04-17 20:42:28,818 - expt-33 - INFO - epoch:60:: train_loss:0.9338892491748195 | train_f1_score: 0.647612099358235
2025-04-17 20:48:28,194 - expt-33 - INFO -              :: val_loss:0.9114276257295183 | val_f1_score:0.655183557643209
2025-04-17 20:48:28,319 - expt-33 - INFO - model saved @/scratch/opsahoo.eee20.itbhu/Thesis/results/expt-33| 2025-04-15 18:57/weights/epoch-60.pt
2025-04-17 21:05:22,920 - expt-36 - INFO - epoch:37:: train_loss:0.9581414400786026 | train_f1_score: 0.6231566946150935
2025-04-17 21:34:50,696 - expt-33 - INFO - epoch:61:: train_loss:0.9290716222186179 | train_f1_score: 0.6492311954520777
2025-04-17 21:37:36,111 - expt-36 - INFO - epoch:38:: train_loss:0.9561616520304266 | train_f1_score: 0.6235752284872828
2025-04-17 22:09:45,309 - expt-36 - INFO - epoch:39:: train_loss:0.9622509101759337 | train_f1_score: 0.6252076763745434
2025-04-17 22:21:33,243 - expt-33 - INFO - epoch:62:: train_loss:0.932559619174222 | train_f1_score: 0.649075449200127
2025-04-17 22:21:34,456 - expt-33 - INFO - model saved @/scratch/opsahoo.eee20.itbhu/Thesis/results/expt-33| 2025-04-15 18:57/weights/epoch-62.pt
2025-04-17 22:41:42,041 - expt-36 - INFO - epoch:40:: train_loss:0.9597945785918723 | train_f1_score: 0.6236668549563261
2025-04-17 22:45:54,399 - expt-36 - INFO -              :: val_loss:1.1582557474476 | val_f1_score:0.5765123562397905
2025-04-17 22:45:54,427 - expt-36 - INFO - model saved @/scratch/opsahoo.eee20.itbhu/Thesis/results/expt-36| 2025-04-16 23:54/weights/epoch-40.pt
2025-04-17 23:07:49,770 - expt-33 - INFO - epoch:63:: train_loss:0.930480792004947 | train_f1_score: 0.6503167340630596
2025-04-17 23:13:50,324 - expt-33 - INFO -              :: val_loss:0.906891142506525 | val_f1_score:0.6653485791866701
2025-04-17 23:18:28,065 - expt-36 - INFO - epoch:41:: train_loss:0.9543719174931097 | train_f1_score: 0.6248905198630653
2025-04-17 23:50:39,269 - expt-36 - INFO - epoch:42:: train_loss:0.9579342503543504 | train_f1_score: 0.6256058090071216
2025-04-18 00:00:15,449 - expt-33 - INFO - epoch:64:: train_loss:0.9301358910563414 | train_f1_score: 0.6491631787240165
2025-04-18 00:00:15,605 - expt-33 - INFO - model saved @/scratch/opsahoo.eee20.itbhu/Thesis/results/expt-33| 2025-04-15 18:57/weights/epoch-64.pt
2025-04-18 00:22:53,831 - expt-36 - INFO - epoch:43:: train_loss:0.9584955767884548 | train_f1_score: 0.625564448827175
2025-04-18 00:46:36,690 - expt-33 - INFO - epoch:65:: train_loss:0.9301339794645335 | train_f1_score: 0.6507390545752602
2025-04-18 00:55:00,664 - expt-36 - INFO - epoch:44:: train_loss:0.9549284518193889 | train_f1_score: 0.6243206189782979
2025-04-18 01:27:12,981 - expt-36 - INFO - epoch:45:: train_loss:0.9564295013157144 | train_f1_score: 0.6216168959400995
2025-04-18 01:31:22,464 - expt-36 - INFO -              :: val_loss:0.9301223266108808 | val_f1_score:0.6376528635309899
2025-04-18 01:31:22,943 - expt-36 - INFO - model saved @/scratch/opsahoo.eee20.itbhu/Thesis/results/expt-36| 2025-04-16 23:54/weights/epoch-45.pt
2025-04-18 01:32:46,724 - expt-33 - INFO - epoch:66:: train_loss:0.9248352624421932 | train_f1_score: 0.651781475554477
2025-04-18 01:38:46,030 - expt-33 - INFO -              :: val_loss:0.9907618472847124 | val_f1_score:0.6339667907530198
2025-04-18 01:38:46,077 - expt-33 - INFO - model saved @/scratch/opsahoo.eee20.itbhu/Thesis/results/expt-33| 2025-04-15 18:57/weights/epoch-66.pt
2025-04-18 02:03:35,119 - expt-36 - INFO - epoch:46:: train_loss:0.9540035186814418 | train_f1_score: 0.6249335947064173
2025-04-18 02:25:10,155 - expt-33 - INFO - epoch:67:: train_loss:0.9300534361275339 | train_f1_score: 0.650348685194971
2025-04-18 02:35:43,551 - expt-36 - INFO - epoch:47:: train_loss:0.9556415931411191 | train_f1_score: 0.6264181515952497
2025-04-18 03:07:46,006 - expt-36 - INFO - epoch:48:: train_loss:0.9606927142408587 | train_f1_score: 0.6249297407585406
2025-04-18 03:11:34,598 - expt-33 - INFO - epoch:68:: train_loss:0.9299330331107061 | train_f1_score: 0.6506112877835009
2025-04-18 03:11:34,947 - expt-33 - INFO - model saved @/scratch/opsahoo.eee20.itbhu/Thesis/results/expt-33| 2025-04-15 18:57/weights/epoch-68.pt
2025-04-18 03:40:11,209 - expt-36 - INFO - epoch:49:: train_loss:0.9561679501806143 | train_f1_score: 0.6251958850513076
2025-04-18 03:57:43,872 - expt-33 - INFO - epoch:69:: train_loss:0.9260416818931464 | train_f1_score: 0.6486747840060705
2025-04-18 04:03:42,963 - expt-33 - INFO -              :: val_loss:1.004679209358457 | val_f1_score:0.6326802233446438
2025-04-18 04:12:17,295 - expt-36 - INFO - epoch:50:: train_loss:0.9484121000644129 | train_f1_score: 0.6292934803794952
2025-04-18 04:16:26,200 - expt-36 - INFO -              :: val_loss:0.9443943778663502 | val_f1_score:0.6345252520794364
2025-04-18 04:16:26,369 - expt-36 - INFO - model saved @/scratch/opsahoo.eee20.itbhu/Thesis/results/expt-36| 2025-04-16 23:54/weights/epoch-50.pt
2025-04-18 04:48:37,435 - expt-36 - INFO - epoch:51:: train_loss:0.9557829025692125 | train_f1_score: 0.6290765596000532
2025-04-18 04:50:05,591 - expt-33 - INFO - epoch:70:: train_loss:0.9286411181555648 | train_f1_score: 0.6484067689824772
2025-04-18 04:50:05,888 - expt-33 - INFO - model saved @/scratch/opsahoo.eee20.itbhu/Thesis/results/expt-33| 2025-04-15 18:57/weights/epoch-70.pt
2025-04-18 05:20:42,700 - expt-36 - INFO - epoch:52:: train_loss:0.953718149984527 | train_f1_score: 0.628995518598079
2025-04-18 05:36:21,131 - expt-33 - INFO - epoch:71:: train_loss:0.9286446341807176 | train_f1_score: 0.6474343798550714
2025-04-18 05:53:02,358 - expt-36 - INFO - epoch:53:: train_loss:0.9589024374651475 | train_f1_score: 0.6250402876779109
2025-04-18 06:22:39,825 - expt-33 - INFO - epoch:72:: train_loss:0.9279893865787291 | train_f1_score: 0.650138041557344
2025-04-18 06:25:05,127 - expt-36 - INFO - epoch:54:: train_loss:0.9507200896565774 | train_f1_score: 0.6264407130566207
2025-04-18 06:28:41,037 - expt-33 - INFO -              :: val_loss:0.9215700213868464 | val_f1_score:0.6438899804404944
2025-04-18 06:28:41,333 - expt-33 - INFO - model saved @/scratch/opsahoo.eee20.itbhu/Thesis/results/expt-33| 2025-04-15 18:57/weights/epoch-72.pt
2025-04-18 06:57:11,369 - expt-36 - INFO - epoch:55:: train_loss:0.952566039710735 | train_f1_score: 0.6268564805845628
2025-04-18 07:01:21,580 - expt-36 - INFO -              :: val_loss:1.003109522408192 | val_f1_score:0.6284375682982323
2025-04-18 07:01:21,669 - expt-36 - INFO - model saved @/scratch/opsahoo.eee20.itbhu/Thesis/results/expt-36| 2025-04-16 23:54/weights/epoch-55.pt
2025-04-18 07:15:01,933 - expt-33 - INFO - epoch:73:: train_loss:0.9272181333788723 | train_f1_score: 0.6489224651308118
2025-04-18 07:33:31,796 - expt-36 - INFO - epoch:56:: train_loss:0.9533958508045046 | train_f1_score: 0.6241765282129548
2025-04-18 08:01:30,282 - expt-33 - INFO - epoch:74:: train_loss:0.9267915244949331 | train_f1_score: 0.6495450649631447
2025-04-18 08:01:30,607 - expt-33 - INFO - model saved @/scratch/opsahoo.eee20.itbhu/Thesis/results/expt-33| 2025-04-15 18:57/weights/epoch-74.pt
2025-04-18 08:05:43,084 - expt-36 - INFO - epoch:57:: train_loss:0.9513929411091059 | train_f1_score: 0.6285583761609594
2025-04-18 08:37:55,792 - expt-36 - INFO - epoch:58:: train_loss:0.9573887760667218 | train_f1_score: 0.6232677101624393
2025-04-18 08:48:02,165 - expt-33 - INFO - epoch:75:: train_loss:0.9292226908406208 | train_f1_score: 0.6469002251186976
2025-04-18 08:54:06,183 - expt-33 - INFO -              :: val_loss:0.9698146665012763 | val_f1_score:0.6390331632170014
2025-04-18 09:10:02,167 - expt-36 - INFO - epoch:59:: train_loss:0.9517244215657998 | train_f1_score: 0.6290260948121625
2025-04-18 09:40:23,793 - expt-33 - INFO - epoch:76:: train_loss:0.9260472821096579 | train_f1_score: 0.6499667776875893
2025-04-18 09:40:24,174 - expt-33 - INFO - model saved @/scratch/opsahoo.eee20.itbhu/Thesis/results/expt-33| 2025-04-15 18:57/weights/epoch-76.pt
2025-04-18 09:42:02,511 - expt-36 - INFO - epoch:60:: train_loss:0.9533587917566609 | train_f1_score: 0.6273399457800389
2025-04-18 09:46:13,350 - expt-36 - INFO -              :: val_loss:0.980937458126342 | val_f1_score:0.6235655843463971
2025-04-18 09:46:13,408 - expt-36 - INFO - model saved @/scratch/opsahoo.eee20.itbhu/Thesis/results/expt-36| 2025-04-16 23:54/weights/epoch-60.pt
2025-04-18 10:18:21,030 - expt-36 - INFO - epoch:61:: train_loss:0.9539417680785958 | train_f1_score: 0.6243482711591695
2025-04-18 10:26:55,541 - expt-33 - INFO - epoch:77:: train_loss:0.9248514769314964 | train_f1_score: 0.6491843281968498
2025-04-18 10:50:37,338 - expt-36 - INFO - epoch:62:: train_loss:0.9465250488804894 | train_f1_score: 0.6301980622282702
2025-04-18 11:13:14,123 - expt-33 - INFO - epoch:78:: train_loss:0.9309508320700189 | train_f1_score: 0.6486964345494488
2025-04-18 11:19:14,459 - expt-33 - INFO -              :: val_loss:1.016548835063459 | val_f1_score:0.6300359390492299
2025-04-18 11:19:14,739 - expt-33 - INFO - model saved @/scratch/opsahoo.eee20.itbhu/Thesis/results/expt-33| 2025-04-15 18:57/weights/epoch-78.pt
2025-04-18 11:22:37,747 - expt-36 - INFO - epoch:63:: train_loss:0.955420369779694 | train_f1_score: 0.6240624729390373
2025-04-18 11:54:48,811 - expt-36 - INFO - epoch:64:: train_loss:0.9525182475249467 | train_f1_score: 0.6263755107103958
2025-04-18 12:05:28,793 - expt-33 - INFO - epoch:79:: train_loss:0.9217560966153419 | train_f1_score: 0.6525725269458438
2025-04-18 12:26:57,926 - expt-36 - INFO - epoch:65:: train_loss:0.9546314588263994 | train_f1_score: 0.6271107152922708
2025-04-18 12:31:06,348 - expt-36 - INFO -              :: val_loss:1.079851910684454 | val_f1_score:0.5856034640462094
2025-04-18 12:31:06,566 - expt-36 - INFO - model saved @/scratch/opsahoo.eee20.itbhu/Thesis/results/expt-36| 2025-04-16 23:54/weights/epoch-65.pt
2025-04-18 12:52:04,721 - expt-33 - INFO - epoch:80:: train_loss:0.9246337287464268 | train_f1_score: 0.6519643761098678
2025-04-18 12:52:04,896 - expt-33 - INFO - model saved @/scratch/opsahoo.eee20.itbhu/Thesis/results/expt-33| 2025-04-15 18:57/weights/epoch-80.pt
2025-04-18 13:03:29,094 - expt-36 - INFO - epoch:66:: train_loss:0.9547277621615325 | train_f1_score: 0.6277850529702523
2025-04-18 13:35:39,187 - expt-36 - INFO - epoch:67:: train_loss:0.952275091296365 | train_f1_score: 0.6288164480384154
2025-04-18 13:38:41,041 - expt-33 - INFO - epoch:81:: train_loss:0.9247969229288128 | train_f1_score: 0.6497593253465757
2025-04-18 13:44:39,939 - expt-33 - INFO -              :: val_loss:0.9616969050714947 | val_f1_score:0.6436388428701337
2025-04-18 14:07:59,129 - expt-36 - INFO - epoch:68:: train_loss:0.9532640615124864 | train_f1_score: 0.6257872379094943
2025-04-18 14:30:58,563 - expt-33 - INFO - epoch:82:: train_loss:0.9232844243704827 | train_f1_score: 0.6533112192428373
2025-04-18 14:30:58,906 - expt-33 - INFO - model saved @/scratch/opsahoo.eee20.itbhu/Thesis/results/expt-33| 2025-04-15 18:57/weights/epoch-82.pt
2025-04-18 14:39:55,321 - expt-36 - INFO - epoch:69:: train_loss:0.9504027496290696 | train_f1_score: 0.6274237410829757
2025-04-18 15:12:09,649 - expt-36 - INFO - epoch:70:: train_loss:0.9557173980972512 | train_f1_score: 0.6276590907139602
2025-04-18 15:16:18,308 - expt-36 - INFO -              :: val_loss:0.945655816969905 | val_f1_score:0.6409604109326514
2025-04-18 15:16:18,479 - expt-36 - INFO - model saved @/scratch/opsahoo.eee20.itbhu/Thesis/results/expt-36| 2025-04-16 23:54/weights/epoch-70.pt
2025-04-18 15:17:27,877 - expt-33 - INFO - epoch:83:: train_loss:0.929220680278536 | train_f1_score: 0.6502637935115984
2025-04-18 15:48:34,531 - expt-36 - INFO - epoch:71:: train_loss:0.9513761304816885 | train_f1_score: 0.6293776953967419
2025-04-18 16:03:53,366 - expt-33 - INFO - epoch:84:: train_loss:0.9211851714044361 | train_f1_score: 0.6503951122644119
2025-04-18 16:09:51,461 - expt-33 - INFO -              :: val_loss:0.9405216933625774 | val_f1_score:0.6497769616638086
2025-04-18 16:09:51,636 - expt-33 - INFO - model saved @/scratch/opsahoo.eee20.itbhu/Thesis/results/expt-33| 2025-04-15 18:57/weights/epoch-84.pt
2025-04-18 16:20:45,153 - expt-36 - INFO - epoch:72:: train_loss:0.9524821823301487 | train_f1_score: 0.6271323656804706
2025-04-18 16:52:59,530 - expt-36 - INFO - epoch:73:: train_loss:0.9521773179428211 | train_f1_score: 0.6288180336820488
2025-04-18 16:56:09,767 - expt-33 - INFO - epoch:85:: train_loss:0.9272597455484873 | train_f1_score: 0.6507176308108849
2025-04-18 17:25:16,497 - expt-36 - INFO - epoch:74:: train_loss:0.9498017921282264 | train_f1_score: 0.6282785180746292
2025-04-18 17:42:33,753 - expt-33 - INFO - epoch:86:: train_loss:0.9244922306459101 | train_f1_score: 0.652201301430197
2025-04-18 17:42:33,916 - expt-33 - INFO - model saved @/scratch/opsahoo.eee20.itbhu/Thesis/results/expt-33| 2025-04-15 18:57/weights/epoch-86.pt
2025-04-18 17:57:23,038 - expt-36 - INFO - epoch:75:: train_loss:0.9544297946522193 | train_f1_score: 0.6287647710862138
2025-04-18 18:01:32,118 - expt-36 - INFO -              :: val_loss:0.961239268135954 | val_f1_score:0.634503946737715
2025-04-18 18:01:32,204 - expt-36 - INFO - model saved @/scratch/opsahoo.eee20.itbhu/Thesis/results/expt-36| 2025-04-16 23:54/weights/epoch-75.pt
2025-04-18 18:28:55,395 - expt-33 - INFO - epoch:87:: train_loss:0.9235463470972545 | train_f1_score: 0.6518882250347605
2025-04-18 18:33:37,012 - expt-36 - INFO - epoch:76:: train_loss:0.9532978982435073 | train_f1_score: 0.6281470333523329
2025-04-18 18:34:53,824 - expt-33 - INFO -              :: val_loss:1.1093333957459857 | val_f1_score:0.619008725709538
2025-04-18 19:05:36,569 - expt-36 - INFO - epoch:77:: train_loss:0.9539878211231275 | train_f1_score: 0.6275429582739288
2025-04-18 19:21:13,267 - expt-33 - INFO - epoch:88:: train_loss:0.9229223880551884 | train_f1_score: 0.6521693012139682
2025-04-18 19:21:13,448 - expt-33 - INFO - model saved @/scratch/opsahoo.eee20.itbhu/Thesis/results/expt-33| 2025-04-15 18:57/weights/epoch-88.pt
2025-04-18 19:37:49,569 - expt-36 - INFO - epoch:78:: train_loss:0.950371496450219 | train_f1_score: 0.6298527545715891
2025-04-18 20:07:30,033 - expt-33 - INFO - epoch:89:: train_loss:0.9234584403985145 | train_f1_score: 0.6529332269312561
2025-04-18 20:09:47,161 - expt-36 - INFO - epoch:79:: train_loss:0.9514273552947956 | train_f1_score: 0.6265424773439171
2025-04-18 20:42:00,943 - expt-36 - INFO - epoch:80:: train_loss:0.9497321024870395 | train_f1_score: 0.6290172152007674
2025-04-18 20:46:11,087 - expt-36 - INFO -              :: val_loss:0.9753199218706458 | val_f1_score:0.607296140825092
2025-04-18 20:46:11,330 - expt-36 - INFO - model saved @/scratch/opsahoo.eee20.itbhu/Thesis/results/expt-36| 2025-04-16 23:54/weights/epoch-80.pt
2025-04-18 20:53:53,059 - expt-33 - INFO - epoch:90:: train_loss:0.9240054040288566 | train_f1_score: 0.6508540396443662
2025-04-18 20:59:52,920 - expt-33 - INFO -              :: val_loss:0.9812365906514908 | val_f1_score:0.6324763070069164
2025-04-18 20:59:52,963 - expt-33 - INFO - model saved @/scratch/opsahoo.eee20.itbhu/Thesis/results/expt-33| 2025-04-15 18:57/weights/epoch-90.pt
2025-04-18 21:18:23,214 - expt-36 - INFO - epoch:81:: train_loss:0.9530528568826868 | train_f1_score: 0.627799123189969
2025-04-18 21:46:09,298 - expt-33 - INFO - epoch:91:: train_loss:0.9231811256558969 | train_f1_score: 0.6529172392564416
2025-04-18 21:50:35,978 - expt-36 - INFO - epoch:82:: train_loss:0.9511167773350215 | train_f1_score: 0.6288094028852665
2025-04-18 22:22:43,960 - expt-36 - INFO - epoch:83:: train_loss:0.9527783246198963 | train_f1_score: 0.6294037617759375
2025-04-18 22:32:42,721 - expt-33 - INFO - epoch:92:: train_loss:0.9208742816329949 | train_f1_score: 0.6536621607889931
2025-04-18 22:32:42,880 - expt-33 - INFO - model saved @/scratch/opsahoo.eee20.itbhu/Thesis/results/expt-33| 2025-04-15 18:57/weights/epoch-92.pt
2025-04-18 22:54:55,703 - expt-36 - INFO - epoch:84:: train_loss:0.9505292181879093 | train_f1_score: 0.6275737678175577
2025-04-18 23:19:18,389 - expt-33 - INFO - epoch:93:: train_loss:0.919566955089469 | train_f1_score: 0.6536726453911392
2025-04-18 23:25:17,797 - expt-33 - INFO -              :: val_loss:0.9808877548531925 | val_f1_score:0.6319876853324979
2025-04-18 23:26:57,735 - expt-36 - INFO - epoch:85:: train_loss:0.9502983812942737 | train_f1_score: 0.6269594484032704
2025-04-18 23:31:07,313 - expt-36 - INFO -              :: val_loss:0.9162709736753126 | val_f1_score:0.6384842030052262
2025-04-18 23:31:08,255 - expt-36 - INFO - model saved @/scratch/opsahoo.eee20.itbhu/Thesis/results/expt-36| 2025-04-16 23:54/weights/epoch-85.pt
2025-04-19 00:03:15,644 - expt-36 - INFO - epoch:86:: train_loss:0.9511892575174117 | train_f1_score: 0.6299062031663188
2025-04-19 00:11:40,969 - expt-33 - INFO - epoch:94:: train_loss:0.9218348024375895 | train_f1_score: 0.6541668585347173
2025-04-19 00:11:40,996 - expt-33 - INFO - model saved @/scratch/opsahoo.eee20.itbhu/Thesis/results/expt-33| 2025-04-15 18:57/weights/epoch-94.pt
2025-04-19 00:35:48,508 - expt-36 - INFO - epoch:87:: train_loss:0.9504077784064531 | train_f1_score: 0.6305424213095402
2025-04-19 00:58:04,097 - expt-33 - INFO - epoch:95:: train_loss:0.9240113449169306 | train_f1_score: 0.6534391523976609
2025-04-19 01:08:01,569 - expt-36 - INFO - epoch:88:: train_loss:0.9516355682088836 | train_f1_score: 0.6284512773823548
2025-04-19 01:40:18,247 - expt-36 - INFO - epoch:89:: train_loss:0.9470434562968791 | train_f1_score: 0.6308731915931711
2025-04-19 01:44:25,269 - expt-33 - INFO - epoch:96:: train_loss:0.922106574545657 | train_f1_score: 0.653524614031402
2025-04-19 01:50:23,247 - expt-33 - INFO -              :: val_loss:0.9817783421433507 | val_f1_score:0.6416334359030141
2025-04-19 01:50:23,519 - expt-33 - INFO - model saved @/scratch/opsahoo.eee20.itbhu/Thesis/results/expt-33| 2025-04-15 18:57/weights/epoch-96.pt
2025-04-19 02:12:15,540 - expt-36 - INFO - epoch:90:: train_loss:0.9505992226940053 | train_f1_score: 0.627738543211316
2025-04-19 02:16:24,767 - expt-36 - INFO -              :: val_loss:0.9803361658136897 | val_f1_score:0.6114251941335059
2025-04-19 02:16:24,799 - expt-36 - INFO - model saved @/scratch/opsahoo.eee20.itbhu/Thesis/results/expt-36| 2025-04-16 23:54/weights/epoch-90.pt
2025-04-19 02:36:47,267 - expt-33 - INFO - epoch:97:: train_loss:0.9186807981069837 | train_f1_score: 0.6528557665504834
2025-04-19 02:48:38,450 - expt-36 - INFO - epoch:91:: train_loss:0.9508908933203782 | train_f1_score: 0.629264117982283
2025-04-19 03:20:53,706 - expt-36 - INFO - epoch:92:: train_loss:0.9506799341168736 | train_f1_score: 0.6305587438703177
2025-04-19 03:23:13,354 - expt-33 - INFO - epoch:98:: train_loss:0.9217411627993896 | train_f1_score: 0.6516749409032581
2025-04-19 03:23:13,493 - expt-33 - INFO - model saved @/scratch/opsahoo.eee20.itbhu/Thesis/results/expt-33| 2025-04-15 18:57/weights/epoch-98.pt
2025-04-19 03:53:15,770 - expt-36 - INFO - epoch:93:: train_loss:0.9475614247699822 | train_f1_score: 0.6331429317513206
2025-04-19 04:09:52,456 - expt-33 - INFO - epoch:99:: train_loss:0.9172417939009637 | train_f1_score: 0.6557209114132669
2025-04-19 04:15:52,488 - expt-33 - INFO -              :: val_loss:0.9198984238793739 | val_f1_score:0.6463795282114833
2025-04-19 04:15:53,383 - expt-33 - INFO - -------------------------- Training Complete. --------------------------
2025-04-19 04:15:53,383 - expt-33 - INFO - Done: 81.0Hr 18.86999999999989 Mins.
2025-04-19 04:15:53,383 - expt-33 - INFO - 
2025-04-19 04:25:22,556 - expt-36 - INFO - epoch:94:: train_loss:0.947193151325314 | train_f1_score: 0.6312195619305269
2025-04-19 04:57:53,535 - expt-36 - INFO - epoch:95:: train_loss:0.9514879002871559 | train_f1_score: 0.6284502908846104
2025-04-19 05:02:08,427 - expt-36 - INFO -              :: val_loss:0.9686006677032675 | val_f1_score:0.5999399006878342
2025-04-19 05:02:08,712 - expt-36 - INFO - model saved @/scratch/opsahoo.eee20.itbhu/Thesis/results/expt-36| 2025-04-16 23:54/weights/epoch-95.pt
2025-04-19 05:35:04,484 - expt-36 - INFO - epoch:96:: train_loss:0.9484680493246296 | train_f1_score: 0.6303707169865014
2025-04-19 06:07:42,014 - expt-36 - INFO - epoch:97:: train_loss:0.9511266352673418 | train_f1_score: 0.6303400315755328
2025-04-19 06:40:33,814 - expt-36 - INFO - epoch:98:: train_loss:0.949754501392482 | train_f1_score: 0.6269830379624637
2025-04-19 07:13:21,304 - expt-36 - INFO - epoch:99:: train_loss:0.9502690456010228 | train_f1_score: 0.6281096806068556
2025-04-19 07:46:18,276 - expt-36 - INFO - epoch:100:: train_loss:0.9469190048735012 | train_f1_score: 0.6322430054255056
2025-04-19 07:50:31,299 - expt-36 - INFO -              :: val_loss:1.0905651934481495 | val_f1_score:0.5884742859080363
2025-04-19 07:50:32,648 - expt-36 - INFO - model saved @/scratch/opsahoo.eee20.itbhu/Thesis/results/expt-36| 2025-04-16 23:54/weights/epoch-100.pt
2025-04-19 07:50:36,476 - expt-36 - INFO - -------------------------- Training Complete. --------------------------
2025-04-19 07:50:36,477 - expt-36 - INFO - Done: 55.0Hr 55.6909999999998 Mins.
2025-04-19 07:50:36,477 - expt-36 - INFO - 
2025-04-22 16:12:21,709 - expt-debug - INFO - ++++++++++++++++++++++++++++++++++++++++++++++++++++++++++++++++++++++++
2025-04-22 16:12:21,709 - expt-debug - INFO - ++++++++++++++++++++++++++ Experiment: debug ++++++++++++++++++++++++++
2025-04-22 16:12:21,710 - expt-debug - INFO - Description: testing multi-gpu training
2025-04-22 16:12:21,710 - expt-debug - INFO - 
2025-04-22 16:12:21,710 - expt-debug - INFO - Dataset info.
2025-04-22 16:12:21,710 - expt-debug - INFO - > Data names: ['microgrid_steady_state_rms', 'microgrid_fault_dataset_rms']
2025-04-22 16:12:21,710 - expt-debug - INFO - > Case range: [1, 2700]
2025-04-22 16:12:21,711 - expt-debug - INFO - 
2025-04-22 16:12:21,711 - expt-debug - INFO - Loading model.
2025-04-22 16:12:22,494 - expt-debug - INFO - > No. of parameters: 26343
2025-04-22 16:12:22,494 - expt-debug - INFO - 
2025-04-22 16:12:22,511 - expt-debug - INFO - Using device: cuda
2025-04-22 16:12:22,856 - expt-debug - INFO - > GPU: Tesla V100-PCIE-16GB
2025-04-22 16:21:52,104 - expt-debug - INFO - 
2025-04-22 16:21:52,105 - expt-debug - INFO - ========== Starting model training. ==========
2025-04-22 17:12:51,044 - expt-debug - INFO - epoch:0:: train_loss:1.2526411785876372 | train_f1_score: 0.3857752043595747
2025-04-22 17:18:28,364 - expt-debug - INFO -              :: val_loss:0.9413530349907933 | val_f1_score:0.5343270849609508
2025-04-22 18:06:24,034 - expt-debug - INFO - epoch:1:: train_loss:0.9558917929415311 | train_f1_score: 0.5115128732743298
2025-04-22 18:54:33,485 - expt-debug - INFO - epoch:2:: train_loss:0.9019224540666927 | train_f1_score: 0.5330308919091385
2025-04-22 19:41:31,871 - expt-debug - INFO - epoch:3:: train_loss:0.875065403348143 | train_f1_score: 0.5465008072822415
2025-04-22 20:33:09,878 - expt-debug - INFO - epoch:4:: train_loss:0.8493929622818623 | train_f1_score: 0.5578665648397572
2025-04-22 21:21:28,396 - expt-debug - INFO - epoch:5:: train_loss:0.8302852593829086 | train_f1_score: 0.56922580484416
2025-04-22 21:26:58,830 - expt-debug - INFO -              :: val_loss:0.7046290385525982 | val_f1_score:0.557046288553577
2025-04-22 21:27:00,628 - expt-debug - INFO - model saved @/scratch/opsahoo.eee20.itbhu/Thesis/debug/weights/epoch-5.pt
2025-04-22 22:13:30,102 - expt-debug - INFO - epoch:6:: train_loss:0.8178173494218235 | train_f1_score: 0.576508690848143
2025-04-22 23:01:29,379 - expt-debug - INFO - epoch:7:: train_loss:0.8088365408259642 | train_f1_score: 0.5823330862082335
2025-04-22 23:49:07,831 - expt-debug - INFO - epoch:8:: train_loss:0.7947558758031829 | train_f1_score: 0.5989567609943723
2025-04-23 00:36:01,792 - expt-debug - INFO - epoch:9:: train_loss:0.7835335780336236 | train_f1_score: 0.6138512155327023
2025-04-23 00:36:06,348 - expt-debug - INFO - -------------------------- Training Complete. --------------------------
2025-04-23 00:36:06,348 - expt-debug - INFO - Done: 8.0Hr 23.761000000000024 Mins.
2025-04-23 00:36:06,348 - expt-debug - INFO - 
2025-04-23 11:35:06,894 - expt-37 - INFO - 
2025-04-23 11:35:06,923 - expt-37 - INFO - ++++++++++++++++++++++++++++++++++++++++++++++++++++++++++++++++++++++++
2025-04-23 11:35:06,923 - expt-37 - INFO - ++++++++++++++++++++++++++ Experiment: 37 ++++++++++++++++++++++++++
2025-04-23 11:35:06,924 - expt-37 - INFO - Description: testing multi-gpu training
2025-04-23 11:35:06,924 - expt-37 - INFO - 
2025-04-23 11:35:06,924 - expt-37 - INFO - Dataset info.
2025-04-23 11:35:06,924 - expt-37 - INFO - > Data names: ['microgrid_steady_state_rms', 'microgrid_fault_dataset_rms']
2025-04-23 11:35:06,924 - expt-37 - INFO - > Case range: [1, 2700]
2025-04-23 11:35:06,925 - expt-37 - INFO - 
2025-04-23 11:35:06,925 - expt-37 - INFO - Loading model.
2025-04-23 11:35:08,188 - expt-37 - INFO - > No. of parameters: 26343
2025-04-23 11:35:08,188 - expt-37 - INFO - 
2025-04-23 11:35:08,213 - expt-37 - INFO - Using device: cuda
2025-04-23 11:35:08,611 - expt-37 - INFO - > GPU: Tesla V100-PCIE-16GB
2025-04-23 11:43:52,854 - expt-37 - INFO - Dataset Size: 31860
2025-04-23 11:44:00,176 - expt-37 - INFO - 
2025-04-23 11:44:00,177 - expt-37 - INFO - ========== Starting model training. ==========
2025-04-23 11:53:16,117 - expt-37 - INFO - epoch:0:: train_loss:1.6651541377574963 | train_f1_score: 0.24456742018509295
2025-04-23 11:54:14,971 - expt-37 - INFO -              :: val_loss:1.402102748297594 | val_f1_score:0.2754062743165087
2025-04-23 12:03:59,596 - expt-37 - INFO - epoch:1:: train_loss:1.3874799690595043 | train_f1_score: 0.3027361953312386
2025-04-23 12:13:22,947 - expt-37 - INFO - epoch:2:: train_loss:1.250349465750361 | train_f1_score: 0.35416664727647496
2025-04-23 12:22:48,977 - expt-37 - INFO - epoch:3:: train_loss:1.194713703543763 | train_f1_score: 0.3843969431270344
2025-04-23 12:32:09,331 - expt-37 - INFO - epoch:4:: train_loss:1.143296696636109 | train_f1_score: 0.42247072123960194
2025-04-23 12:41:57,637 - expt-37 - INFO - epoch:5:: train_loss:1.1015096409176794 | train_f1_score: 0.45860925965452776
2025-04-23 12:43:02,023 - expt-37 - INFO -              :: val_loss:0.8869926686879784 | val_f1_score:0.5995016094754592
2025-04-23 12:43:04,371 - expt-37 - INFO - model saved @/scratch/opsahoo.eee20.itbhu/Thesis/results/expt-37| 2025-04-23 11:35/weights/epoch-5.pt
2025-04-23 12:52:33,999 - expt-37 - INFO - epoch:6:: train_loss:1.0345196143560538 | train_f1_score: 0.4957523812161499
2025-04-23 13:02:04,336 - expt-37 - INFO - epoch:7:: train_loss:0.9959390033990316 | train_f1_score: 0.5046008614262282
2025-04-23 13:11:17,143 - expt-37 - INFO - epoch:8:: train_loss:0.9770196770735599 | train_f1_score: 0.5161434932602613
2025-04-23 13:20:42,843 - expt-37 - INFO - epoch:9:: train_loss:0.9605151093979506 | train_f1_score: 0.5240620918770065
2025-04-23 13:30:07,607 - expt-37 - INFO - epoch:10:: train_loss:0.9539776858827437 | train_f1_score: 0.5281367520409134
2025-04-23 13:31:09,980 - expt-37 - INFO -              :: val_loss:0.7557478608085266 | val_f1_score:0.6495394003673007
2025-04-23 13:31:11,071 - expt-37 - INFO - model saved @/scratch/opsahoo.eee20.itbhu/Thesis/results/expt-37| 2025-04-23 11:35/weights/epoch-10.pt
2025-04-23 13:40:54,516 - expt-37 - INFO - epoch:11:: train_loss:0.943422605100515 | train_f1_score: 0.5409789854309045
2025-04-23 13:50:15,653 - expt-37 - INFO - epoch:12:: train_loss:0.9294430624534182 | train_f1_score: 0.5476795708156914
2025-04-23 13:59:41,227 - expt-37 - INFO - epoch:13:: train_loss:0.9152443617337676 | train_f1_score: 0.5557838665341623
2025-04-23 14:09:09,639 - expt-37 - INFO - epoch:14:: train_loss:0.9129386953649352 | train_f1_score: 0.5545080463918242
2025-04-23 14:18:27,502 - expt-37 - INFO - epoch:15:: train_loss:0.8973890318988024 | train_f1_score: 0.5650499708262148
2025-04-23 14:19:28,321 - expt-37 - INFO -              :: val_loss:0.7045461888180963 | val_f1_score:0.6633919478960181
2025-04-23 14:19:28,531 - expt-37 - INFO - model saved @/scratch/opsahoo.eee20.itbhu/Thesis/results/expt-37| 2025-04-23 11:35/weights/epoch-15.pt
2025-04-23 14:28:55,239 - expt-37 - INFO - epoch:16:: train_loss:0.8930508665912563 | train_f1_score: 0.5690436634599909
2025-04-23 14:38:04,334 - expt-37 - INFO - epoch:17:: train_loss:0.8861611658236853 | train_f1_score: 0.5686970040436649
2025-04-23 14:47:23,733 - expt-37 - INFO - epoch:18:: train_loss:0.8742947673669257 | train_f1_score: 0.5717383749582753
2025-04-23 14:56:43,640 - expt-37 - INFO - epoch:19:: train_loss:0.8719118933865666 | train_f1_score: 0.5751279120609957
2025-04-23 15:06:39,094 - expt-37 - INFO - epoch:20:: train_loss:0.8618400466919692 | train_f1_score: 0.5788420956243981
2025-04-23 15:07:42,949 - expt-37 - INFO -              :: val_loss:0.7594130248564798 | val_f1_score:0.6419440416248634
2025-04-23 15:07:43,660 - expt-37 - INFO - model saved @/scratch/opsahoo.eee20.itbhu/Thesis/results/expt-37| 2025-04-23 11:35/weights/epoch-20.pt
2025-04-23 15:17:14,680 - expt-37 - INFO - epoch:21:: train_loss:0.8505420568206852 | train_f1_score: 0.5848504537464366
2025-04-23 15:26:41,506 - expt-37 - INFO - epoch:22:: train_loss:0.8540576583334968 | train_f1_score: 0.585266115261663
2025-04-23 15:35:50,376 - expt-37 - INFO - epoch:23:: train_loss:0.8479401099448439 | train_f1_score: 0.5910260470472876
2025-04-23 15:44:59,824 - expt-37 - INFO - epoch:24:: train_loss:0.849100278358118 | train_f1_score: 0.5877326229766296
2025-04-23 15:54:32,131 - expt-37 - INFO - epoch:25:: train_loss:0.8436089631279874 | train_f1_score: 0.5943026984849575
2025-04-23 15:55:30,976 - expt-37 - INFO -              :: val_loss:0.6874175633702603 | val_f1_score:0.661236772823342
2025-04-23 15:55:31,035 - expt-37 - INFO - model saved @/scratch/opsahoo.eee20.itbhu/Thesis/results/expt-37| 2025-04-23 11:35/weights/epoch-25.pt
2025-04-23 16:05:12,137 - expt-37 - INFO - epoch:26:: train_loss:0.8375794391315219 | train_f1_score: 0.5955371605524896
2025-04-23 16:14:12,668 - expt-37 - INFO - epoch:27:: train_loss:0.8366857632494483 | train_f1_score: 0.6012730219846988
2025-04-23 16:22:43,277 - expt-37 - INFO - epoch:28:: train_loss:0.8203901686565706 | train_f1_score: 0.6057786445879136
2025-04-23 16:31:09,975 - expt-37 - INFO - epoch:29:: train_loss:0.8240222396211414 | train_f1_score: 0.6066666241838174
2025-04-23 16:39:51,601 - expt-37 - INFO - epoch:30:: train_loss:0.8208915569024771 | train_f1_score: 0.6150856709550043
2025-04-23 16:40:52,286 - expt-37 - INFO -              :: val_loss:0.650048893659614 | val_f1_score:0.6841437619784712
2025-04-23 16:40:53,150 - expt-37 - INFO - model saved @/scratch/opsahoo.eee20.itbhu/Thesis/results/expt-37| 2025-04-23 11:35/weights/epoch-30.pt
2025-04-23 16:49:18,898 - expt-37 - INFO - epoch:31:: train_loss:0.8059503675385062 | train_f1_score: 0.6237737190688504
2025-04-23 16:57:57,005 - expt-37 - INFO - epoch:32:: train_loss:0.810527864289823 | train_f1_score: 0.6162100858929388
2025-04-23 17:06:26,846 - expt-37 - INFO - epoch:33:: train_loss:0.804020957557293 | train_f1_score: 0.6191891722488403
2025-04-23 17:15:09,923 - expt-37 - INFO - epoch:34:: train_loss:0.8003159029794277 | train_f1_score: 0.6202197240897321
2025-04-23 17:24:32,550 - expt-37 - INFO - epoch:35:: train_loss:0.7937647848234006 | train_f1_score: 0.6299816782630223
2025-04-23 17:25:36,873 - expt-37 - INFO -              :: val_loss:0.6303518946265851 | val_f1_score:0.684165137625837
2025-04-23 17:25:38,738 - expt-37 - INFO - model saved @/scratch/opsahoo.eee20.itbhu/Thesis/results/expt-37| 2025-04-23 11:35/weights/epoch-35.pt
2025-04-23 17:34:20,353 - expt-37 - INFO - epoch:36:: train_loss:0.7854458988858959 | train_f1_score: 0.6297943065029179
2025-04-23 17:42:52,919 - expt-37 - INFO - epoch:37:: train_loss:0.7873449497434564 | train_f1_score: 0.6415736034618718
2025-04-23 17:51:18,746 - expt-37 - INFO - epoch:38:: train_loss:0.7798655962143723 | train_f1_score: 0.6454379272138625
2025-04-23 17:59:55,380 - expt-37 - INFO - epoch:39:: train_loss:0.7792521574267778 | train_f1_score: 0.6445903478681922
2025-04-23 18:08:31,350 - expt-37 - INFO - epoch:40:: train_loss:0.7730912801063212 | train_f1_score: 0.6471759390384475
2025-04-23 18:09:34,320 - expt-37 - INFO -              :: val_loss:0.5789510547868739 | val_f1_score:0.6956235260006226
2025-04-23 18:09:34,371 - expt-37 - INFO - model saved @/scratch/opsahoo.eee20.itbhu/Thesis/results/expt-37| 2025-04-23 11:35/weights/epoch-40.pt
2025-04-23 18:18:07,436 - expt-37 - INFO - epoch:41:: train_loss:0.7689163948478205 | train_f1_score: 0.6492446854086035
2025-04-23 18:27:04,564 - expt-37 - INFO - epoch:42:: train_loss:0.7711043327985514 | train_f1_score: 0.644964209846038
2025-04-23 18:35:45,538 - expt-37 - INFO - epoch:43:: train_loss:0.7663448105150024 | train_f1_score: 0.6471993960659462
2025-04-23 18:44:17,806 - expt-37 - INFO - epoch:44:: train_loss:0.7673641747018917 | train_f1_score: 0.645622287780622
2025-04-23 18:52:54,524 - expt-37 - INFO - epoch:45:: train_loss:0.7618548666122742 | train_f1_score: 0.6493416395178179
2025-04-23 18:53:59,483 - expt-37 - INFO -              :: val_loss:0.571289442812268 | val_f1_score:0.7036503616037535
2025-04-23 18:54:00,887 - expt-37 - INFO - model saved @/scratch/opsahoo.eee20.itbhu/Thesis/results/expt-37| 2025-04-23 11:35/weights/epoch-45.pt
2025-04-23 19:02:42,896 - expt-37 - INFO - epoch:46:: train_loss:0.7518269583372564 | train_f1_score: 0.6559329182573093
2025-04-23 19:11:15,390 - expt-37 - INFO - epoch:47:: train_loss:0.7619620172116491 | train_f1_score: 0.6541251809732868
2025-04-23 19:19:42,060 - expt-37 - INFO - epoch:48:: train_loss:0.7500415359749297 | train_f1_score: 0.6569420374209961
2025-04-23 19:28:12,569 - expt-37 - INFO - epoch:49:: train_loss:0.7509656640172626 | train_f1_score: 0.6573509365649678
2025-04-23 19:37:25,271 - expt-37 - INFO - epoch:50:: train_loss:0.7417856811309227 | train_f1_score: 0.6668601273973058
2025-04-23 19:38:29,444 - expt-37 - INFO -              :: val_loss:0.542854714525279 | val_f1_score:0.7100768067107283
2025-04-23 19:38:31,521 - expt-37 - INFO - model saved @/scratch/opsahoo.eee20.itbhu/Thesis/results/expt-37| 2025-04-23 11:35/weights/epoch-50.pt
2025-04-23 19:47:04,872 - expt-37 - INFO - epoch:51:: train_loss:0.7467940621719757 | train_f1_score: 0.6613617650203149
2025-04-23 19:55:21,045 - expt-37 - INFO - epoch:52:: train_loss:0.739695607550082 | train_f1_score: 0.6667534457458191
2025-04-23 20:03:48,114 - expt-37 - INFO - epoch:53:: train_loss:0.7470416868559369 | train_f1_score: 0.666174792423538
2025-04-23 20:12:13,567 - expt-37 - INFO - epoch:54:: train_loss:0.7460244155702358 | train_f1_score: 0.6650633224035966
2025-04-23 20:20:41,788 - expt-37 - INFO - epoch:55:: train_loss:0.7351952432120425 | train_f1_score: 0.671101784350632
2025-04-23 20:21:41,684 - expt-37 - INFO -              :: val_loss:0.5402115845430171 | val_f1_score:0.7121684426735074
2025-04-23 20:21:41,796 - expt-37 - INFO - model saved @/scratch/opsahoo.eee20.itbhu/Thesis/results/expt-37| 2025-04-23 11:35/weights/epoch-55.pt
2025-04-23 20:30:09,981 - expt-37 - INFO - epoch:56:: train_loss:0.7373876595487934 | train_f1_score: 0.6696548618028976
2025-04-23 20:38:45,797 - expt-37 - INFO - epoch:57:: train_loss:0.7376043870534946 | train_f1_score: 0.6696258642415905
2025-04-23 20:47:13,710 - expt-37 - INFO - epoch:58:: train_loss:0.7369406947137872 | train_f1_score: 0.6742755040470058
2025-04-23 20:55:55,101 - expt-37 - INFO - epoch:59:: train_loss:0.7312072472997662 | train_f1_score: 0.6743931694042983
2025-04-23 21:05:28,289 - expt-37 - INFO - epoch:60:: train_loss:0.7257741853856061 | train_f1_score: 0.679167369447705
2025-04-23 21:06:33,803 - expt-37 - INFO -              :: val_loss:0.5440867332519382 | val_f1_score:0.738761983324104
2025-04-23 21:06:33,830 - expt-37 - INFO - model saved @/scratch/opsahoo.eee20.itbhu/Thesis/results/expt-37| 2025-04-23 11:35/weights/epoch-60.pt
2025-04-23 21:16:00,553 - expt-37 - INFO - epoch:61:: train_loss:0.7273162422704875 | train_f1_score: 0.6763219024710553
2025-04-23 21:25:38,876 - expt-37 - INFO - epoch:62:: train_loss:0.730291753739443 | train_f1_score: 0.6823309290693694
2025-04-23 21:35:10,417 - expt-37 - INFO - epoch:63:: train_loss:0.7282710462992942 | train_f1_score: 0.6861334016273136
2025-04-23 21:44:59,072 - expt-37 - INFO - epoch:64:: train_loss:0.7252107103572195 | train_f1_score: 0.6851096781775811
2025-04-23 21:54:31,914 - expt-37 - INFO - epoch:65:: train_loss:0.7231630035647802 | train_f1_score: 0.6845778951249512
2025-04-23 21:55:33,907 - expt-37 - INFO -              :: val_loss:0.5647673443812693 | val_f1_score:0.7254452999891979
2025-04-23 21:55:36,866 - expt-37 - INFO - model saved @/scratch/opsahoo.eee20.itbhu/Thesis/results/expt-37| 2025-04-23 11:35/weights/epoch-65.pt
2025-04-23 22:05:09,061 - expt-37 - INFO - epoch:66:: train_loss:0.7183694772149312 | train_f1_score: 0.6882442606020324
2025-04-23 22:14:34,759 - expt-37 - INFO - epoch:67:: train_loss:0.7214948930976285 | train_f1_score: 0.6900420980795177
2025-04-23 22:24:08,479 - expt-37 - INFO - epoch:68:: train_loss:0.7193269635795685 | train_f1_score: 0.6904073078297918
2025-04-23 22:33:55,160 - expt-37 - INFO - epoch:69:: train_loss:0.7155813205972329 | train_f1_score: 0.691408915461005
2025-04-23 22:43:35,609 - expt-37 - INFO - epoch:70:: train_loss:0.712395872554514 | train_f1_score: 0.6966816722187225
2025-04-23 22:44:36,259 - expt-37 - INFO -              :: val_loss:0.5255646794162632 | val_f1_score:0.7836598658496126
2025-04-23 22:44:38,032 - expt-37 - INFO - model saved @/scratch/opsahoo.eee20.itbhu/Thesis/results/expt-37| 2025-04-23 11:35/weights/epoch-70.pt
2025-04-23 22:54:25,263 - expt-37 - INFO - epoch:71:: train_loss:0.7074232016754378 | train_f1_score: 0.6981452932183305
2025-04-23 23:03:45,677 - expt-37 - INFO - epoch:72:: train_loss:0.7111461080771899 | train_f1_score: 0.6929932031711522
2025-04-23 23:13:17,114 - expt-37 - INFO - epoch:73:: train_loss:0.7127447956191165 | train_f1_score: 0.6983862841381117
2025-04-23 23:22:44,850 - expt-37 - INFO - epoch:74:: train_loss:0.7128319456669573 | train_f1_score: 0.6955143608763692
2025-04-23 23:32:28,621 - expt-37 - INFO - epoch:75:: train_loss:0.7099821871321562 | train_f1_score: 0.6994942036587432
2025-04-23 23:33:30,795 - expt-37 - INFO -              :: val_loss:0.6023519095217366 | val_f1_score:0.7131744441657789
2025-04-23 23:33:30,874 - expt-37 - INFO - model saved @/scratch/opsahoo.eee20.itbhu/Thesis/results/expt-37| 2025-04-23 11:35/weights/epoch-75.pt
2025-04-23 23:43:20,654 - expt-37 - INFO - epoch:76:: train_loss:0.7097980333133955 | train_f1_score: 0.7031506829048403
2025-04-23 23:52:57,090 - expt-37 - INFO - epoch:77:: train_loss:0.7027713455458914 | train_f1_score: 0.7054924842493425
2025-04-24 00:02:18,771 - expt-37 - INFO - epoch:78:: train_loss:0.7077478034814629 | train_f1_score: 0.6995888030726048
2025-04-24 00:11:45,515 - expt-37 - INFO - epoch:79:: train_loss:0.7000974323068057 | train_f1_score: 0.7095803135990283
2025-04-24 00:21:00,969 - expt-37 - INFO - epoch:80:: train_loss:0.6957993903896783 | train_f1_score: 0.7086306055552009
2025-04-24 00:22:04,446 - expt-37 - INFO -              :: val_loss:0.5456213984765373 | val_f1_score:0.7613748698184714
2025-04-24 00:22:05,561 - expt-37 - INFO - model saved @/scratch/opsahoo.eee20.itbhu/Thesis/results/expt-37| 2025-04-23 11:35/weights/epoch-80.pt
2025-04-24 00:31:51,902 - expt-37 - INFO - epoch:81:: train_loss:0.6994177157232104 | train_f1_score: 0.7110212058450406
2025-04-24 00:41:20,715 - expt-37 - INFO - epoch:82:: train_loss:0.7084314040841867 | train_f1_score: 0.701488555272655
2025-04-24 00:50:21,692 - expt-37 - INFO - epoch:83:: train_loss:0.6967229038215174 | train_f1_score: 0.7106459293174842
2025-04-24 00:59:09,125 - expt-37 - INFO - epoch:84:: train_loss:0.693197434382198 | train_f1_score: 0.7157443848468104
2025-04-24 01:07:56,245 - expt-37 - INFO - epoch:85:: train_loss:0.6903215014764859 | train_f1_score: 0.7099618081492814
2025-04-24 01:08:58,562 - expt-37 - INFO -              :: val_loss:0.5529506947928448 | val_f1_score:0.7518259304249133
2025-04-24 01:08:59,524 - expt-37 - INFO - model saved @/scratch/opsahoo.eee20.itbhu/Thesis/results/expt-37| 2025-04-23 11:35/weights/epoch-85.pt
2025-04-24 01:17:08,534 - expt-37 - INFO - epoch:86:: train_loss:0.6953225247756417 | train_f1_score: 0.7137276480552849
2025-04-24 01:25:38,641 - expt-37 - INFO - epoch:87:: train_loss:0.6897996123631807 | train_f1_score: 0.7185948798259087
2025-04-24 01:34:07,220 - expt-37 - INFO - epoch:88:: train_loss:0.687683208044258 | train_f1_score: 0.7167412762109152
2025-04-24 01:42:35,069 - expt-37 - INFO - epoch:89:: train_loss:0.6868666688988474 | train_f1_score: 0.7182108234587028
2025-04-24 01:51:23,896 - expt-37 - INFO - epoch:90:: train_loss:0.6877737327508223 | train_f1_score: 0.7195761774923167
2025-04-24 01:52:28,045 - expt-37 - INFO -              :: val_loss:0.5339563853429659 | val_f1_score:0.7539234796064636
2025-04-24 01:52:28,521 - expt-37 - INFO - model saved @/scratch/opsahoo.eee20.itbhu/Thesis/results/expt-37| 2025-04-23 11:35/weights/epoch-90.pt
2025-04-24 02:01:06,501 - expt-37 - INFO - epoch:91:: train_loss:0.6807437870267385 | train_f1_score: 0.7145414793460626
2025-04-24 02:09:57,246 - expt-37 - INFO - epoch:92:: train_loss:0.6816544683848638 | train_f1_score: 0.7220334452938445
2025-04-24 02:18:35,207 - expt-37 - INFO - epoch:93:: train_loss:0.6832913282678468 | train_f1_score: 0.7213571345184847
2025-04-24 02:27:05,116 - expt-37 - INFO - epoch:94:: train_loss:0.682859612152191 | train_f1_score: 0.722658407861993
2025-04-24 02:35:40,322 - expt-37 - INFO - epoch:95:: train_loss:0.6752623631238672 | train_f1_score: 0.7266388033423495
2025-04-24 02:36:42,383 - expt-37 - INFO -              :: val_loss:0.4978647683555017 | val_f1_score:0.8023306451366272
2025-04-24 02:36:42,742 - expt-37 - INFO - model saved @/scratch/opsahoo.eee20.itbhu/Thesis/results/expt-37| 2025-04-23 11:35/weights/epoch-95.pt
2025-04-24 02:45:21,922 - expt-37 - INFO - epoch:96:: train_loss:0.6707752393689167 | train_f1_score: 0.7232018407681728
2025-04-24 02:54:06,355 - expt-37 - INFO - epoch:97:: train_loss:0.6783929019364654 | train_f1_score: 0.7266195155795429
2025-04-24 03:02:43,763 - expt-37 - INFO - epoch:98:: train_loss:0.6732274758564772 | train_f1_score: 0.7268370374035477
2025-04-24 03:11:32,092 - expt-37 - INFO - epoch:99:: train_loss:0.6730987169579644 | train_f1_score: 0.7255815244536626
2025-04-24 03:11:33,092 - expt-37 - INFO - -------------------------- Training Complete. --------------------------
2025-04-24 03:11:33,145 - expt-37 - INFO - Done: 15.0Hr 36.47199999999998 Mins.
2025-04-24 03:11:33,145 - expt-37 - INFO - 
2025-04-24 19:32:32,737 - expt-38 - INFO - 
2025-04-24 19:32:33,567 - expt-38 - INFO - ++++++++++++++++++++++++++++++++++++++++++++++++++++++++++++++++++++++++
2025-04-24 19:32:33,568 - expt-38 - INFO - ++++++++++++++++++++++++++ Experiment: 38 ++++++++++++++++++++++++++
2025-04-24 19:32:33,568 - expt-38 - INFO - Description: testing multi-gpu training
2025-04-24 19:32:33,568 - expt-38 - INFO - 
2025-04-24 19:32:33,568 - expt-38 - INFO - Dataset info.
2025-04-24 19:32:33,568 - expt-38 - INFO - > Data names: ['microgrid_steady_state_rms', 'microgrid_fault_dataset_rms']
2025-04-24 19:32:33,569 - expt-38 - INFO - > Case range: [1, 2700]
2025-04-24 19:32:33,569 - expt-38 - INFO - 
2025-04-24 19:32:33,569 - expt-38 - INFO - Loading model.
2025-04-24 19:32:35,204 - expt-38 - INFO - > No. of parameters: 26343
2025-04-24 19:32:35,204 - expt-38 - INFO - 
2025-04-24 19:32:35,321 - expt-38 - INFO - Using device: cuda
2025-04-24 19:32:35,933 - expt-38 - INFO - > GPU: Tesla V100-PCIE-16GB
2025-04-24 19:42:17,923 - expt-38 - INFO - Dataset Size: 66420
2025-04-24 19:42:20,824 - expt-38 - INFO - 
2025-04-24 19:42:20,824 - expt-38 - INFO - ========== Starting model training. ==========
2025-04-24 20:01:43,425 - expt-38 - INFO - epoch:0:: train_loss:1.5270277462617599 | train_f1_score: 0.3324956868612098
2025-04-24 20:03:47,036 - expt-38 - INFO -              :: val_loss:1.153775257127727 | val_f1_score:0.4760685701083784
2025-04-24 20:21:16,976 - expt-38 - INFO - epoch:1:: train_loss:1.1827423485037332 | train_f1_score: 0.45012240483378474
2025-04-24 20:39:20,207 - expt-38 - INFO - epoch:2:: train_loss:1.0556065117854394 | train_f1_score: 0.48573869136771347
2025-04-24 20:56:44,357 - expt-38 - INFO - epoch:3:: train_loss:1.0091912295876282 | train_f1_score: 0.5076699465992418
2025-04-24 21:14:21,584 - expt-38 - INFO - epoch:4:: train_loss:0.9758239922311557 | train_f1_score: 0.5260296575461395
2025-04-24 21:31:45,337 - expt-38 - INFO - epoch:5:: train_loss:0.9475663004097397 | train_f1_score: 0.5406887124713103
2025-04-24 21:33:56,289 - expt-38 - INFO -              :: val_loss:0.7850677861505359 | val_f1_score:0.6108330423131914
2025-04-24 21:33:57,794 - expt-38 - INFO - model saved @/scratch/opsahoo.eee20.itbhu/Thesis/results/expt-38| 2025-04-24 19:32/weights/epoch-5.pt
2025-04-24 21:52:02,274 - expt-38 - INFO - epoch:6:: train_loss:0.9201273607934632 | train_f1_score: 0.5521517947016429
2025-04-24 22:09:56,395 - expt-38 - INFO - epoch:7:: train_loss:0.8921332915826627 | train_f1_score: 0.5685989553172177
2025-04-24 22:27:28,881 - expt-38 - INFO - epoch:8:: train_loss:0.8748810870842375 | train_f1_score: 0.5756643032299776
2025-04-24 22:44:37,159 - expt-38 - INFO - epoch:9:: train_loss:0.8508384320164201 | train_f1_score: 0.5880843939403037
2025-04-24 23:02:03,834 - expt-38 - INFO - epoch:10:: train_loss:0.8314192955604415 | train_f1_score: 0.59712381747165
2025-04-24 23:04:16,189 - expt-38 - INFO -              :: val_loss:0.6361577875564763 | val_f1_score:0.6814396161510744
2025-04-24 23:04:17,827 - expt-38 - INFO - model saved @/scratch/opsahoo.eee20.itbhu/Thesis/results/expt-38| 2025-04-24 19:32/weights/epoch-10.pt
2025-04-24 23:21:51,010 - expt-38 - INFO - epoch:11:: train_loss:0.8308857196149562 | train_f1_score: 0.5967608337495712
2025-04-24 23:39:19,832 - expt-38 - INFO - epoch:12:: train_loss:0.8188681209989219 | train_f1_score: 0.6037285436809581
2025-04-25 00:06:19,982 - expt-39 - INFO - 
2025-04-25 00:06:20,430 - expt-39 - INFO - ++++++++++++++++++++++++++++++++++++++++++++++++++++++++++++++++++++++++
2025-04-25 00:06:20,430 - expt-39 - INFO - ++++++++++++++++++++++++++ Experiment: 39 ++++++++++++++++++++++++++
2025-04-25 00:06:20,431 - expt-39 - INFO - Description: testing multi-gpu training
2025-04-25 00:06:20,431 - expt-39 - INFO - 
2025-04-25 00:06:20,431 - expt-39 - INFO - Dataset info.
2025-04-25 00:06:20,431 - expt-39 - INFO - > Data names: ['microgrid_steady_state_rms', 'microgrid_fault_dataset_rms']
2025-04-25 00:06:20,431 - expt-39 - INFO - > Case range: [1, 2700]
2025-04-25 00:06:20,431 - expt-39 - INFO - 
2025-04-25 00:06:20,432 - expt-39 - INFO - Loading model.
2025-04-25 00:06:22,506 - expt-39 - INFO - > No. of parameters: 26343
2025-04-25 00:06:22,506 - expt-39 - INFO - 
2025-04-25 00:06:22,540 - expt-39 - INFO - Using device: cuda
2025-04-25 00:06:23,256 - expt-39 - INFO - > GPU: Tesla V100-PCIE-16GB
2025-04-25 00:16:38,627 - expt-39 - INFO - Dataset Size: 66420
2025-04-25 00:16:41,940 - expt-39 - INFO - 
2025-04-25 00:16:41,941 - expt-39 - INFO - ========== Starting model training. ==========
2025-04-25 00:38:19,885 - expt-39 - INFO - epoch:0:: train_loss:1.5095470454210052 | train_f1_score: 0.33458505890367096
2025-04-25 00:40:21,488 - expt-39 - INFO -              :: val_loss:1.1212559502567745 | val_f1_score:0.4350589752708816
2025-04-25 01:00:14,386 - expt-39 - INFO - epoch:1:: train_loss:1.170147146195227 | train_f1_score: 0.48347515333873714
2025-04-25 01:20:15,700 - expt-39 - INFO - epoch:2:: train_loss:1.0697256613382948 | train_f1_score: 0.5411528688371545
2025-04-25 01:41:15,998 - expt-39 - INFO - epoch:3:: train_loss:1.0352455574508628 | train_f1_score: 0.5476711319462655
2025-04-25 02:00:46,733 - expt-39 - INFO - epoch:4:: train_loss:1.0119046172531616 | train_f1_score: 0.5505206254593654
2025-04-25 02:20:08,648 - expt-39 - INFO - epoch:5:: train_loss:0.9942880464623004 | train_f1_score: 0.5577943636182215
2025-04-25 02:22:20,715 - expt-39 - INFO -              :: val_loss:0.8387584942113269 | val_f1_score:0.5988132112015968
2025-04-25 02:22:25,011 - expt-39 - INFO - model saved @/scratch/opsahoo.eee20.itbhu/Thesis/results/expt-39| 2025-04-25 00:06/weights/epoch-5.pt
2025-04-25 02:41:59,089 - expt-39 - INFO - epoch:6:: train_loss:0.9849965396501622 | train_f1_score: 0.5602962504553207
2025-04-25 03:02:11,482 - expt-39 - INFO - epoch:7:: train_loss:0.9641400254922298 | train_f1_score: 0.5727910353717728
2025-04-25 03:22:16,479 - expt-39 - INFO - epoch:8:: train_loss:0.9568596451746504 | train_f1_score: 0.5833180027270229
2025-04-25 03:42:24,706 - expt-39 - INFO - epoch:9:: train_loss:0.9510706880193173 | train_f1_score: 0.5858913496016266
2025-04-25 04:01:52,300 - expt-39 - INFO - epoch:10:: train_loss:0.9284759417624782 | train_f1_score: 0.6003314138666562
2025-04-25 04:04:03,329 - expt-39 - INFO -              :: val_loss:0.7517546364872236 | val_f1_score:0.7256110535109952
2025-04-25 04:04:04,536 - expt-39 - INFO - model saved @/scratch/opsahoo.eee20.itbhu/Thesis/results/expt-39| 2025-04-25 00:06/weights/epoch-10.pt
2025-04-25 04:21:52,718 - expt-39 - INFO - epoch:11:: train_loss:0.920061929880824 | train_f1_score: 0.6079173274577717
2025-04-25 04:39:47,877 - expt-39 - INFO - epoch:12:: train_loss:0.9093923848689777 | train_f1_score: 0.6261124320661359
2025-04-25 04:57:27,568 - expt-39 - INFO - epoch:13:: train_loss:0.8890148584245429 | train_f1_score: 0.6375422217167876
2025-04-25 05:15:23,408 - expt-39 - INFO - epoch:14:: train_loss:0.8923044716832762 | train_f1_score: 0.6373134097616671
2025-04-25 05:33:09,361 - expt-39 - INFO - epoch:15:: train_loss:0.8631032595985878 | train_f1_score: 0.6504603945223801
2025-04-25 05:35:12,340 - expt-39 - INFO -              :: val_loss:0.66971627351099 | val_f1_score:0.7714501327958349
2025-04-25 05:35:13,545 - expt-39 - INFO - model saved @/scratch/opsahoo.eee20.itbhu/Thesis/results/expt-39| 2025-04-25 00:06/weights/epoch-15.pt
2025-04-25 05:52:58,786 - expt-39 - INFO - epoch:16:: train_loss:0.8545124677354456 | train_f1_score: 0.6567208342441425
2025-04-25 06:10:56,424 - expt-39 - INFO - epoch:17:: train_loss:0.8443759927166924 | train_f1_score: 0.6608456723611905
2025-04-25 06:28:37,613 - expt-39 - INFO - epoch:18:: train_loss:0.8258257655577056 | train_f1_score: 0.6658662591149173
2025-04-25 06:46:27,289 - expt-39 - INFO - epoch:19:: train_loss:0.8248823193811737 | train_f1_score: 0.6676950582019359
2025-04-25 07:04:18,790 - expt-39 - INFO - epoch:20:: train_loss:0.8254734381481597 | train_f1_score: 0.672622175810143
2025-04-25 07:06:25,664 - expt-39 - INFO -              :: val_loss:0.683932519117888 | val_f1_score:0.7415982748440474
2025-04-25 07:06:26,634 - expt-39 - INFO - model saved @/scratch/opsahoo.eee20.itbhu/Thesis/results/expt-39| 2025-04-25 00:06/weights/epoch-20.pt
2025-04-25 07:24:37,867 - expt-39 - INFO - epoch:21:: train_loss:0.8243184473917813 | train_f1_score: 0.6725535624384775
2025-04-25 07:43:06,935 - expt-39 - INFO - epoch:22:: train_loss:0.8152816440291862 | train_f1_score: 0.67619618953165
2025-04-25 08:01:29,114 - expt-39 - INFO - epoch:23:: train_loss:0.8052756688585618 | train_f1_score: 0.6812789922367527
2025-04-25 08:19:09,030 - expt-39 - INFO - epoch:24:: train_loss:0.799960941702256 | train_f1_score: 0.6855732619701996
2025-04-25 08:37:02,159 - expt-39 - INFO - epoch:25:: train_loss:0.8028093881094471 | train_f1_score: 0.6846984922089019
2025-04-25 08:39:10,029 - expt-39 - INFO -              :: val_loss:0.6889555744275307 | val_f1_score:0.6916724643576558
2025-04-25 08:39:10,690 - expt-39 - INFO - model saved @/scratch/opsahoo.eee20.itbhu/Thesis/results/expt-39| 2025-04-25 00:06/weights/epoch-25.pt
2025-04-25 08:56:06,571 - expt-40 - INFO - 
2025-04-25 08:56:06,732 - expt-40 - INFO - ++++++++++++++++++++++++++++++++++++++++++++++++++++++++++++++++++++++++
2025-04-25 08:56:06,733 - expt-40 - INFO - ++++++++++++++++++++++++++ Experiment: 40 ++++++++++++++++++++++++++
2025-04-25 08:56:06,733 - expt-40 - INFO - Description: removed steady component of data
2025-04-25 08:56:06,733 - expt-40 - INFO - 
2025-04-25 08:56:06,733 - expt-40 - INFO - Dataset info.
2025-04-25 08:56:06,733 - expt-40 - INFO - > Data names: ['microgrid_steady_state_rms', 'microgrid_fault_dataset_rms']
2025-04-25 08:56:06,734 - expt-40 - INFO - > Case range: [1, 2700]
2025-04-25 08:56:06,734 - expt-40 - INFO - 
2025-04-25 08:56:06,734 - expt-40 - INFO - Loading model.
2025-04-25 08:56:07,663 - expt-40 - INFO - > No. of parameters: 26343
2025-04-25 08:56:07,664 - expt-40 - INFO - 
2025-04-25 08:56:07,664 - expt-40 - INFO - Using device: cuda
2025-04-25 08:56:08,143 - expt-40 - INFO - > GPU: Tesla V100-PCIE-16GB
2025-04-25 08:59:08,582 - expt-39 - INFO - epoch:26:: train_loss:0.7944607003646745 | train_f1_score: 0.6854355150497938
2025-04-25 09:04:23,526 - expt-40 - INFO - Dataset Size: 31860
2025-04-25 09:04:26,501 - expt-40 - INFO - 
2025-04-25 09:04:26,502 - expt-40 - INFO - Loading pretrained model from: results/expt-37| 2025-04-23 11:35/weights/epoch-95.pt
2025-04-25 09:04:26,502 - expt-40 - INFO - > Used data info:: names: ['microgrid_steady_state_rms', 'microgrid_fault_dataset_rms'], range: [1, 2700]
2025-04-25 09:04:26,502 - expt-40 - INFO - > epoch:95:: train_loss:0.6752623631238672 | train_f1_score: 0.7266388033423495
2025-04-25 09:04:26,618 - expt-40 - INFO - 
2025-04-25 09:04:26,619 - expt-40 - INFO - ========== Starting model training. ==========
2025-04-25 09:12:17,082 - expt-40 - INFO - epoch:0:: train_loss:0.6867492304136849 | train_f1_score: 0.7173947440520987
2025-04-25 09:13:14,450 - expt-40 - INFO -              :: val_loss:0.5569886553207369 | val_f1_score:0.7594890408058879
2025-04-25 09:15:46,702 - expt-39 - INFO - epoch:27:: train_loss:0.8070344033250743 | train_f1_score: 0.6862268850397965
2025-04-25 09:20:35,687 - expt-40 - INFO - epoch:1:: train_loss:0.6772205650874905 | train_f1_score: 0.7286411699394068
2025-04-25 09:27:51,407 - expt-40 - INFO - epoch:2:: train_loss:0.6755339889927061 | train_f1_score: 0.7231226323995747
2025-04-25 09:31:57,426 - expt-39 - INFO - epoch:28:: train_loss:0.7857139806518312 | train_f1_score: 0.6900084888870187
2025-04-25 09:35:14,603 - expt-40 - INFO - epoch:3:: train_loss:0.6694917946442518 | train_f1_score: 0.7285870527665418
2025-04-25 09:42:45,694 - expt-40 - INFO - epoch:4:: train_loss:0.6773763614732317 | train_f1_score: 0.7278580575456592
2025-04-25 09:48:05,362 - expt-39 - INFO - epoch:29:: train_loss:0.7943468604213361 | train_f1_score: 0.6856244828692244
2025-04-25 09:50:17,099 - expt-40 - INFO - epoch:5:: train_loss:0.6720306162049848 | train_f1_score: 0.7261000842563863
2025-04-25 09:51:19,360 - expt-40 - INFO -              :: val_loss:0.5875230319095827 | val_f1_score:0.7752140989702789
2025-04-25 09:51:19,500 - expt-40 - INFO - model saved @/scratch/opsahoo.eee20.itbhu/Thesis/results/expt-40| 2025-04-25 08:56/weights/epoch-5.pt
2025-04-25 09:59:12,688 - expt-40 - INFO - epoch:6:: train_loss:0.6630503324014797 | train_f1_score: 0.7316464038154015
2025-04-25 10:04:30,961 - expt-39 - INFO - epoch:30:: train_loss:0.7843405741754256 | train_f1_score: 0.6949993919975547
2025-04-25 10:06:35,962 - expt-40 - INFO - epoch:7:: train_loss:0.6615240185756249 | train_f1_score: 0.7282730605016997
2025-04-25 10:06:42,737 - expt-39 - INFO -              :: val_loss:0.5789841903265722 | val_f1_score:0.8025314983806257
2025-04-25 10:06:43,598 - expt-39 - INFO - model saved @/scratch/opsahoo.eee20.itbhu/Thesis/results/expt-39| 2025-04-25 00:06/weights/epoch-30.pt
2025-04-25 10:14:12,746 - expt-40 - INFO - epoch:8:: train_loss:0.6678674522275745 | train_f1_score: 0.7317018562028298
2025-04-25 10:21:50,424 - expt-40 - INFO - epoch:9:: train_loss:0.6701327904503803 | train_f1_score: 0.729402205447722
2025-04-25 10:22:54,752 - expt-39 - INFO - epoch:31:: train_loss:0.7761383318470383 | train_f1_score: 0.692531410558591
2025-04-25 10:29:31,175 - expt-40 - INFO - epoch:10:: train_loss:0.6618722094228819 | train_f1_score: 0.7313105608069669
2025-04-25 10:30:32,648 - expt-40 - INFO -              :: val_loss:0.5147245605825482 | val_f1_score:0.791948462206023
2025-04-25 10:30:33,297 - expt-40 - INFO - model saved @/scratch/opsahoo.eee20.itbhu/Thesis/results/expt-40| 2025-04-25 08:56/weights/epoch-10.pt
2025-04-25 10:38:07,399 - expt-40 - INFO - epoch:11:: train_loss:0.6627282905329298 | train_f1_score: 0.7267662395228166
2025-04-25 10:40:01,377 - expt-39 - INFO - epoch:32:: train_loss:0.7708342753301599 | train_f1_score: 0.6979287703631859
2025-04-25 10:45:26,982 - expt-40 - INFO - epoch:12:: train_loss:0.653403308552722 | train_f1_score: 0.7385244970798249
2025-04-25 10:52:47,809 - expt-40 - INFO - epoch:13:: train_loss:0.6577399831707998 | train_f1_score: 0.7351041067292124
2025-04-25 10:55:53,023 - expt-39 - INFO - epoch:33:: train_loss:0.78037285379597 | train_f1_score: 0.6980148683772949
2025-04-25 11:00:18,706 - expt-40 - INFO - epoch:14:: train_loss:0.6541083478279742 | train_f1_score: 0.7329738200369007
2025-04-25 11:07:34,969 - expt-40 - INFO - epoch:15:: train_loss:0.6545846439415801 | train_f1_score: 0.73478336501181
2025-04-25 11:08:36,599 - expt-40 - INFO -              :: val_loss:0.5067051232340127 | val_f1_score:0.811436483767005
2025-04-25 11:08:36,691 - expt-40 - INFO - model saved @/scratch/opsahoo.eee20.itbhu/Thesis/results/expt-40| 2025-04-25 08:56/weights/epoch-15.pt
2025-04-25 11:11:14,640 - expt-39 - INFO - epoch:34:: train_loss:0.761262106995526 | train_f1_score: 0.7024246289710333
2025-04-25 11:16:04,204 - expt-40 - INFO - epoch:16:: train_loss:0.6467137389951237 | train_f1_score: 0.7419972982332496
2025-04-25 11:23:40,953 - expt-40 - INFO - epoch:17:: train_loss:0.6512189917243637 | train_f1_score: 0.7387707341186996
2025-04-25 11:26:46,692 - expt-39 - INFO - epoch:35:: train_loss:0.7618001841259431 | train_f1_score: 0.7036006614227409
2025-04-25 11:28:57,468 - expt-39 - INFO -              :: val_loss:0.6183380214877509 | val_f1_score:0.7875946453127687
2025-04-25 11:28:58,356 - expt-39 - INFO - model saved @/scratch/opsahoo.eee20.itbhu/Thesis/results/expt-39| 2025-04-25 00:06/weights/epoch-35.pt
2025-04-25 11:30:53,094 - expt-40 - INFO - epoch:18:: train_loss:0.6537438395429643 | train_f1_score: 0.7383045507904721
2025-04-25 11:38:11,524 - expt-40 - INFO - epoch:19:: train_loss:0.6537596756930678 | train_f1_score: 0.7318603128965684
2025-04-25 11:44:14,324 - expt-39 - INFO - epoch:36:: train_loss:0.7543709138040162 | train_f1_score: 0.7083714157618232
2025-04-25 11:45:29,594 - expt-40 - INFO - epoch:20:: train_loss:0.6476374691923065 | train_f1_score: 0.7424224621301375
2025-04-25 11:46:30,739 - expt-40 - INFO -              :: val_loss:0.5247183151803257 | val_f1_score:0.8007416217113283
2025-04-25 11:46:30,895 - expt-40 - INFO - model saved @/scratch/opsahoo.eee20.itbhu/Thesis/results/expt-40| 2025-04-25 08:56/weights/epoch-20.pt
2025-04-25 11:53:45,963 - expt-40 - INFO - epoch:21:: train_loss:0.6432455106703945 | train_f1_score: 0.7406339241585054
2025-04-25 11:59:29,012 - expt-39 - INFO - epoch:37:: train_loss:0.7569989117488399 | train_f1_score: 0.7096510640654631
2025-04-25 12:01:03,549 - expt-40 - INFO - epoch:22:: train_loss:0.6500961150994075 | train_f1_score: 0.7353744515030873
2025-04-25 12:08:24,458 - expt-40 - INFO - epoch:23:: train_loss:0.6392272634445715 | train_f1_score: 0.7421481743799847
2025-04-25 12:14:51,976 - expt-39 - INFO - epoch:38:: train_loss:0.7513083162479138 | train_f1_score: 0.7146002356184117
2025-04-25 12:15:53,216 - expt-40 - INFO - epoch:24:: train_loss:0.6555927658622088 | train_f1_score: 0.7321436253840262
2025-04-25 12:23:31,993 - expt-40 - INFO - epoch:25:: train_loss:0.6477463876909512 | train_f1_score: 0.7400776208864699
2025-04-25 12:24:35,943 - expt-40 - INFO -              :: val_loss:0.503830055865235 | val_f1_score:0.8032935115549302
2025-04-25 12:24:36,024 - expt-40 - INFO - model saved @/scratch/opsahoo.eee20.itbhu/Thesis/results/expt-40| 2025-04-25 08:56/weights/epoch-25.pt
2025-04-25 12:30:33,437 - expt-39 - INFO - epoch:39:: train_loss:0.7421495985168485 | train_f1_score: 0.7182101985672801
2025-04-25 12:32:17,227 - expt-40 - INFO - epoch:26:: train_loss:0.6433601318875753 | train_f1_score: 0.7437995715194132
2025-04-25 12:39:48,206 - expt-40 - INFO - epoch:27:: train_loss:0.6411944384855334 | train_f1_score: 0.7417597945390426
2025-04-25 12:46:01,961 - expt-39 - INFO - epoch:40:: train_loss:0.7488922925594518 | train_f1_score: 0.7189931764122327
2025-04-25 12:47:14,288 - expt-40 - INFO - epoch:28:: train_loss:0.6438841708121833 | train_f1_score: 0.7457436048061197
2025-04-25 12:48:07,497 - expt-39 - INFO -              :: val_loss:0.5884193172124603 | val_f1_score:0.7944993466655518
2025-04-25 12:48:07,779 - expt-39 - INFO - model saved @/scratch/opsahoo.eee20.itbhu/Thesis/results/expt-39| 2025-04-25 00:06/weights/epoch-40.pt
2025-04-25 12:54:38,801 - expt-40 - INFO - epoch:29:: train_loss:0.6413592816050702 | train_f1_score: 0.7405023595574224
2025-04-25 13:02:02,363 - expt-40 - INFO - epoch:30:: train_loss:0.6367273199548908 | train_f1_score: 0.742416043463854
2025-04-25 13:03:05,465 - expt-40 - INFO -              :: val_loss:0.5482803577693675 | val_f1_score:0.7804141396264104
2025-04-25 13:03:05,515 - expt-40 - INFO - model saved @/scratch/opsahoo.eee20.itbhu/Thesis/results/expt-40| 2025-04-25 08:56/weights/epoch-30.pt
2025-04-25 13:03:28,188 - expt-39 - INFO - epoch:41:: train_loss:0.7275767803332464 | train_f1_score: 0.7251916910239089
2025-04-25 13:10:27,511 - expt-40 - INFO - epoch:31:: train_loss:0.6462378330737661 | train_f1_score: 0.7453297424386411
2025-04-25 13:17:48,528 - expt-40 - INFO - epoch:32:: train_loss:0.6332037306080397 | train_f1_score: 0.7455960924020122
2025-04-25 13:18:48,132 - expt-39 - INFO - epoch:42:: train_loss:0.7268413459193416 | train_f1_score: 0.7267540599842305
2025-04-25 13:25:15,889 - expt-40 - INFO - epoch:33:: train_loss:0.6364872932434662 | train_f1_score: 0.7391226744701791
2025-04-25 13:32:36,096 - expt-40 - INFO - epoch:34:: train_loss:0.6395571476245328 | train_f1_score: 0.7464359026056293
2025-04-25 13:34:09,542 - expt-39 - INFO - epoch:43:: train_loss:0.7277498579114463 | train_f1_score: 0.7246861383365417
2025-04-25 13:39:58,651 - expt-40 - INFO - epoch:35:: train_loss:0.6325791520251299 | train_f1_score: 0.7457261502166036
2025-04-25 13:40:59,377 - expt-40 - INFO -              :: val_loss:0.520038529025669 | val_f1_score:0.7935636908152007
2025-04-25 13:40:59,453 - expt-40 - INFO - model saved @/scratch/opsahoo.eee20.itbhu/Thesis/results/expt-40| 2025-04-25 08:56/weights/epoch-35.pt
2025-04-25 13:48:45,049 - expt-40 - INFO - epoch:36:: train_loss:0.6382264872552559 | train_f1_score: 0.7465492457796795
2025-04-25 13:49:42,762 - expt-39 - INFO - epoch:44:: train_loss:0.7189106025017858 | train_f1_score: 0.72810237394485
2025-04-25 13:56:12,394 - expt-40 - INFO - epoch:37:: train_loss:0.6298800114863907 | train_f1_score: 0.7519769602752707
2025-04-25 14:03:33,919 - expt-40 - INFO - epoch:38:: train_loss:0.6347736993491 | train_f1_score: 0.7508276439585965
2025-04-25 14:04:59,405 - expt-39 - INFO - epoch:45:: train_loss:0.709678491342056 | train_f1_score: 0.7296852156908713
2025-04-25 14:07:04,063 - expt-39 - INFO -              :: val_loss:0.5549947300004239 | val_f1_score:0.8179992055468295
2025-04-25 14:07:04,450 - expt-39 - INFO - model saved @/scratch/opsahoo.eee20.itbhu/Thesis/results/expt-39| 2025-04-25 00:06/weights/epoch-45.pt
2025-04-25 14:10:51,013 - expt-40 - INFO - epoch:39:: train_loss:0.637594071859287 | train_f1_score: 0.7449538414632615
2025-04-25 14:18:02,738 - expt-40 - INFO - epoch:40:: train_loss:0.6325689199428034 | train_f1_score: 0.7510155097907903
2025-04-25 14:19:01,976 - expt-40 - INFO -              :: val_loss:0.5371441105376565 | val_f1_score:0.7627755107608366
2025-04-25 14:19:02,025 - expt-40 - INFO - model saved @/scratch/opsahoo.eee20.itbhu/Thesis/results/expt-40| 2025-04-25 08:56/weights/epoch-40.pt
2025-04-25 14:22:19,406 - expt-39 - INFO - epoch:46:: train_loss:0.7302594031965608 | train_f1_score: 0.7295773783991927
2025-04-25 14:26:21,928 - expt-40 - INFO - epoch:41:: train_loss:0.623138698898768 | train_f1_score: 0.7526842629500768
2025-04-25 14:33:40,712 - expt-40 - INFO - epoch:42:: train_loss:0.629942263340499 | train_f1_score: 0.7515088108481695
2025-04-25 14:37:38,726 - expt-39 - INFO - epoch:47:: train_loss:0.7163601536741423 | train_f1_score: 0.7307842494298745
2025-04-25 14:40:53,741 - expt-40 - INFO - epoch:43:: train_loss:0.6299479323298854 | train_f1_score: 0.7509695882577344
2025-04-25 14:48:21,563 - expt-40 - INFO - epoch:44:: train_loss:0.6285138660365085 | train_f1_score: 0.7500795050468677
2025-04-25 14:53:17,895 - expt-39 - INFO - epoch:48:: train_loss:0.7179052725073095 | train_f1_score: 0.7311255249920314
2025-04-25 14:55:53,618 - expt-40 - INFO - epoch:45:: train_loss:0.6366827434013538 | train_f1_score: 0.747268615942846
2025-04-25 14:56:59,888 - expt-40 - INFO -              :: val_loss:0.5264192859017889 | val_f1_score:0.783685556087444
2025-04-25 14:57:00,275 - expt-40 - INFO - model saved @/scratch/opsahoo.eee20.itbhu/Thesis/results/expt-40| 2025-04-25 08:56/weights/epoch-45.pt
2025-04-25 15:04:21,929 - expt-40 - INFO - epoch:46:: train_loss:0.6259630804600929 | train_f1_score: 0.7508582121564714
2025-04-25 15:08:48,775 - expt-39 - INFO - epoch:49:: train_loss:0.6979261620870978 | train_f1_score: 0.7379417146753474
2025-04-25 15:11:41,617 - expt-40 - INFO - epoch:47:: train_loss:0.6322623662684581 | train_f1_score: 0.750963224615469
2025-04-25 15:18:53,216 - expt-40 - INFO - epoch:48:: train_loss:0.6310749329434234 | train_f1_score: 0.7528009787464888
2025-04-25 15:24:02,405 - expt-39 - INFO - epoch:50:: train_loss:0.6919028098143463 | train_f1_score: 0.7407254561483676
2025-04-25 15:26:05,121 - expt-39 - INFO -              :: val_loss:0.5381464633660247 | val_f1_score:0.8195371165365228
2025-04-25 15:26:05,246 - expt-39 - INFO - model saved @/scratch/opsahoo.eee20.itbhu/Thesis/results/expt-39| 2025-04-25 00:06/weights/epoch-50.pt
2025-04-25 15:26:09,569 - expt-40 - INFO - epoch:49:: train_loss:0.6326715095806524 | train_f1_score: 0.7469875651815959
2025-04-25 15:33:29,424 - expt-40 - INFO - epoch:50:: train_loss:0.6300891081199815 | train_f1_score: 0.7535205739513228
2025-04-25 15:34:33,537 - expt-40 - INFO -              :: val_loss:0.5102741543644839 | val_f1_score:0.8042076699990586
2025-04-25 15:34:33,970 - expt-40 - INFO - model saved @/scratch/opsahoo.eee20.itbhu/Thesis/results/expt-40| 2025-04-25 08:56/weights/epoch-50.pt
2025-04-25 15:41:28,360 - expt-39 - INFO - epoch:51:: train_loss:0.7132751144586561 | train_f1_score: 0.7329111506879923
2025-04-25 15:41:51,138 - expt-40 - INFO - epoch:51:: train_loss:0.6304240153055365 | train_f1_score: 0.7465185830287666
2025-04-25 15:49:14,608 - expt-40 - INFO - epoch:52:: train_loss:0.628519396295448 | train_f1_score: 0.7519294540186677
2025-04-25 15:56:43,159 - expt-40 - INFO - epoch:53:: train_loss:0.621376915976974 | train_f1_score: 0.75561991927155
2025-04-25 15:56:46,561 - expt-39 - INFO - epoch:52:: train_loss:0.6870391544617586 | train_f1_score: 0.7453426375758306
2025-04-25 16:04:24,882 - expt-40 - INFO - epoch:54:: train_loss:0.6246165007533586 | train_f1_score: 0.7558783754604167
2025-04-25 16:11:46,893 - expt-40 - INFO - epoch:55:: train_loss:0.6247104580458412 | train_f1_score: 0.7491210886328205
2025-04-25 16:12:25,212 - expt-39 - INFO - epoch:53:: train_loss:0.6848044425090257 | train_f1_score: 0.7460014573189727
2025-04-25 16:12:50,423 - expt-40 - INFO -              :: val_loss:0.5013231654033997 | val_f1_score:0.7966989773310321
2025-04-25 16:12:50,996 - expt-40 - INFO - model saved @/scratch/opsahoo.eee20.itbhu/Thesis/results/expt-40| 2025-04-25 08:56/weights/epoch-55.pt
2025-04-25 16:20:18,922 - expt-40 - INFO - epoch:56:: train_loss:0.6237595071409335 | train_f1_score: 0.7485016258316016
2025-04-25 16:27:38,088 - expt-40 - INFO - epoch:57:: train_loss:0.6321798041547829 | train_f1_score: 0.7444770304223162
2025-04-25 16:27:52,782 - expt-39 - INFO - epoch:54:: train_loss:0.6872944214088149 | train_f1_score: 0.7466887921958287
2025-04-25 16:34:56,409 - expt-40 - INFO - epoch:58:: train_loss:0.6256976307330218 | train_f1_score: 0.7506892468700925
2025-04-25 16:42:14,801 - expt-40 - INFO - epoch:59:: train_loss:0.6128530241376804 | train_f1_score: 0.7547983326155657
2025-04-25 16:43:11,875 - expt-39 - INFO - epoch:55:: train_loss:0.6864292546916082 | train_f1_score: 0.7436735984733268
2025-04-25 16:45:17,716 - expt-39 - INFO -              :: val_loss:0.4839480418780715 | val_f1_score:0.8586717234663291
2025-04-25 16:45:17,950 - expt-39 - INFO - model saved @/scratch/opsahoo.eee20.itbhu/Thesis/results/expt-39| 2025-04-25 00:06/weights/epoch-55.pt
2025-04-25 16:49:29,475 - expt-40 - INFO - epoch:60:: train_loss:0.6285195205940557 | train_f1_score: 0.7539731396948818
2025-04-25 16:50:32,016 - expt-40 - INFO -              :: val_loss:0.5217336829988928 | val_f1_score:0.8027626044839454
2025-04-25 16:50:32,099 - expt-40 - INFO - model saved @/scratch/opsahoo.eee20.itbhu/Thesis/results/expt-40| 2025-04-25 08:56/weights/epoch-60.pt
2025-04-25 16:57:51,175 - expt-40 - INFO - epoch:61:: train_loss:0.6116157236037724 | train_f1_score: 0.7581617957968982
2025-04-25 17:00:36,794 - expt-39 - INFO - epoch:56:: train_loss:0.6783780242219873 | train_f1_score: 0.7470506869289266
2025-04-25 17:05:24,272 - expt-40 - INFO - epoch:62:: train_loss:0.6241901492567612 | train_f1_score: 0.7518926604613984
2025-04-25 17:12:46,533 - expt-40 - INFO - epoch:63:: train_loss:0.6163953901582137 | train_f1_score: 0.7565958845623972
2025-04-25 17:15:57,972 - expt-39 - INFO - epoch:57:: train_loss:0.7039987672764142 | train_f1_score: 0.7419771558183825
2025-04-25 17:20:01,207 - expt-40 - INFO - epoch:64:: train_loss:0.626748511437114 | train_f1_score: 0.7525297785535905
2025-04-25 17:27:26,559 - expt-40 - INFO - epoch:65:: train_loss:0.6250503121240262 | train_f1_score: 0.7550040062066239
2025-04-25 17:28:24,504 - expt-40 - INFO -              :: val_loss:0.5370697327123122 | val_f1_score:0.7942012188939055
2025-04-25 17:28:25,788 - expt-40 - INFO - model saved @/scratch/opsahoo.eee20.itbhu/Thesis/results/expt-40| 2025-04-25 08:56/weights/epoch-65.pt
2025-04-25 17:31:08,915 - expt-39 - INFO - epoch:58:: train_loss:0.6935304401158752 | train_f1_score: 0.7427943870740242
2025-04-25 17:35:49,734 - expt-40 - INFO - epoch:66:: train_loss:0.6170855132658726 | train_f1_score: 0.7569539621523341
2025-04-25 17:43:08,407 - expt-40 - INFO - epoch:67:: train_loss:0.6158907683716803 | train_f1_score: 0.7567135535547364
2025-04-25 17:46:28,472 - expt-39 - INFO - epoch:59:: train_loss:0.6755179160626277 | train_f1_score: 0.7513312465471168
2025-04-25 17:50:25,363 - expt-40 - INFO - epoch:68:: train_loss:0.6225032037331318 | train_f1_score: 0.7549007946831983
2025-04-25 17:57:49,290 - expt-40 - INFO - epoch:69:: train_loss:0.6216448476702872 | train_f1_score: 0.7538633844563422
2025-04-25 18:01:39,328 - expt-39 - INFO - epoch:60:: train_loss:0.6658695970477416 | train_f1_score: 0.7530976865551396
2025-04-25 18:03:42,164 - expt-39 - INFO -              :: val_loss:0.591962167787509 | val_f1_score:0.7837227347026923
2025-04-25 18:03:42,231 - expt-39 - INFO - model saved @/scratch/opsahoo.eee20.itbhu/Thesis/results/expt-39| 2025-04-25 00:06/weights/epoch-60.pt
2025-04-25 18:05:07,873 - expt-40 - INFO - epoch:70:: train_loss:0.6116119902049603 | train_f1_score: 0.7590376843630059
2025-04-25 18:06:14,730 - expt-40 - INFO -              :: val_loss:0.5148292801566512 | val_f1_score:0.8045780970942261
2025-04-25 18:06:14,777 - expt-40 - INFO - model saved @/scratch/opsahoo.eee20.itbhu/Thesis/results/expt-40| 2025-04-25 08:56/weights/epoch-70.pt
2025-04-25 18:13:31,774 - expt-40 - INFO - epoch:71:: train_loss:0.6161382787053221 | train_f1_score: 0.7576295765887732
2025-04-25 18:18:46,488 - expt-39 - INFO - epoch:61:: train_loss:0.6630079786676283 | train_f1_score: 0.7566869379175017
2025-04-25 18:20:54,898 - expt-40 - INFO - epoch:72:: train_loss:0.611317948142527 | train_f1_score: 0.7582698212463994
2025-04-25 18:28:15,577 - expt-40 - INFO - epoch:73:: train_loss:0.6165600265466726 | train_f1_score: 0.7536972785369744
2025-04-25 18:34:02,315 - expt-39 - INFO - epoch:62:: train_loss:0.689322181890027 | train_f1_score: 0.7502728836292926
2025-04-25 18:35:44,665 - expt-40 - INFO - epoch:74:: train_loss:0.6129878306576488 | train_f1_score: 0.7609976940472969
2025-04-25 18:43:01,219 - expt-40 - INFO - epoch:75:: train_loss:0.6136427103092075 | train_f1_score: 0.757093221276158
2025-04-25 18:44:05,988 - expt-40 - INFO -              :: val_loss:0.5347245696145028 | val_f1_score:0.7946115351974956
2025-04-25 18:44:06,148 - expt-40 - INFO - model saved @/scratch/opsahoo.eee20.itbhu/Thesis/results/expt-40| 2025-04-25 08:56/weights/epoch-75.pt
2025-04-25 18:49:10,871 - expt-39 - INFO - epoch:63:: train_loss:0.6585443781548502 | train_f1_score: 0.7583119622104395
2025-04-25 18:51:27,589 - expt-40 - INFO - epoch:76:: train_loss:0.6138322099963037 | train_f1_score: 0.7598984198593152
2025-04-25 18:58:55,775 - expt-40 - INFO - epoch:77:: train_loss:0.6129800718288623 | train_f1_score: 0.7606405880070469
2025-04-25 19:04:31,979 - expt-39 - INFO - epoch:64:: train_loss:0.6719060216686481 | train_f1_score: 0.7532089620822456
2025-04-25 19:06:15,468 - expt-40 - INFO - epoch:78:: train_loss:0.609518454278006 | train_f1_score: 0.7607568927342206
2025-04-25 19:13:38,932 - expt-40 - INFO - epoch:79:: train_loss:0.612540911112222 | train_f1_score: 0.7587685977573805
2025-04-25 19:19:48,640 - expt-39 - INFO - epoch:65:: train_loss:0.6597946689759856 | train_f1_score: 0.7589415445503952
2025-04-25 19:20:58,314 - expt-40 - INFO - epoch:80:: train_loss:0.6099800429499387 | train_f1_score: 0.7583399104087798
2025-04-25 19:21:56,733 - expt-39 - INFO -              :: val_loss:0.5147693785689285 | val_f1_score:0.8230002547064821
2025-04-25 19:21:56,807 - expt-39 - INFO - model saved @/scratch/opsahoo.eee20.itbhu/Thesis/results/expt-39| 2025-04-25 00:06/weights/epoch-65.pt
2025-04-25 19:21:59,395 - expt-40 - INFO -              :: val_loss:0.5210541059801147 | val_f1_score:0.7839906427983048
2025-04-25 19:21:59,493 - expt-40 - INFO - model saved @/scratch/opsahoo.eee20.itbhu/Thesis/results/expt-40| 2025-04-25 08:56/weights/epoch-80.pt
2025-04-25 19:29:24,698 - expt-40 - INFO - epoch:81:: train_loss:0.611282007263191 | train_f1_score: 0.7608339797235669
2025-04-25 19:36:50,563 - expt-40 - INFO - epoch:82:: train_loss:0.6081027012487902 | train_f1_score: 0.7622665022843388
2025-04-25 19:37:14,683 - expt-39 - INFO - epoch:66:: train_loss:0.660926362278313 | train_f1_score: 0.7588414103671942
2025-04-25 19:44:03,894 - expt-40 - INFO - epoch:83:: train_loss:0.6069912751333746 | train_f1_score: 0.7611845004051829
2025-04-25 19:51:39,306 - expt-40 - INFO - epoch:84:: train_loss:0.6146905956855552 | train_f1_score: 0.7621628076985064
2025-04-25 19:52:25,862 - expt-39 - INFO - epoch:67:: train_loss:0.6571169334588984 | train_f1_score: 0.7587944045935426
2025-04-25 19:59:02,284 - expt-40 - INFO - epoch:85:: train_loss:0.6053313826773254 | train_f1_score: 0.7593268316564188
2025-04-25 20:00:07,777 - expt-40 - INFO -              :: val_loss:0.49620936299005153 | val_f1_score:0.8110147373948972
2025-04-25 20:00:08,100 - expt-40 - INFO - model saved @/scratch/opsahoo.eee20.itbhu/Thesis/results/expt-40| 2025-04-25 08:56/weights/epoch-85.pt
2025-04-25 20:07:28,988 - expt-40 - INFO - epoch:86:: train_loss:0.615498532936018 | train_f1_score: 0.7580376469202335
2025-04-25 20:07:36,499 - expt-39 - INFO - epoch:68:: train_loss:0.6735529621546975 | train_f1_score: 0.7558061331408765
2025-04-25 20:14:57,702 - expt-40 - INFO - epoch:87:: train_loss:0.616952918902414 | train_f1_score: 0.7590875824239193
2025-04-25 20:22:17,665 - expt-40 - INFO - epoch:88:: train_loss:0.6078818608854588 | train_f1_score: 0.7600559689506714
2025-04-25 20:22:52,124 - expt-39 - INFO - epoch:69:: train_loss:0.6545973003789385 | train_f1_score: 0.7620170312069435
2025-04-25 20:29:37,169 - expt-40 - INFO - epoch:89:: train_loss:0.6125307588761785 | train_f1_score: 0.7587034593548377
2025-04-25 20:37:06,380 - expt-40 - INFO - epoch:90:: train_loss:0.608388632256383 | train_f1_score: 0.7591465481538613
2025-04-25 20:38:04,699 - expt-39 - INFO - epoch:70:: train_loss:0.8277454109472373 | train_f1_score: 0.6943062096873304
2025-04-25 20:38:07,606 - expt-40 - INFO -              :: val_loss:0.48389483200566724 | val_f1_score:0.8146192569254617
2025-04-25 20:38:07,661 - expt-40 - INFO - model saved @/scratch/opsahoo.eee20.itbhu/Thesis/results/expt-40| 2025-04-25 08:56/weights/epoch-90.pt
2025-04-25 20:40:11,582 - expt-39 - INFO -              :: val_loss:0.47979783690988137 | val_f1_score:0.8544825027234656
2025-04-25 20:40:11,644 - expt-39 - INFO - model saved @/scratch/opsahoo.eee20.itbhu/Thesis/results/expt-39| 2025-04-25 00:06/weights/epoch-70.pt
2025-04-25 20:45:29,929 - expt-40 - INFO - epoch:91:: train_loss:0.6073796679350288 | train_f1_score: 0.7689166687073828
2025-04-25 20:52:58,978 - expt-40 - INFO - epoch:92:: train_loss:0.609423483374616 | train_f1_score: 0.7590949833507649
2025-04-25 20:55:36,427 - expt-39 - INFO - epoch:71:: train_loss:0.6536277547412572 | train_f1_score: 0.7604782070795412
2025-04-25 21:00:16,106 - expt-40 - INFO - epoch:93:: train_loss:0.609499968801773 | train_f1_score: 0.7565316310858208
2025-04-25 21:07:42,538 - expt-40 - INFO - epoch:94:: train_loss:0.6178898741441932 | train_f1_score: 0.7631419008565111
2025-04-25 21:10:48,399 - expt-39 - INFO - epoch:72:: train_loss:0.649271873550255 | train_f1_score: 0.7632298946509873
2025-04-25 21:15:01,902 - expt-40 - INFO - epoch:95:: train_loss:0.6079103911684326 | train_f1_score: 0.7616288246011794
2025-04-25 21:16:06,431 - expt-40 - INFO -              :: val_loss:0.6339045243438576 | val_f1_score:0.7827160620533123
2025-04-25 21:16:06,647 - expt-40 - INFO - model saved @/scratch/opsahoo.eee20.itbhu/Thesis/results/expt-40| 2025-04-25 08:56/weights/epoch-95.pt
2025-04-25 21:23:27,612 - expt-40 - INFO - epoch:96:: train_loss:0.607850828715661 | train_f1_score: 0.7604155790453653
2025-04-25 21:25:47,980 - expt-39 - INFO - epoch:73:: train_loss:0.6501066980170841 | train_f1_score: 0.7635734019637818
2025-04-25 21:30:48,332 - expt-40 - INFO - epoch:97:: train_loss:0.6003847630387766 | train_f1_score: 0.7615935087271114
2025-04-25 21:38:06,539 - expt-40 - INFO - epoch:98:: train_loss:0.6099714505355095 | train_f1_score: 0.7605485549602994
2025-04-25 21:41:13,812 - expt-39 - INFO - epoch:74:: train_loss:0.6504221915573848 | train_f1_score: 0.7608040459984277
2025-04-25 21:45:26,054 - expt-40 - INFO - epoch:99:: train_loss:0.6071747500408661 | train_f1_score: 0.7628641404351086
2025-04-25 21:52:52,652 - expt-40 - INFO - epoch:100:: train_loss:0.6087122678673511 | train_f1_score: 0.7620332068411165
2025-04-25 21:53:54,479 - expt-40 - INFO -              :: val_loss:0.5742604323242703 | val_f1_score:0.7780470050690099
2025-04-25 21:53:54,518 - expt-40 - INFO - model saved @/scratch/opsahoo.eee20.itbhu/Thesis/results/expt-40| 2025-04-25 08:56/weights/epoch-100.pt
2025-04-25 21:53:54,795 - expt-40 - INFO - -------------------------- Training Complete. --------------------------
2025-04-25 21:53:54,795 - expt-40 - INFO - Done: 12.0Hr 57.83100000000002 Mins.
2025-04-25 21:53:54,796 - expt-40 - INFO - 
2025-04-25 21:57:20,063 - expt-39 - INFO - epoch:75:: train_loss:0.646041944761182 | train_f1_score: 0.7666200003467712
2025-04-25 21:59:27,624 - expt-39 - INFO -              :: val_loss:0.48052158003878087 | val_f1_score:0.8435241871356173
2025-04-25 21:59:27,799 - expt-39 - INFO - model saved @/scratch/opsahoo.eee20.itbhu/Thesis/results/expt-39| 2025-04-25 00:06/weights/epoch-75.pt
2025-04-25 22:17:32,640 - expt-39 - INFO - epoch:76:: train_loss:0.6467851752811521 | train_f1_score: 0.7651670570687779
2025-04-25 22:36:39,593 - expt-39 - INFO - epoch:77:: train_loss:0.653783249899697 | train_f1_score: 0.7595124156765588
2025-04-25 22:58:15,213 - expt-39 - INFO - epoch:78:: train_loss:0.6768535721734109 | train_f1_score: 0.7514980821854725
2025-04-25 23:17:07,275 - expt-39 - INFO - epoch:79:: train_loss:0.6590867506807968 | train_f1_score: 0.7627825255743436
2025-04-25 23:36:02,404 - expt-39 - INFO - epoch:80:: train_loss:0.6613516494375338 | train_f1_score: 0.7652811099027532
2025-04-25 23:38:15,618 - expt-39 - INFO -              :: val_loss:0.47365563564319507 | val_f1_score:0.8494124535282825
2025-04-25 23:38:17,404 - expt-39 - INFO - model saved @/scratch/opsahoo.eee20.itbhu/Thesis/results/expt-39| 2025-04-25 00:06/weights/epoch-80.pt
2025-04-25 23:55:38,197 - expt-39 - INFO - epoch:81:: train_loss:0.6481756602155626 | train_f1_score: 0.7628529828521174
2025-04-26 00:12:54,002 - expt-39 - INFO - epoch:82:: train_loss:0.6442518063820392 | train_f1_score: 0.7674747945243785
2025-04-26 00:30:08,797 - expt-39 - INFO - epoch:83:: train_loss:0.6337621035920176 | train_f1_score: 0.7717585718111744
2025-04-26 00:47:47,511 - expt-39 - INFO - epoch:84:: train_loss:0.6382034772733243 | train_f1_score: 0.7673104678461679
2025-04-26 01:05:09,131 - expt-39 - INFO - epoch:85:: train_loss:0.6479987088329464 | train_f1_score: 0.7697532910826698
2025-04-26 01:07:17,231 - expt-39 - INFO -              :: val_loss:0.4343300356069275 | val_f1_score:0.8680359824016083
2025-04-26 01:07:18,498 - expt-39 - INFO - model saved @/scratch/opsahoo.eee20.itbhu/Thesis/results/expt-39| 2025-04-25 00:06/weights/epoch-85.pt
2025-04-26 01:24:33,736 - expt-39 - INFO - epoch:86:: train_loss:0.6309664971891719 | train_f1_score: 0.7713972740833047
2025-04-26 01:41:38,170 - expt-39 - INFO - epoch:87:: train_loss:0.6292110258010026 | train_f1_score: 0.7710205361160585
2025-04-26 01:59:04,026 - expt-39 - INFO - epoch:88:: train_loss:0.6960234132278265 | train_f1_score: 0.7618797525909803
2025-04-26 02:16:34,754 - expt-39 - INFO - epoch:89:: train_loss:0.6306459723949069 | train_f1_score: 0.7721885690929302
2025-04-26 02:33:44,057 - expt-39 - INFO - epoch:90:: train_loss:0.6334969897383571 | train_f1_score: 0.7719004399890077
2025-04-26 02:35:49,209 - expt-39 - INFO -              :: val_loss:0.5218463013672497 | val_f1_score:0.8041268387131316
2025-04-26 02:35:50,092 - expt-39 - INFO - model saved @/scratch/opsahoo.eee20.itbhu/Thesis/results/expt-39| 2025-04-25 00:06/weights/epoch-90.pt
2025-04-26 02:52:50,920 - expt-39 - INFO - epoch:91:: train_loss:0.6279439904889413 | train_f1_score: 0.772929150043352
2025-04-26 03:10:25,122 - expt-39 - INFO - epoch:92:: train_loss:0.6218196980704552 | train_f1_score: 0.7730254676676477
2025-04-26 03:27:33,132 - expt-39 - INFO - epoch:93:: train_loss:0.6394411524244671 | train_f1_score: 0.7685982026126241
2025-04-26 03:44:52,491 - expt-39 - INFO - epoch:94:: train_loss:0.6273647712951463 | train_f1_score: 0.7752263803767544
2025-04-26 04:02:11,706 - expt-39 - INFO - epoch:95:: train_loss:0.6251234644923258 | train_f1_score: 0.7773600542509556
2025-04-26 04:04:21,500 - expt-39 - INFO -              :: val_loss:0.5739642428984126 | val_f1_score:0.7932792537398624
2025-04-26 04:04:22,717 - expt-39 - INFO - model saved @/scratch/opsahoo.eee20.itbhu/Thesis/results/expt-39| 2025-04-25 00:06/weights/epoch-95.pt
2025-04-26 04:23:58,414 - expt-39 - INFO - epoch:96:: train_loss:0.6473422938439997 | train_f1_score: 0.7694395332600997
2025-04-26 04:42:07,689 - expt-39 - INFO - epoch:97:: train_loss:0.6192559010365389 | train_f1_score: 0.7766186382341146
2025-04-26 04:59:48,434 - expt-39 - INFO - epoch:98:: train_loss:0.6888149291483369 | train_f1_score: 0.761504224741081
2025-04-26 05:17:13,427 - expt-39 - INFO - epoch:99:: train_loss:0.6316115883011212 | train_f1_score: 0.7743810206004865
2025-04-26 05:17:13,733 - expt-39 - INFO - -------------------------- Training Complete. --------------------------
2025-04-26 05:17:13,734 - expt-39 - INFO - Done: 29.0Hr 10.904999999999973 Mins.
2025-04-26 05:17:13,734 - expt-39 - INFO - 
2025-04-26 18:16:39,364 - expt-41 - INFO - 
2025-04-26 18:16:39,405 - expt-41 - INFO - ++++++++++++++++++++++++++++++++++++++++++++++++++++++++++++++++++++++++
2025-04-26 18:16:39,405 - expt-41 - INFO - ++++++++++++++++++++++++++ Experiment: 41 ++++++++++++++++++++++++++
2025-04-26 18:16:39,406 - expt-41 - INFO - Description: testing multi-gpu training
2025-04-26 18:16:39,406 - expt-41 - INFO - 
2025-04-26 18:16:39,406 - expt-41 - INFO - Dataset info.
2025-04-26 18:16:39,406 - expt-41 - INFO - > Data names: ['microgrid_steady_state_rms', 'microgrid_fault_dataset_rms']
2025-04-26 18:16:39,406 - expt-41 - INFO - > Case range: [1, 2700]
2025-04-26 18:16:39,407 - expt-41 - INFO - 
2025-04-26 18:16:39,407 - expt-41 - INFO - Loading model.
2025-04-26 18:16:39,997 - expt-41 - INFO - > No. of parameters: 26343
2025-04-26 18:16:39,998 - expt-41 - INFO - 
2025-04-26 18:16:40,006 - expt-41 - INFO - Using device: cuda
2025-04-26 18:16:40,302 - expt-41 - INFO - > GPU: Tesla V100-PCIE-16GB
2025-04-26 18:23:08,425 - expt-41 - INFO - Dataset Size: 143280
2025-04-26 18:23:09,493 - expt-41 - INFO - 
2025-04-26 18:23:09,494 - expt-41 - INFO - ========== Starting model training. ==========
2025-04-26 19:01:18,460 - expt-41 - INFO - epoch:0:: train_loss:1.340619956268759 | train_f1_score: 0.37602550144847324
2025-04-26 19:05:46,468 - expt-41 - INFO -              :: val_loss:1.0007601255956817 | val_f1_score:0.5363183778598334
2025-04-26 19:42:53,566 - expt-41 - INFO - epoch:1:: train_loss:1.0660994383017632 | train_f1_score: 0.5011746408238077
2025-04-26 20:19:57,462 - expt-41 - INFO - epoch:2:: train_loss:0.9755273272019733 | train_f1_score: 0.5523135238145379
2025-04-26 20:57:05,900 - expt-41 - INFO - epoch:3:: train_loss:0.9298661483637155 | train_f1_score: 0.5841762184035691
2025-04-26 21:34:17,132 - expt-41 - INFO - epoch:4:: train_loss:0.8996371678044606 | train_f1_score: 0.6033152222322143
2025-04-26 22:00:37,389 - expt-42 - INFO - 
2025-04-26 22:00:37,408 - expt-42 - INFO - ++++++++++++++++++++++++++++++++++++++++++++++++++++++++++++++++++++++++
2025-04-26 22:00:37,408 - expt-42 - INFO - ++++++++++++++++++++++++++ Experiment: 42 ++++++++++++++++++++++++++
2025-04-26 22:00:37,408 - expt-42 - INFO - Description: testing multi-gpu training
2025-04-26 22:00:37,409 - expt-42 - INFO - 
2025-04-26 22:00:37,409 - expt-42 - INFO - Dataset info.
2025-04-26 22:00:37,409 - expt-42 - INFO - > Data names: ['microgrid_steady_state_rms', 'microgrid_fault_dataset_rms']
2025-04-26 22:00:37,409 - expt-42 - INFO - > Case range: [1, 2700]
2025-04-26 22:00:37,409 - expt-42 - INFO - 
2025-04-26 22:00:37,409 - expt-42 - INFO - Loading model.
2025-04-26 22:00:37,657 - expt-42 - INFO - > No. of parameters: 26343
2025-04-26 22:00:37,657 - expt-42 - INFO - 
2025-04-26 22:00:37,657 - expt-42 - INFO - Using device: cuda
2025-04-26 22:00:37,863 - expt-42 - INFO - > GPU: Tesla V100-PCIE-16GB
2025-04-26 22:05:47,270 - expt-42 - INFO - Dataset Size: 66420
2025-04-26 22:05:48,717 - expt-42 - INFO - 
2025-04-26 22:05:48,717 - expt-42 - INFO - Loading pretrained model from: results/expt-39| 2025-04-25 00:06/weights/epoch-95.pt
2025-04-26 22:05:48,717 - expt-42 - INFO - > Used data info:: names: ['microgrid_steady_state_rms', 'microgrid_fault_dataset_rms'], range: [1, 2700]
2025-04-26 22:05:48,718 - expt-42 - INFO - > epoch:95:: train_loss:0.6251234644923258 | train_f1_score: 0.7773600542509556
2025-04-26 22:05:48,737 - expt-42 - INFO - 
2025-04-26 22:05:48,738 - expt-42 - INFO - ========== Starting model training. ==========
2025-04-26 22:10:54,847 - expt-41 - INFO - epoch:5:: train_loss:0.87915819111058 | train_f1_score: 0.6110354493317306
2025-04-26 22:15:28,245 - expt-41 - INFO -              :: val_loss:0.672942865281449 | val_f1_score:0.6628205414393608
2025-04-26 22:15:28,415 - expt-41 - INFO - model saved @/scratch/opsahoo.eee20.itbhu/Thesis/results/expt-41| 2025-04-26 18:16/weights/epoch-5.pt
2025-04-26 22:21:09,501 - expt-42 - INFO - epoch:0:: train_loss:0.6246777771730777 | train_f1_score: 0.7750403406641536
2025-04-26 22:23:18,291 - expt-42 - INFO -              :: val_loss:0.4657164237096499 | val_f1_score:0.8419331999407872
2025-04-26 22:38:40,879 - expt-42 - INFO - epoch:1:: train_loss:0.6542432166750399 | train_f1_score: 0.7658940904561558
2025-04-26 22:48:35,362 - expt-41 - INFO - epoch:6:: train_loss:0.8657701200677048 | train_f1_score: 0.6233878945742227
2025-04-26 22:54:00,995 - expt-42 - INFO - epoch:2:: train_loss:0.6457641857387703 | train_f1_score: 0.7689397546963629
2025-04-26 23:09:30,017 - expt-42 - INFO - epoch:3:: train_loss:0.6427008533425034 | train_f1_score: 0.775101527308667
2025-04-26 23:22:04,376 - expt-41 - INFO - epoch:7:: train_loss:0.8548278862272197 | train_f1_score: 0.6312540091853157
2025-04-26 23:25:30,099 - expt-42 - INFO - epoch:4:: train_loss:0.6155866343478511 | train_f1_score: 0.7794061732905435
2025-04-26 23:41:04,181 - expt-42 - INFO - epoch:5:: train_loss:0.6144880327695241 | train_f1_score: 0.7779936724919764
2025-04-26 23:43:09,771 - expt-42 - INFO -              :: val_loss:0.5298852008115958 | val_f1_score:0.8166388505364172
2025-04-26 23:43:10,036 - expt-42 - INFO - model saved @/scratch/opsahoo.eee20.itbhu/Thesis/results/expt-42| 2025-04-26 22:00/weights/epoch-5.pt
2025-04-26 23:55:26,104 - expt-41 - INFO - epoch:8:: train_loss:0.8434766982820862 | train_f1_score: 0.6365891196557323
2025-04-26 23:58:29,467 - expt-42 - INFO - epoch:6:: train_loss:0.6378353716140263 | train_f1_score: 0.7731106662190348
2025-04-27 00:13:44,475 - expt-42 - INFO - epoch:7:: train_loss:0.63042791202711 | train_f1_score: 0.7764985644795787
2025-04-27 00:28:32,768 - expt-41 - INFO - epoch:9:: train_loss:0.8314593247321189 | train_f1_score: 0.6427623581990892
2025-04-27 00:29:08,820 - expt-42 - INFO - epoch:8:: train_loss:0.6055134410184414 | train_f1_score: 0.7814587465477725
2025-04-27 00:44:32,275 - expt-42 - INFO - epoch:9:: train_loss:0.6144029814167681 | train_f1_score: 0.7834718302908154
2025-04-27 00:59:41,028 - expt-42 - INFO - epoch:10:: train_loss:0.6225484770519205 | train_f1_score: 0.781000802117658
2025-04-27 01:01:27,163 - expt-41 - INFO - epoch:10:: train_loss:0.8271675062678316 | train_f1_score: 0.6469273823099317
2025-04-27 01:01:53,192 - expt-42 - INFO -              :: val_loss:0.4138307578113843 | val_f1_score:0.8713653983875967
2025-04-27 01:01:53,773 - expt-42 - INFO - model saved @/scratch/opsahoo.eee20.itbhu/Thesis/results/expt-42| 2025-04-26 22:00/weights/epoch-10.pt
2025-04-27 01:06:08,722 - expt-41 - INFO -              :: val_loss:0.6244276091637375 | val_f1_score:0.7467043391827054
2025-04-27 01:06:08,774 - expt-41 - INFO - model saved @/scratch/opsahoo.eee20.itbhu/Thesis/results/expt-41| 2025-04-26 18:16/weights/epoch-10.pt
2025-04-27 01:16:58,769 - expt-42 - INFO - epoch:11:: train_loss:0.6055907560005194 | train_f1_score: 0.7887597025517531
2025-04-27 01:32:15,061 - expt-42 - INFO - epoch:12:: train_loss:0.7723845216002551 | train_f1_score: 0.7456823412954847
2025-04-27 01:39:21,088 - expt-41 - INFO - epoch:11:: train_loss:0.8187217947842409 | train_f1_score: 0.6518030169946555
2025-04-27 01:47:32,992 - expt-42 - INFO - epoch:13:: train_loss:0.7103578337014391 | train_f1_score: 0.7531784633600511
2025-04-27 02:02:46,056 - expt-42 - INFO - epoch:14:: train_loss:0.6516663475905888 | train_f1_score: 0.7738825696967174
2025-04-27 02:12:32,179 - expt-41 - INFO - epoch:12:: train_loss:0.8070993102562467 | train_f1_score: 0.6584216382238602
2025-04-27 02:18:10,194 - expt-42 - INFO - epoch:15:: train_loss:0.6133219116392657 | train_f1_score: 0.7813531626894459
2025-04-27 02:20:22,233 - expt-42 - INFO -              :: val_loss:0.43902506382307477 | val_f1_score:0.8522334118595253
2025-04-27 02:20:22,573 - expt-42 - INFO - model saved @/scratch/opsahoo.eee20.itbhu/Thesis/results/expt-42| 2025-04-26 22:00/weights/epoch-15.pt
2025-04-27 02:36:09,649 - expt-42 - INFO - epoch:16:: train_loss:0.6257457883641763 | train_f1_score: 0.784022461799184
2025-04-27 02:45:40,405 - expt-41 - INFO - epoch:13:: train_loss:0.7943859337901974 | train_f1_score: 0.6660396496722131
2025-04-27 02:51:29,807 - expt-42 - INFO - epoch:17:: train_loss:0.6806001531999896 | train_f1_score: 0.7671855903080083
2025-04-27 03:06:55,455 - expt-42 - INFO - epoch:18:: train_loss:0.6124103031736358 | train_f1_score: 0.7857995044523491
2025-04-27 03:18:48,099 - expt-41 - INFO - epoch:14:: train_loss:0.788093144300636 | train_f1_score: 0.6707417437046781
2025-04-27 03:22:30,871 - expt-42 - INFO - epoch:19:: train_loss:0.6622719057943384 | train_f1_score: 0.772702215765656
2025-04-27 03:37:59,624 - expt-42 - INFO - epoch:20:: train_loss:0.6113574072667713 | train_f1_score: 0.7884089167359024
2025-04-27 03:40:10,062 - expt-42 - INFO -              :: val_loss:0.4690015872184733 | val_f1_score:0.848452843952076
2025-04-27 03:40:10,525 - expt-42 - INFO - model saved @/scratch/opsahoo.eee20.itbhu/Thesis/results/expt-42| 2025-04-26 22:00/weights/epoch-20.pt
2025-04-27 03:51:51,998 - expt-41 - INFO - epoch:15:: train_loss:0.7795399867312091 | train_f1_score: 0.6729437830734063
2025-04-27 03:55:31,674 - expt-42 - INFO - epoch:21:: train_loss:0.6086461820878472 | train_f1_score: 0.7916382886263709
2025-04-27 03:56:23,016 - expt-41 - INFO -              :: val_loss:0.6290186697807465 | val_f1_score:0.7004080133733155
2025-04-27 03:56:23,080 - expt-41 - INFO - model saved @/scratch/opsahoo.eee20.itbhu/Thesis/results/expt-41| 2025-04-26 18:16/weights/epoch-15.pt
2025-04-27 04:10:49,375 - expt-42 - INFO - epoch:22:: train_loss:0.6048382903143019 | train_f1_score: 0.7920881133973756
2025-04-27 04:26:27,110 - expt-42 - INFO - epoch:23:: train_loss:0.6130551225308003 | train_f1_score: 0.7932308788430291
2025-04-27 04:29:29,460 - expt-41 - INFO - epoch:16:: train_loss:0.776683097059032 | train_f1_score: 0.6746288372912657
2025-04-27 04:41:59,802 - expt-42 - INFO - epoch:24:: train_loss:0.6017694323844853 | train_f1_score: 0.7916497262420867
2025-04-27 04:57:14,406 - expt-42 - INFO - epoch:25:: train_loss:0.6110032381757486 | train_f1_score: 0.79290681651678
2025-04-27 04:59:24,198 - expt-42 - INFO -              :: val_loss:0.4794177072124415 | val_f1_score:0.840450348807556
2025-04-27 04:59:24,400 - expt-42 - INFO - model saved @/scratch/opsahoo.eee20.itbhu/Thesis/results/expt-42| 2025-04-26 22:00/weights/epoch-25.pt
2025-04-27 05:02:45,535 - expt-41 - INFO - epoch:17:: train_loss:0.7674463043309948 | train_f1_score: 0.6763050910326143
2025-04-27 05:14:56,630 - expt-42 - INFO - epoch:26:: train_loss:0.6030481717427333 | train_f1_score: 0.7937433298110681
2025-04-27 05:30:06,933 - expt-42 - INFO - epoch:27:: train_loss:0.6014141785364752 | train_f1_score: 0.7939816770559533
2025-04-27 05:36:05,071 - expt-41 - INFO - epoch:18:: train_loss:0.7628362901917973 | train_f1_score: 0.6788484685845312
2025-04-27 05:45:22,871 - expt-42 - INFO - epoch:28:: train_loss:0.5959743568413287 | train_f1_score: 0.7958388443321748
2025-04-27 06:00:44,377 - expt-42 - INFO - epoch:29:: train_loss:0.6191869453861635 | train_f1_score: 0.7904439055214137
2025-04-27 06:09:19,731 - expt-41 - INFO - epoch:19:: train_loss:0.7604239199278493 | train_f1_score: 0.6767758826263591
2025-04-27 06:16:10,007 - expt-42 - INFO - epoch:30:: train_loss:0.6824029518484648 | train_f1_score: 0.7775524260762076
2025-04-27 06:18:24,538 - expt-42 - INFO -              :: val_loss:0.44807340433703086 | val_f1_score:0.8477718515299204
2025-04-27 06:18:24,715 - expt-42 - INFO - model saved @/scratch/opsahoo.eee20.itbhu/Thesis/results/expt-42| 2025-04-26 22:00/weights/epoch-30.pt
2025-04-27 06:33:39,045 - expt-42 - INFO - epoch:31:: train_loss:0.6149503099166649 | train_f1_score: 0.7925683319803554
2025-04-27 06:42:27,967 - expt-41 - INFO - epoch:20:: train_loss:0.755029511630256 | train_f1_score: 0.6869022559905906
2025-04-27 06:47:08,765 - expt-41 - INFO -              :: val_loss:0.5817500034365638 | val_f1_score:0.7110091669813059
2025-04-27 06:47:08,824 - expt-41 - INFO - model saved @/scratch/opsahoo.eee20.itbhu/Thesis/results/expt-41| 2025-04-26 18:16/weights/epoch-20.pt
2025-04-27 06:48:39,638 - expt-42 - INFO - epoch:32:: train_loss:0.5912134623756734 | train_f1_score: 0.7957489319665643
2025-04-27 07:03:52,315 - expt-42 - INFO - epoch:33:: train_loss:0.6392778093869462 | train_f1_score: 0.7892874283879506
2025-04-27 07:19:07,813 - expt-42 - INFO - epoch:34:: train_loss:0.6127563127853699 | train_f1_score: 0.7895249844463121
2025-04-27 07:20:18,859 - expt-41 - INFO - epoch:21:: train_loss:0.7579082796191674 | train_f1_score: 0.6774248297247485
2025-04-27 07:34:14,605 - expt-42 - INFO - epoch:35:: train_loss:0.6024442744520196 | train_f1_score: 0.7940475645021724
2025-04-27 07:36:26,409 - expt-42 - INFO -              :: val_loss:0.46675527471265804 | val_f1_score:0.8610147273751286
2025-04-27 07:36:26,683 - expt-42 - INFO - model saved @/scratch/opsahoo.eee20.itbhu/Thesis/results/expt-42| 2025-04-26 22:00/weights/epoch-35.pt
2025-04-27 07:51:44,117 - expt-42 - INFO - epoch:36:: train_loss:0.5929992135902614 | train_f1_score: 0.7991013029301464
2025-04-27 07:53:16,392 - expt-41 - INFO - epoch:22:: train_loss:0.7455144284850124 | train_f1_score: 0.6905262825237106
2025-04-27 08:06:59,973 - expt-42 - INFO - epoch:37:: train_loss:0.6504307671816624 | train_f1_score: 0.7843849747296457
2025-04-27 08:22:19,994 - expt-42 - INFO - epoch:38:: train_loss:0.5996273347296571 | train_f1_score: 0.7952016713293133
2025-04-27 08:26:36,447 - expt-41 - INFO - epoch:23:: train_loss:0.7445119308111251 | train_f1_score: 0.6882199974835043
2025-04-27 08:37:42,909 - expt-42 - INFO - epoch:39:: train_loss:0.5978863415370392 | train_f1_score: 0.7965338724810526
2025-04-27 08:53:17,343 - expt-42 - INFO - epoch:40:: train_loss:0.5930536011362136 | train_f1_score: 0.799014692147677
2025-04-27 08:55:32,526 - expt-42 - INFO -              :: val_loss:0.40488543228091095 | val_f1_score:0.8815107647803001
2025-04-27 08:55:32,763 - expt-42 - INFO - model saved @/scratch/opsahoo.eee20.itbhu/Thesis/results/expt-42| 2025-04-26 22:00/weights/epoch-40.pt
2025-04-27 08:59:46,621 - expt-41 - INFO - epoch:24:: train_loss:0.7420822962366526 | train_f1_score: 0.6930319903470744
2025-04-27 09:10:39,531 - expt-42 - INFO - epoch:41:: train_loss:0.5890822106241298 | train_f1_score: 0.8006866495304361
2025-04-27 09:26:00,502 - expt-42 - INFO - epoch:42:: train_loss:0.6153894077814046 | train_f1_score: 0.790663225073547
2025-04-27 09:33:00,223 - expt-41 - INFO - epoch:25:: train_loss:0.7376206789163723 | train_f1_score: 0.6954802627969853
2025-04-27 09:37:24,030 - expt-41 - INFO -              :: val_loss:0.5449571649723656 | val_f1_score:0.7486582481562326
2025-04-27 09:37:24,085 - expt-41 - INFO - model saved @/scratch/opsahoo.eee20.itbhu/Thesis/results/expt-41| 2025-04-26 18:16/weights/epoch-25.pt
2025-04-27 09:41:09,508 - expt-42 - INFO - epoch:43:: train_loss:0.5965941111709068 | train_f1_score: 0.7989862958109796
2025-04-27 09:56:30,314 - expt-42 - INFO - epoch:44:: train_loss:0.5903540054834447 | train_f1_score: 0.7976186976836018
2025-04-27 10:10:23,117 - expt-41 - INFO - epoch:26:: train_loss:0.7385301443990231 | train_f1_score: 0.6973434142175737
2025-04-27 10:11:31,011 - expt-42 - INFO - epoch:45:: train_loss:0.5888547792161766 | train_f1_score: 0.8007698688700289
2025-04-27 10:13:42,008 - expt-42 - INFO -              :: val_loss:0.3858903270771222 | val_f1_score:0.8700822033447962
2025-04-27 10:13:42,221 - expt-42 - INFO - model saved @/scratch/opsahoo.eee20.itbhu/Thesis/results/expt-42| 2025-04-26 22:00/weights/epoch-45.pt
2025-04-27 10:29:13,482 - expt-42 - INFO - epoch:46:: train_loss:0.5927463658760431 | train_f1_score: 0.7988719189126944
2025-04-27 10:43:45,893 - expt-41 - INFO - epoch:27:: train_loss:0.7294928922425316 | train_f1_score: 0.7020650016069442
2025-04-27 10:44:58,723 - expt-42 - INFO - epoch:47:: train_loss:0.5905412142065916 | train_f1_score: 0.8003525780069224
2025-04-27 11:00:32,005 - expt-42 - INFO - epoch:48:: train_loss:0.5741946339263768 | train_f1_score: 0.8025819172364057
2025-04-27 11:15:48,560 - expt-42 - INFO - epoch:49:: train_loss:0.6397844382063225 | train_f1_score: 0.7916046032184104
2025-04-27 11:17:07,122 - expt-41 - INFO - epoch:28:: train_loss:0.726596675787764 | train_f1_score: 0.7041080870179653
2025-04-27 11:31:23,249 - expt-42 - INFO - epoch:50:: train_loss:0.6036199775458878 | train_f1_score: 0.7988437004870793
2025-04-27 11:33:35,309 - expt-42 - INFO -              :: val_loss:0.4405549406488578 | val_f1_score:0.8650700737003075
2025-04-27 11:33:35,647 - expt-42 - INFO - model saved @/scratch/opsahoo.eee20.itbhu/Thesis/results/expt-42| 2025-04-26 22:00/weights/epoch-50.pt
2025-04-27 11:48:48,297 - expt-42 - INFO - epoch:51:: train_loss:0.5844939388265584 | train_f1_score: 0.8024701332409083
2025-04-27 11:50:07,102 - expt-41 - INFO - epoch:29:: train_loss:0.729063282829301 | train_f1_score: 0.7024713100797688
2025-04-27 12:04:09,556 - expt-42 - INFO - epoch:52:: train_loss:0.5958920571132962 | train_f1_score: 0.7980063112900991
2025-04-27 12:19:36,527 - expt-42 - INFO - epoch:53:: train_loss:0.6456973045939224 | train_f1_score: 0.7886880390071561
2025-04-27 12:23:37,126 - expt-41 - INFO - epoch:30:: train_loss:0.7275286786597627 | train_f1_score: 0.7060223938014272
2025-04-27 12:28:13,447 - expt-41 - INFO -              :: val_loss:0.5961276176436866 | val_f1_score:0.6873881303870231
2025-04-27 12:28:13,529 - expt-41 - INFO - model saved @/scratch/opsahoo.eee20.itbhu/Thesis/results/expt-41| 2025-04-26 18:16/weights/epoch-30.pt
2025-04-27 12:34:53,422 - expt-42 - INFO - epoch:54:: train_loss:0.6188714663681791 | train_f1_score: 0.794839489824459
2025-04-27 12:50:02,410 - expt-42 - INFO - epoch:55:: train_loss:0.6103912935131838 | train_f1_score: 0.7892758400134288
2025-04-27 12:52:10,111 - expt-42 - INFO -              :: val_loss:0.42575058389759446 | val_f1_score:0.8591882923197316
2025-04-27 12:52:10,137 - expt-42 - INFO - model saved @/scratch/opsahoo.eee20.itbhu/Thesis/results/expt-42| 2025-04-26 22:00/weights/epoch-55.pt
2025-04-27 13:01:30,355 - expt-41 - INFO - epoch:31:: train_loss:0.7243054421678399 | train_f1_score: 0.7060142158065418
2025-04-27 13:07:15,391 - expt-42 - INFO - epoch:56:: train_loss:0.6018650220151966 | train_f1_score: 0.7954562818993643
2025-04-27 13:22:30,097 - expt-42 - INFO - epoch:57:: train_loss:0.5868233935875585 | train_f1_score: 0.8001217837939184
2025-04-27 13:34:34,782 - expt-41 - INFO - epoch:32:: train_loss:0.7214376191350815 | train_f1_score: 0.7088127728801529
2025-04-27 13:38:17,653 - expt-42 - INFO - epoch:58:: train_loss:0.5934556530816018 | train_f1_score: 0.802157249974702
2025-04-27 13:53:37,982 - expt-42 - INFO - epoch:59:: train_loss:0.5908149015331515 | train_f1_score: 0.8014556955681644
2025-04-27 14:08:04,943 - expt-41 - INFO - epoch:33:: train_loss:0.7180741482913787 | train_f1_score: 0.7118844746699241
2025-04-27 14:09:42,457 - expt-42 - INFO - epoch:60:: train_loss:0.589982457288227 | train_f1_score: 0.7989149024491187
2025-04-27 14:11:55,256 - expt-42 - INFO -              :: val_loss:0.42039967680792895 | val_f1_score:0.8584411376668634
2025-04-27 14:11:55,350 - expt-42 - INFO - model saved @/scratch/opsahoo.eee20.itbhu/Thesis/results/expt-42| 2025-04-26 22:00/weights/epoch-60.pt
2025-04-27 14:27:14,726 - expt-42 - INFO - epoch:61:: train_loss:0.579295634494505 | train_f1_score: 0.8036290334401144
2025-04-27 14:41:10,873 - expt-41 - INFO - epoch:34:: train_loss:0.7144238165394196 | train_f1_score: 0.7124440871647651
2025-04-27 14:42:31,898 - expt-42 - INFO - epoch:62:: train_loss:0.5741824539637504 | train_f1_score: 0.804341962889696
2025-04-27 14:57:54,205 - expt-42 - INFO - epoch:63:: train_loss:0.5837606604494131 | train_f1_score: 0.8017698303427263
2025-04-27 15:13:23,593 - expt-42 - INFO - epoch:64:: train_loss:0.5962266870069132 | train_f1_score: 0.7965723763578684
2025-04-27 15:14:13,419 - expt-41 - INFO - epoch:35:: train_loss:0.7069003257828312 | train_f1_score: 0.7142029088014474
2025-04-27 15:18:48,529 - expt-41 - INFO -              :: val_loss:0.5508271695766174 | val_f1_score:0.7511175394157906
2025-04-27 15:18:48,947 - expt-41 - INFO - model saved @/scratch/opsahoo.eee20.itbhu/Thesis/results/expt-41| 2025-04-26 18:16/weights/epoch-35.pt
2025-04-27 15:28:38,152 - expt-42 - INFO - epoch:65:: train_loss:0.6245203806436689 | train_f1_score: 0.7841998450114959
2025-04-27 15:30:45,986 - expt-42 - INFO -              :: val_loss:0.4165420158030197 | val_f1_score:0.8765716974017697
2025-04-27 15:30:46,012 - expt-42 - INFO - model saved @/scratch/opsahoo.eee20.itbhu/Thesis/results/expt-42| 2025-04-26 22:00/weights/epoch-65.pt
2025-04-27 15:46:00,515 - expt-42 - INFO - epoch:66:: train_loss:0.5766044762251367 | train_f1_score: 0.8048918152327361
2025-04-27 15:52:03,210 - expt-41 - INFO - epoch:36:: train_loss:0.7140877457252374 | train_f1_score: 0.7107533878138211
2025-04-27 16:01:18,097 - expt-42 - INFO - epoch:67:: train_loss:0.5789442476763255 | train_f1_score: 0.8051657113086758
2025-04-27 16:16:14,668 - expt-42 - INFO - epoch:68:: train_loss:0.5754047592181258 | train_f1_score: 0.8055825280682536
2025-04-27 16:25:09,329 - expt-41 - INFO - epoch:37:: train_loss:0.7192118680869486 | train_f1_score: 0.7091911795513427
2025-04-27 16:31:28,675 - expt-42 - INFO - epoch:69:: train_loss:0.5749137562785562 | train_f1_score: 0.8056263424315092
2025-04-27 16:46:47,057 - expt-42 - INFO - epoch:70:: train_loss:0.5735114416327383 | train_f1_score: 0.8068085778956048
2025-04-27 16:48:59,073 - expt-42 - INFO -              :: val_loss:0.3765783094117784 | val_f1_score:0.8864680405728614
2025-04-27 16:48:59,195 - expt-42 - INFO - model saved @/scratch/opsahoo.eee20.itbhu/Thesis/results/expt-42| 2025-04-26 22:00/weights/epoch-70.pt
2025-04-27 16:58:12,641 - expt-41 - INFO - epoch:38:: train_loss:0.7004079730005823 | train_f1_score: 0.7170827788464462
2025-04-27 17:04:47,251 - expt-42 - INFO - epoch:71:: train_loss:0.6865076054881754 | train_f1_score: 0.7770462957990858
2025-04-27 17:20:16,789 - expt-42 - INFO - epoch:72:: train_loss:0.5807297064104844 | train_f1_score: 0.8039300326264366
2025-04-27 17:31:28,786 - expt-41 - INFO - epoch:39:: train_loss:0.7066827267320153 | train_f1_score: 0.716577557255966
2025-04-27 17:35:42,758 - expt-42 - INFO - epoch:73:: train_loss:0.5871440107040057 | train_f1_score: 0.80162028697696
2025-04-27 17:51:25,849 - expt-42 - INFO - epoch:74:: train_loss:0.5860418190626585 | train_f1_score: 0.8028337392455421
2025-04-27 18:04:38,681 - expt-41 - INFO - epoch:40:: train_loss:0.70583617154747 | train_f1_score: 0.7190756545155398
2025-04-27 18:06:32,468 - expt-42 - INFO - epoch:75:: train_loss:0.586979805538587 | train_f1_score: 0.804649978911392
2025-04-27 18:08:43,483 - expt-42 - INFO -              :: val_loss:0.40846296068466226 | val_f1_score:0.8677200494248783
2025-04-27 18:08:43,702 - expt-42 - INFO - model saved @/scratch/opsahoo.eee20.itbhu/Thesis/results/expt-42| 2025-04-26 22:00/weights/epoch-75.pt
2025-04-27 18:09:14,037 - expt-41 - INFO -              :: val_loss:0.5139168120641571 | val_f1_score:0.7698094319924487
2025-04-27 18:09:14,084 - expt-41 - INFO - model saved @/scratch/opsahoo.eee20.itbhu/Thesis/results/expt-41| 2025-04-26 18:16/weights/epoch-40.pt
2025-04-27 18:24:13,736 - expt-42 - INFO - epoch:76:: train_loss:0.6036804676434453 | train_f1_score: 0.8006639734308039
2025-04-27 18:39:38,595 - expt-42 - INFO - epoch:77:: train_loss:0.6439533362403905 | train_f1_score: 0.7819977401576436
2025-04-27 18:42:19,032 - expt-41 - INFO - epoch:41:: train_loss:0.7095382828757048 | train_f1_score: 0.715469140706441
2025-04-27 18:54:58,519 - expt-42 - INFO - epoch:78:: train_loss:0.5883892397350173 | train_f1_score: 0.7997537343987213
2025-04-27 19:10:13,146 - expt-42 - INFO - epoch:79:: train_loss:0.5762288409388925 | train_f1_score: 0.8077806647223996
2025-04-27 19:15:34,268 - expt-41 - INFO - epoch:42:: train_loss:0.7038952730034493 | train_f1_score: 0.7160913800351671
2025-04-27 19:25:29,303 - expt-42 - INFO - epoch:80:: train_loss:0.5788501279275275 | train_f1_score: 0.8045899165670274
2025-04-27 19:27:37,645 - expt-42 - INFO -              :: val_loss:0.39789120072841383 | val_f1_score:0.8818242959771689
2025-04-27 19:27:37,768 - expt-42 - INFO - model saved @/scratch/opsahoo.eee20.itbhu/Thesis/results/expt-42| 2025-04-26 22:00/weights/epoch-80.pt
2025-04-27 19:43:08,916 - expt-42 - INFO - epoch:81:: train_loss:0.5771970770982933 | train_f1_score: 0.8090926410834637
2025-04-27 19:48:49,463 - expt-41 - INFO - epoch:43:: train_loss:0.6965503917393582 | train_f1_score: 0.7200408985655066
2025-04-27 19:58:50,346 - expt-42 - INFO - epoch:82:: train_loss:0.5726594609150959 | train_f1_score: 0.8071661059848848
2025-04-27 20:14:24,429 - expt-42 - INFO - epoch:83:: train_loss:0.5831131941713602 | train_f1_score: 0.8057086750758095
2025-04-27 20:22:14,547 - expt-41 - INFO - epoch:44:: train_loss:0.7017283137970995 | train_f1_score: 0.718718075989786
2025-04-27 20:29:44,519 - expt-42 - INFO - epoch:84:: train_loss:0.5840054092050553 | train_f1_score: 0.8048795561591454
2025-04-27 20:45:20,176 - expt-42 - INFO - epoch:85:: train_loss:0.5891176422691321 | train_f1_score: 0.8071320365289345
2025-04-27 20:47:29,491 - expt-42 - INFO -              :: val_loss:0.4090363617026332 | val_f1_score:0.876940370536521
2025-04-27 20:47:29,658 - expt-42 - INFO - model saved @/scratch/opsahoo.eee20.itbhu/Thesis/results/expt-42| 2025-04-26 22:00/weights/epoch-85.pt
2025-04-27 20:55:26,848 - expt-41 - INFO - epoch:45:: train_loss:0.6969443107599249 | train_f1_score: 0.7220298345523384
2025-04-27 21:00:11,321 - expt-41 - INFO -              :: val_loss:0.5252822103891079 | val_f1_score:0.7911341400404812
2025-04-27 21:00:11,364 - expt-41 - INFO - model saved @/scratch/opsahoo.eee20.itbhu/Thesis/results/expt-41| 2025-04-26 18:16/weights/epoch-45.pt
2025-04-27 21:02:44,030 - expt-42 - INFO - epoch:86:: train_loss:0.5954391139057159 | train_f1_score: 0.8002564025849624
2025-04-27 21:18:05,248 - expt-42 - INFO - epoch:87:: train_loss:0.5695556048888095 | train_f1_score: 0.8086057605189734
2025-04-27 21:33:25,623 - expt-42 - INFO - epoch:88:: train_loss:0.5915243602700765 | train_f1_score: 0.8013661860738454
2025-04-27 21:33:43,823 - expt-41 - INFO - epoch:46:: train_loss:0.6997606112174338 | train_f1_score: 0.7201640064850714
2025-04-27 21:48:42,329 - expt-42 - INFO - epoch:89:: train_loss:0.5749555146271268 | train_f1_score: 0.808499751851783
2025-04-27 22:03:58,071 - expt-42 - INFO - epoch:90:: train_loss:0.6490882797333167 | train_f1_score: 0.785179765553939
2025-04-27 22:06:01,688 - expt-42 - INFO -              :: val_loss:0.37759505892557754 | val_f1_score:0.8872892725675164
2025-04-27 22:06:01,820 - expt-42 - INFO - model saved @/scratch/opsahoo.eee20.itbhu/Thesis/results/expt-42| 2025-04-26 22:00/weights/epoch-90.pt
2025-04-27 22:06:41,899 - expt-41 - INFO - epoch:47:: train_loss:0.6903418809078742 | train_f1_score: 0.7270620880157388
2025-04-27 22:21:32,442 - expt-42 - INFO - epoch:91:: train_loss:0.6346228354148296 | train_f1_score: 0.7919535529188818
2025-04-27 22:37:05,497 - expt-42 - INFO - epoch:92:: train_loss:0.6479753137510801 | train_f1_score: 0.7871701831074418
2025-04-27 22:40:09,555 - expt-41 - INFO - epoch:48:: train_loss:0.6972525866679464 | train_f1_score: 0.7228708738744026
2025-04-27 22:52:35,538 - expt-42 - INFO - epoch:93:: train_loss:0.7052838334908478 | train_f1_score: 0.7725448800270206
2025-04-27 23:08:02,729 - expt-42 - INFO - epoch:94:: train_loss:0.616079381619032 | train_f1_score: 0.7946623502523957
2025-04-27 23:13:15,972 - expt-41 - INFO - epoch:49:: train_loss:0.6933626608353922 | train_f1_score: 0.7259696933031207
2025-04-27 23:23:12,733 - expt-42 - INFO - epoch:95:: train_loss:0.6815697539839117 | train_f1_score: 0.7789969923039898
2025-04-27 23:25:20,131 - expt-42 - INFO -              :: val_loss:0.4573720979894278 | val_f1_score:0.8703648548760599
2025-04-27 23:25:20,304 - expt-42 - INFO - model saved @/scratch/opsahoo.eee20.itbhu/Thesis/results/expt-42| 2025-04-26 22:00/weights/epoch-95.pt
2025-04-27 23:40:39,999 - expt-42 - INFO - epoch:96:: train_loss:0.694480884429538 | train_f1_score: 0.772651969276993
2025-04-27 23:46:26,712 - expt-41 - INFO - epoch:50:: train_loss:0.6933133742504889 | train_f1_score: 0.7271850243860268
2025-04-27 23:50:50,561 - expt-41 - INFO -              :: val_loss:0.5832705819805823 | val_f1_score:0.7518322308228705
2025-04-27 23:50:50,622 - expt-41 - INFO - model saved @/scratch/opsahoo.eee20.itbhu/Thesis/results/expt-41| 2025-04-26 18:16/weights/epoch-50.pt
2025-04-27 23:56:00,172 - expt-42 - INFO - epoch:97:: train_loss:0.6543947531418299 | train_f1_score: 0.780892175226679
2025-04-28 00:11:32,382 - expt-42 - INFO - epoch:98:: train_loss:0.6201585016532413 | train_f1_score: 0.7895539211258124
2025-04-28 00:24:05,249 - expt-41 - INFO - epoch:51:: train_loss:0.6899337606298969 | train_f1_score: 0.7289858276724244
2025-04-28 00:26:41,334 - expt-42 - INFO - epoch:99:: train_loss:0.6393548238188165 | train_f1_score: 0.7867254036018115
2025-04-28 00:42:06,650 - expt-42 - INFO - epoch:100:: train_loss:0.6263926561137434 | train_f1_score: 0.7918441071431463
2025-04-28 00:44:10,733 - expt-42 - INFO -              :: val_loss:0.5827942728893095 | val_f1_score:0.8106068460057246
2025-04-28 00:44:10,884 - expt-42 - INFO - model saved @/scratch/opsahoo.eee20.itbhu/Thesis/results/expt-42| 2025-04-26 22:00/weights/epoch-100.pt
2025-04-28 00:57:21,938 - expt-41 - INFO - epoch:52:: train_loss:0.6888314235119536 | train_f1_score: 0.7278342951195007
2025-04-28 00:59:31,113 - expt-42 - INFO - epoch:101:: train_loss:0.6685570996005041 | train_f1_score: 0.780541518046148
2025-04-28 01:14:56,717 - expt-42 - INFO - epoch:102:: train_loss:0.6093176673107014 | train_f1_score: 0.7959121967525021
2025-04-28 01:30:33,371 - expt-42 - INFO - epoch:103:: train_loss:0.641044962838877 | train_f1_score: 0.7913317542625266
2025-04-28 01:30:42,447 - expt-41 - INFO - epoch:53:: train_loss:0.6894048980700116 | train_f1_score: 0.731775813273269
2025-04-28 01:45:52,750 - expt-42 - INFO - epoch:104:: train_loss:0.6329082877060577 | train_f1_score: 0.7854611805771984
2025-04-28 02:01:12,840 - expt-42 - INFO - epoch:105:: train_loss:0.5898355441803088 | train_f1_score: 0.8007569692268798
2025-04-28 02:03:25,545 - expt-42 - INFO -              :: val_loss:0.5285778767302041 | val_f1_score:0.8303477834900669
2025-04-28 02:03:25,924 - expt-42 - INFO - model saved @/scratch/opsahoo.eee20.itbhu/Thesis/results/expt-42| 2025-04-26 22:00/weights/epoch-105.pt
2025-04-28 02:03:54,387 - expt-41 - INFO - epoch:54:: train_loss:0.6820351067962819 | train_f1_score: 0.7282439777018922
2025-04-28 02:18:34,651 - expt-42 - INFO - epoch:106:: train_loss:0.5708648728143515 | train_f1_score: 0.809365040107237
2025-04-28 02:33:51,949 - expt-42 - INFO - epoch:107:: train_loss:0.5696847689263421 | train_f1_score: 0.8083889751224469
2025-04-28 02:37:24,879 - expt-41 - INFO - epoch:55:: train_loss:0.67717606025323 | train_f1_score: 0.7332461940504419
2025-04-28 02:41:59,728 - expt-41 - INFO -              :: val_loss:0.4931981545856817 | val_f1_score:0.7841651126653143
2025-04-28 02:41:59,762 - expt-41 - INFO - model saved @/scratch/opsahoo.eee20.itbhu/Thesis/results/expt-41| 2025-04-26 18:16/weights/epoch-55.pt
2025-04-28 02:49:11,676 - expt-42 - INFO - epoch:108:: train_loss:0.5823035058754441 | train_f1_score: 0.8041986385975057
2025-04-28 03:04:32,735 - expt-42 - INFO - epoch:109:: train_loss:0.5700677359601746 | train_f1_score: 0.807720716371233
2025-04-28 03:15:43,145 - expt-41 - INFO - epoch:56:: train_loss:0.6708571738406727 | train_f1_score: 0.7362316133284031
2025-04-28 03:20:06,100 - expt-42 - INFO - epoch:110:: train_loss:0.6093818841435227 | train_f1_score: 0.794346876903834
2025-04-28 03:22:16,749 - expt-42 - INFO -              :: val_loss:0.515978791880614 | val_f1_score:0.8249879292143281
2025-04-28 03:22:16,915 - expt-42 - INFO - model saved @/scratch/opsahoo.eee20.itbhu/Thesis/results/expt-42| 2025-04-26 22:00/weights/epoch-110.pt
2025-04-28 03:37:34,147 - expt-42 - INFO - epoch:111:: train_loss:0.5770030853197083 | train_f1_score: 0.8056409687384429
2025-04-28 03:48:50,722 - expt-41 - INFO - epoch:57:: train_loss:0.6666352300818804 | train_f1_score: 0.7381516665027501
2025-04-28 03:52:47,821 - expt-42 - INFO - epoch:112:: train_loss:0.5834992939419407 | train_f1_score: 0.8061881848384014
2025-04-28 04:08:09,549 - expt-42 - INFO - epoch:113:: train_loss:0.5746029067753614 | train_f1_score: 0.8077353049589545
2025-04-28 04:22:06,069 - expt-41 - INFO - epoch:58:: train_loss:0.6691902916434369 | train_f1_score: 0.7363430368427569
2025-04-28 04:23:33,864 - expt-42 - INFO - epoch:114:: train_loss:0.5669724004269668 | train_f1_score: 0.8087050450736092
2025-04-28 04:39:04,679 - expt-42 - INFO - epoch:115:: train_loss:0.5865541440559712 | train_f1_score: 0.8032748549337027
2025-04-28 04:41:20,116 - expt-42 - INFO -              :: val_loss:0.46877756854606273 | val_f1_score:0.8479611470243879
2025-04-28 04:41:20,706 - expt-42 - INFO - model saved @/scratch/opsahoo.eee20.itbhu/Thesis/results/expt-42| 2025-04-26 22:00/weights/epoch-115.pt
2025-04-28 04:54:56,394 - expt-41 - INFO - epoch:59:: train_loss:0.6610306065068229 | train_f1_score: 0.7426149818857886
2025-04-28 04:56:35,764 - expt-42 - INFO - epoch:116:: train_loss:0.6049661270736479 | train_f1_score: 0.7992171399906607
2025-04-28 05:11:36,819 - expt-42 - INFO - epoch:117:: train_loss:0.5706610847144865 | train_f1_score: 0.808042399669595
2025-04-28 05:27:05,723 - expt-42 - INFO - epoch:118:: train_loss:0.5713774091847684 | train_f1_score: 0.8112322111185157
2025-04-28 05:28:12,842 - expt-41 - INFO - epoch:60:: train_loss:0.6638253698395385 | train_f1_score: 0.739307179333162
2025-04-28 05:32:51,636 - expt-41 - INFO -              :: val_loss:0.4538710319025789 | val_f1_score:0.8410094046185244
2025-04-28 05:32:51,662 - expt-41 - INFO - model saved @/scratch/opsahoo.eee20.itbhu/Thesis/results/expt-41| 2025-04-26 18:16/weights/epoch-60.pt
2025-04-28 05:42:17,129 - expt-42 - INFO - epoch:119:: train_loss:0.6008040246874761 | train_f1_score: 0.8031307110831165
2025-04-28 05:57:55,046 - expt-42 - INFO - epoch:120:: train_loss:0.5957659489730491 | train_f1_score: 0.8010868532633604
2025-04-28 06:00:00,296 - expt-42 - INFO -              :: val_loss:0.42295470457253975 | val_f1_score:0.8615721519828001
2025-04-28 06:00:00,418 - expt-42 - INFO - model saved @/scratch/opsahoo.eee20.itbhu/Thesis/results/expt-42| 2025-04-26 22:00/weights/epoch-120.pt
2025-04-28 06:05:59,676 - expt-41 - INFO - epoch:61:: train_loss:0.6550179809883747 | train_f1_score: 0.7449052149927136
2025-04-28 06:15:29,408 - expt-42 - INFO - epoch:121:: train_loss:0.5667449529225423 | train_f1_score: 0.8117734617082064
2025-04-28 06:30:51,317 - expt-42 - INFO - epoch:122:: train_loss:0.5654511236705074 | train_f1_score: 0.8125558434762017
2025-04-28 06:39:03,369 - expt-41 - INFO - epoch:62:: train_loss:0.6508572682250824 | train_f1_score: 0.7466667136195345
2025-04-28 06:46:35,598 - expt-42 - INFO - epoch:123:: train_loss:0.5720508802286013 | train_f1_score: 0.8096736576608767
2025-04-28 07:02:06,319 - expt-42 - INFO - epoch:124:: train_loss:0.621677989739647 | train_f1_score: 0.797885522656735
2025-04-28 07:12:22,677 - expt-41 - INFO - epoch:63:: train_loss:0.6530689400517069 | train_f1_score: 0.7460695648229362
2025-04-28 07:17:36,528 - expt-42 - INFO - epoch:125:: train_loss:0.5858745274015272 | train_f1_score: 0.8034694877011261
2025-04-28 07:19:42,989 - expt-42 - INFO -              :: val_loss:0.48411077272433756 | val_f1_score:0.8623329346691911
2025-04-28 07:19:43,179 - expt-42 - INFO - model saved @/scratch/opsahoo.eee20.itbhu/Thesis/results/expt-42| 2025-04-26 22:00/weights/epoch-125.pt
2025-04-28 07:34:53,659 - expt-42 - INFO - epoch:126:: train_loss:0.57638881881688 | train_f1_score: 0.808508568184599
2025-04-28 07:45:27,385 - expt-41 - INFO - epoch:64:: train_loss:0.6468026955812486 | train_f1_score: 0.7485943504933682
2025-04-28 07:50:07,442 - expt-42 - INFO - epoch:127:: train_loss:0.5839610130080973 | train_f1_score: 0.8038111520117444
2025-04-28 08:05:22,018 - expt-42 - INFO - epoch:128:: train_loss:0.5657403967691387 | train_f1_score: 0.8128615380379218
2025-04-28 08:19:01,544 - expt-41 - INFO - epoch:65:: train_loss:0.6511087958933921 | train_f1_score: 0.7518276715962772
2025-04-28 08:20:54,928 - expt-42 - INFO - epoch:129:: train_loss:0.5707271307311943 | train_f1_score: 0.8117867339975235
2025-04-28 08:23:38,084 - expt-41 - INFO -              :: val_loss:0.45229881283749784 | val_f1_score:0.7990840012444757
2025-04-28 08:23:38,729 - expt-41 - INFO - model saved @/scratch/opsahoo.eee20.itbhu/Thesis/results/expt-41| 2025-04-26 18:16/weights/epoch-65.pt
2025-04-28 08:36:05,392 - expt-42 - INFO - epoch:130:: train_loss:0.5974483677554682 | train_f1_score: 0.8010145900428896
2025-04-28 08:38:18,888 - expt-42 - INFO -              :: val_loss:0.41092430792346385 | val_f1_score:0.8908501622338795
2025-04-28 08:38:18,934 - expt-42 - INFO - model saved @/scratch/opsahoo.eee20.itbhu/Thesis/results/expt-42| 2025-04-26 22:00/weights/epoch-130.pt
2025-04-28 08:53:33,285 - expt-42 - INFO - epoch:131:: train_loss:0.5712204133586065 | train_f1_score: 0.8109542953200365
2025-04-28 08:56:39,548 - expt-41 - INFO - epoch:66:: train_loss:0.6440391222009663 | train_f1_score: 0.7529779973289943
2025-04-28 09:08:57,098 - expt-42 - INFO - epoch:132:: train_loss:0.5723675183163107 | train_f1_score: 0.8070362328472178
2025-04-28 09:24:23,138 - expt-42 - INFO - epoch:133:: train_loss:0.5724191600905204 | train_f1_score: 0.8091791303661726
2025-04-28 09:29:56,928 - expt-41 - INFO - epoch:67:: train_loss:0.6348669060073835 | train_f1_score: 0.7573620927595626
2025-04-28 09:39:50,662 - expt-42 - INFO - epoch:134:: train_loss:0.5890552413505316 | train_f1_score: 0.8083365100870067
2025-04-28 09:54:56,590 - expt-42 - INFO - epoch:135:: train_loss:0.6425718741629585 | train_f1_score: 0.793572309626797
2025-04-28 09:57:03,772 - expt-42 - INFO -              :: val_loss:0.5545406636530468 | val_f1_score:0.8405221995471359
2025-04-28 09:57:03,935 - expt-42 - INFO - model saved @/scratch/opsahoo.eee20.itbhu/Thesis/results/expt-42| 2025-04-26 22:00/weights/epoch-135.pt
2025-04-28 10:03:03,828 - expt-41 - INFO - epoch:68:: train_loss:0.6363515309531471 | train_f1_score: 0.7577463469372897
2025-04-28 10:12:26,774 - expt-42 - INFO - epoch:136:: train_loss:0.6257336285945971 | train_f1_score: 0.7914093347444594
2025-04-28 10:28:09,916 - expt-42 - INFO - epoch:137:: train_loss:0.6276899694128216 | train_f1_score: 0.7946159916890939
2025-04-28 10:36:25,619 - expt-41 - INFO - epoch:69:: train_loss:0.6283196216338566 | train_f1_score: 0.7591090188079294
2025-04-28 10:43:35,470 - expt-42 - INFO - epoch:138:: train_loss:0.5878638095636779 | train_f1_score: 0.8041872365432658
2025-04-28 10:58:48,074 - expt-42 - INFO - epoch:139:: train_loss:0.6780294665243771 | train_f1_score: 0.77844261232225
2025-04-28 11:09:39,728 - expt-41 - INFO - epoch:70:: train_loss:0.6318742139941135 | train_f1_score: 0.7563827496893047
2025-04-28 11:14:00,582 - expt-42 - INFO - epoch:140:: train_loss:0.5901389142260247 | train_f1_score: 0.8029538958102326
2025-04-28 11:14:27,504 - expt-41 - INFO -              :: val_loss:0.43671480446361527 | val_f1_score:0.8252713755320757
2025-04-28 11:14:27,868 - expt-41 - INFO - model saved @/scratch/opsahoo.eee20.itbhu/Thesis/results/expt-41| 2025-04-26 18:16/weights/epoch-70.pt
2025-04-28 11:16:03,120 - expt-42 - INFO -              :: val_loss:0.39962249753765133 | val_f1_score:0.8935189635139904
2025-04-28 11:16:03,155 - expt-42 - INFO - model saved @/scratch/opsahoo.eee20.itbhu/Thesis/results/expt-42| 2025-04-26 22:00/weights/epoch-140.pt
2025-04-28 11:31:24,230 - expt-42 - INFO - epoch:141:: train_loss:0.574771468535535 | train_f1_score: 0.8066634563435241
2025-04-28 11:46:41,167 - expt-42 - INFO - epoch:142:: train_loss:0.5630959866051183 | train_f1_score: 0.8107785259321734
2025-04-28 11:47:28,493 - expt-41 - INFO - epoch:71:: train_loss:0.6338738946426544 | train_f1_score: 0.7579467941267815
2025-04-28 12:02:05,005 - expt-42 - INFO - epoch:143:: train_loss:0.5842173952434473 | train_f1_score: 0.8051783539314937
2025-04-28 12:17:36,841 - expt-42 - INFO - epoch:144:: train_loss:0.5896980147794876 | train_f1_score: 0.8007289783477735
2025-04-28 12:20:42,849 - expt-41 - INFO - epoch:72:: train_loss:0.6287440030003396 | train_f1_score: 0.7598049410817463
2025-04-28 12:33:10,992 - expt-42 - INFO - epoch:145:: train_loss:0.5735971242059394 | train_f1_score: 0.8079893451507046
2025-04-28 12:35:17,521 - expt-42 - INFO -              :: val_loss:0.4446359213412122 | val_f1_score:0.8586038662972468
2025-04-28 12:35:17,829 - expt-42 - INFO - model saved @/scratch/opsahoo.eee20.itbhu/Thesis/results/expt-42| 2025-04-26 22:00/weights/epoch-145.pt
2025-04-28 12:50:48,703 - expt-42 - INFO - epoch:146:: train_loss:0.5807546174929618 | train_f1_score: 0.8063812076912555
2025-04-28 12:53:59,954 - expt-41 - INFO - epoch:73:: train_loss:0.623548378059721 | train_f1_score: 0.7643793261302869
2025-04-28 13:05:58,624 - expt-42 - INFO - epoch:147:: train_loss:0.5720931475819976 | train_f1_score: 0.8087150307111922
2025-04-28 13:21:36,484 - expt-42 - INFO - epoch:148:: train_loss:0.5664139225882605 | train_f1_score: 0.8093671408822557
2025-04-28 13:27:25,983 - expt-41 - INFO - epoch:74:: train_loss:0.6273374890642399 | train_f1_score: 0.7604559218508931
2025-04-28 13:37:07,949 - expt-42 - INFO - epoch:149:: train_loss:0.5656122874546596 | train_f1_score: 0.8105260115804728
2025-04-28 13:52:37,696 - expt-42 - INFO - epoch:150:: train_loss:0.5685781138741476 | train_f1_score: 0.8089364079209761
2025-04-28 13:54:52,942 - expt-42 - INFO -              :: val_loss:0.49265775941858214 | val_f1_score:0.8647486097259912
2025-04-28 13:54:53,464 - expt-42 - INFO - model saved @/scratch/opsahoo.eee20.itbhu/Thesis/results/expt-42| 2025-04-26 22:00/weights/epoch-150.pt
2025-04-28 14:00:35,899 - expt-41 - INFO - epoch:75:: train_loss:0.6191608153053848 | train_f1_score: 0.7637012009906609
2025-04-28 14:05:15,610 - expt-41 - INFO -              :: val_loss:0.41628364563462705 | val_f1_score:0.8512599442689028
2025-04-28 14:05:15,701 - expt-41 - INFO - model saved @/scratch/opsahoo.eee20.itbhu/Thesis/results/expt-41| 2025-04-26 18:16/weights/epoch-75.pt
2025-04-28 14:09:59,600 - expt-42 - INFO - epoch:151:: train_loss:0.5772845694211172 | train_f1_score: 0.8075566676145877
2025-04-28 14:25:25,070 - expt-42 - INFO - epoch:152:: train_loss:0.6516039496429907 | train_f1_score: 0.7850742320023071
2025-04-28 14:38:26,701 - expt-41 - INFO - epoch:76:: train_loss:0.6257581086942552 | train_f1_score: 0.7604824505935504
2025-04-28 14:40:41,349 - expt-42 - INFO - epoch:153:: train_loss:0.5968923013112947 | train_f1_score: 0.805768485792527
2025-04-28 14:56:06,274 - expt-42 - INFO - epoch:154:: train_loss:0.569224634995745 | train_f1_score: 0.8092296066086982
2025-04-28 15:11:25,847 - expt-42 - INFO - epoch:155:: train_loss:0.5792997691094653 | train_f1_score: 0.8069512720435302
2025-04-28 15:11:41,050 - expt-41 - INFO - epoch:77:: train_loss:0.6218101140991901 | train_f1_score: 0.7660667222356464
2025-04-28 15:13:33,932 - expt-42 - INFO -              :: val_loss:0.3805256376622399 | val_f1_score:0.8843410291236771
2025-04-28 15:13:34,027 - expt-42 - INFO - model saved @/scratch/opsahoo.eee20.itbhu/Thesis/results/expt-42| 2025-04-26 22:00/weights/epoch-155.pt
2025-04-28 15:29:00,046 - expt-42 - INFO - epoch:156:: train_loss:0.5606039295523034 | train_f1_score: 0.8131711178283191
2025-04-28 15:44:37,925 - expt-42 - INFO - epoch:157:: train_loss:0.5562428011589567 | train_f1_score: 0.8124117074954269
2025-04-28 15:44:57,551 - expt-41 - INFO - epoch:78:: train_loss:0.6228125816881486 | train_f1_score: 0.7629643902525771
2025-04-28 16:00:08,962 - expt-42 - INFO - epoch:158:: train_loss:0.5568513823367167 | train_f1_score: 0.8152291854261084
2025-04-28 16:15:53,651 - expt-42 - INFO - epoch:159:: train_loss:0.5686996707069678 | train_f1_score: 0.8101569852511246
2025-04-28 16:18:35,635 - expt-41 - INFO - epoch:79:: train_loss:0.6244169892540608 | train_f1_score: 0.7655141934620877
2025-04-28 16:31:10,791 - expt-42 - INFO - epoch:160:: train_loss:0.5699070628638082 | train_f1_score: 0.812005956266854
2025-04-28 16:33:22,437 - expt-42 - INFO -              :: val_loss:0.37274404410800144 | val_f1_score:0.8995888396693116
2025-04-28 16:33:22,648 - expt-42 - INFO - model saved @/scratch/opsahoo.eee20.itbhu/Thesis/results/expt-42| 2025-04-26 22:00/weights/epoch-160.pt
2025-04-28 16:48:33,333 - expt-42 - INFO - epoch:161:: train_loss:0.603052992283789 | train_f1_score: 0.8037557478662156
2025-04-28 16:51:54,574 - expt-41 - INFO - epoch:80:: train_loss:0.6235998627657352 | train_f1_score: 0.7647766661124253
2025-04-28 16:56:34,836 - expt-41 - INFO -              :: val_loss:0.46255040920044366 | val_f1_score:0.8102383688094822
2025-04-28 16:56:35,092 - expt-41 - INFO - model saved @/scratch/opsahoo.eee20.itbhu/Thesis/results/expt-41| 2025-04-26 18:16/weights/epoch-80.pt
2025-04-28 17:03:31,142 - expt-42 - INFO - epoch:162:: train_loss:0.5763713996769126 | train_f1_score: 0.8101990458225407
2025-04-28 17:18:54,879 - expt-42 - INFO - epoch:163:: train_loss:0.5653609578801151 | train_f1_score: 0.8139693735590219
2025-04-28 17:29:43,938 - expt-41 - INFO - epoch:81:: train_loss:0.629660251369319 | train_f1_score: 0.7648833875030837
2025-04-28 17:34:07,267 - expt-42 - INFO - epoch:164:: train_loss:0.5562443781294178 | train_f1_score: 0.8141840324593322
2025-04-28 17:49:17,412 - expt-42 - INFO - epoch:165:: train_loss:0.5600836470823667 | train_f1_score: 0.8150228122098431
2025-04-28 17:51:28,025 - expt-42 - INFO -              :: val_loss:0.3876367992229644 | val_f1_score:0.8776996482785425
2025-04-28 17:51:28,210 - expt-42 - INFO - model saved @/scratch/opsahoo.eee20.itbhu/Thesis/results/expt-42| 2025-04-26 22:00/weights/epoch-165.pt
2025-04-28 18:02:46,214 - expt-41 - INFO - epoch:82:: train_loss:0.6245112077143108 | train_f1_score: 0.7647689443800945
2025-04-28 18:06:53,988 - expt-42 - INFO - epoch:166:: train_loss:0.5694149785240673 | train_f1_score: 0.8114125107232126
2025-04-28 18:22:14,628 - expt-42 - INFO - epoch:167:: train_loss:0.5596170371417665 | train_f1_score: 0.8150979568687011
2025-04-28 18:35:54,637 - expt-41 - INFO - epoch:83:: train_loss:0.6149888650483978 | train_f1_score: 0.769002617285574
2025-04-28 18:37:30,953 - expt-42 - INFO - epoch:168:: train_loss:0.5585539650605245 | train_f1_score: 0.815115156489755
2025-04-28 18:53:15,043 - expt-42 - INFO - epoch:169:: train_loss:0.5639015566429089 | train_f1_score: 0.8127741839807193
2025-04-28 19:08:25,823 - expt-42 - INFO - epoch:170:: train_loss:0.5539455974793706 | train_f1_score: 0.8160211559853592
2025-04-28 19:09:22,056 - expt-41 - INFO - epoch:84:: train_loss:0.6208679634028139 | train_f1_score: 0.7654418505713199
2025-04-28 19:10:39,115 - expt-42 - INFO -              :: val_loss:0.46732312225536227 | val_f1_score:0.8482343735776852
2025-04-28 19:10:39,299 - expt-42 - INFO - model saved @/scratch/opsahoo.eee20.itbhu/Thesis/results/expt-42| 2025-04-26 22:00/weights/epoch-170.pt
2025-04-28 19:25:45,187 - expt-42 - INFO - epoch:171:: train_loss:0.5540264384457619 | train_f1_score: 0.816410145283758
2025-04-28 19:41:08,145 - expt-42 - INFO - epoch:172:: train_loss:0.5761038563728399 | train_f1_score: 0.8124244695328635
2025-04-28 19:42:20,225 - expt-41 - INFO - epoch:85:: train_loss:0.615698494915612 | train_f1_score: 0.7642904532107
2025-04-28 19:46:52,890 - expt-41 - INFO -              :: val_loss:0.4253776596508753 | val_f1_score:0.8190363611283781
2025-04-28 19:46:52,934 - expt-41 - INFO - model saved @/scratch/opsahoo.eee20.itbhu/Thesis/results/expt-41| 2025-04-26 18:16/weights/epoch-85.pt
2025-04-28 19:56:14,709 - expt-42 - INFO - epoch:173:: train_loss:0.5808208383164406 | train_f1_score: 0.810148341665358
2025-04-28 20:11:25,262 - expt-42 - INFO - epoch:174:: train_loss:0.5576209625640856 | train_f1_score: 0.8179472734860432
2025-04-28 20:20:15,710 - expt-41 - INFO - epoch:86:: train_loss:0.617648327356283 | train_f1_score: 0.7682006838933901
2025-04-28 20:26:53,707 - expt-42 - INFO - epoch:175:: train_loss:0.5590357372439687 | train_f1_score: 0.817034853558159
2025-04-28 20:29:10,592 - expt-42 - INFO -              :: val_loss:0.450753964869852 | val_f1_score:0.8674115502034694
2025-04-28 20:29:10,709 - expt-42 - INFO - model saved @/scratch/opsahoo.eee20.itbhu/Thesis/results/expt-42| 2025-04-26 22:00/weights/epoch-175.pt
2025-04-28 20:44:39,771 - expt-42 - INFO - epoch:176:: train_loss:0.5768494367432081 | train_f1_score: 0.8098141553236616
2025-04-28 20:53:28,336 - expt-41 - INFO - epoch:87:: train_loss:0.6165820294493451 | train_f1_score: 0.7690852744597383
2025-04-28 20:59:49,508 - expt-42 - INFO - epoch:177:: train_loss:0.7172381003248796 | train_f1_score: 0.7643144180757693
2025-04-28 21:15:09,705 - expt-42 - INFO - epoch:178:: train_loss:0.5629942260358745 | train_f1_score: 0.811272910616118
2025-04-28 21:27:02,609 - expt-41 - INFO - epoch:88:: train_loss:0.6092759828711155 | train_f1_score: 0.7718887495952593
2025-04-28 21:30:43,816 - expt-42 - INFO - epoch:179:: train_loss:0.5610009052415644 | train_f1_score: 0.8123598847697825
2025-04-28 21:45:49,883 - expt-42 - INFO - epoch:180:: train_loss:0.6763809292423129 | train_f1_score: 0.7840868605041258
2025-04-28 21:48:02,493 - expt-42 - INFO -              :: val_loss:0.5646545924153163 | val_f1_score:0.8410579847966856
2025-04-28 21:48:02,663 - expt-42 - INFO - model saved @/scratch/opsahoo.eee20.itbhu/Thesis/results/expt-42| 2025-04-26 22:00/weights/epoch-180.pt
2025-04-28 22:00:17,047 - expt-41 - INFO - epoch:89:: train_loss:0.6190408280543287 | train_f1_score: 0.7671690069386796
2025-04-28 22:03:20,498 - expt-42 - INFO - epoch:181:: train_loss:0.6719684472370862 | train_f1_score: 0.7813034043910457
2025-04-28 22:18:32,667 - expt-42 - INFO - epoch:182:: train_loss:0.6587176917965469 | train_f1_score: 0.7791445308064818
2025-04-28 22:33:34,090 - expt-41 - INFO - epoch:90:: train_loss:0.6093713333026509 | train_f1_score: 0.7710969328550114
2025-04-28 22:34:02,133 - expt-42 - INFO - epoch:183:: train_loss:0.63187930813956 | train_f1_score: 0.789376047119917
2025-04-28 22:38:07,426 - expt-41 - INFO -              :: val_loss:0.4518645511571573 | val_f1_score:0.8221753109960346
2025-04-28 22:38:07,611 - expt-41 - INFO - model saved @/scratch/opsahoo.eee20.itbhu/Thesis/results/expt-41| 2025-04-26 18:16/weights/epoch-90.pt
2025-04-28 22:49:03,007 - expt-42 - INFO - epoch:184:: train_loss:0.5843391083921687 | train_f1_score: 0.8024562530541044
2025-04-28 23:04:39,181 - expt-42 - INFO - epoch:185:: train_loss:0.5751797070353698 | train_f1_score: 0.8073385584929335
2025-04-28 23:06:51,183 - expt-42 - INFO -              :: val_loss:0.5162553957999638 | val_f1_score:0.8507681991885417
2025-04-28 23:06:51,260 - expt-42 - INFO - model saved @/scratch/opsahoo.eee20.itbhu/Thesis/results/expt-42| 2025-04-26 22:00/weights/epoch-185.pt
2025-04-28 23:11:23,971 - expt-41 - INFO - epoch:91:: train_loss:0.6171718855401204 | train_f1_score: 0.7688201384539697
2025-04-28 23:22:09,048 - expt-42 - INFO - epoch:186:: train_loss:0.6394913993529061 | train_f1_score: 0.7914048737396371
2025-04-28 23:37:30,053 - expt-42 - INFO - epoch:187:: train_loss:0.6330204370717369 | train_f1_score: 0.7912923522155856
2025-04-28 23:44:42,207 - expt-41 - INFO - epoch:92:: train_loss:0.6122227956945578 | train_f1_score: 0.771910239942148
2025-04-28 23:52:40,270 - expt-42 - INFO - epoch:188:: train_loss:0.5921761299437243 | train_f1_score: 0.8025684684342406
2025-04-29 00:07:55,281 - expt-42 - INFO - epoch:189:: train_loss:0.5689187753070122 | train_f1_score: 0.8086611243041357
2025-04-29 00:18:11,845 - expt-41 - INFO - epoch:93:: train_loss:0.6098589134898115 | train_f1_score: 0.7716199056952177
2025-04-29 00:23:25,476 - expt-42 - INFO - epoch:190:: train_loss:0.5687343537175659 | train_f1_score: 0.809856426975962
2025-04-29 00:25:36,973 - expt-42 - INFO -              :: val_loss:0.4680904667332692 | val_f1_score:0.8713941950803413
2025-04-29 00:25:37,216 - expt-42 - INFO - model saved @/scratch/opsahoo.eee20.itbhu/Thesis/results/expt-42| 2025-04-26 22:00/weights/epoch-190.pt
2025-04-29 00:40:58,697 - expt-42 - INFO - epoch:191:: train_loss:0.5786679665845078 | train_f1_score: 0.8115178920788726
2025-04-29 00:51:32,739 - expt-41 - INFO - epoch:94:: train_loss:0.6112180251705046 | train_f1_score: 0.7713289569608867
2025-04-29 00:59:03,812 - expt-43 - INFO - 
2025-04-29 00:59:03,834 - expt-43 - INFO - ++++++++++++++++++++++++++++++++++++++++++++++++++++++++++++++++++++++++
2025-04-29 00:59:03,835 - expt-43 - INFO - ++++++++++++++++++++++++++ Experiment: 43 ++++++++++++++++++++++++++
2025-04-29 00:59:03,835 - expt-43 - INFO - Description: testing multi-gpu training
2025-04-29 00:59:03,835 - expt-43 - INFO - 
2025-04-29 00:59:03,835 - expt-43 - INFO - Dataset info.
2025-04-29 00:59:03,835 - expt-43 - INFO - > Data names: ['microgrid_steady_state_rms', 'microgrid_fault_dataset_rms']
2025-04-29 00:59:03,835 - expt-43 - INFO - > Case range: [1, 3000]
2025-04-29 00:59:03,836 - expt-43 - INFO - 
2025-04-29 00:59:03,836 - expt-43 - INFO - Loading model.
2025-04-29 00:59:04,130 - expt-43 - INFO - > No. of parameters: 13543
2025-04-29 00:59:04,131 - expt-43 - INFO - 
2025-04-29 00:59:04,131 - expt-43 - INFO - Using device: cuda
2025-04-29 00:59:04,303 - expt-43 - INFO - > GPU: Tesla V100-PCIE-16GB
2025-04-29 01:07:34,912 - expt-43 - INFO - Dataset Size: 284400
2025-04-29 01:07:35,851 - expt-43 - INFO - 
2025-04-29 01:07:35,852 - expt-43 - INFO - ========== Starting model training. ==========
2025-04-29 01:26:14,104 - expt-41 - INFO - epoch:95:: train_loss:0.6142682369081193 | train_f1_score: 0.7692736860079572
2025-04-29 01:30:35,516 - expt-41 - INFO -              :: val_loss:0.4663828450926495 | val_f1_score:0.82013110720925
2025-04-29 01:30:35,837 - expt-41 - INFO - model saved @/scratch/opsahoo.eee20.itbhu/Thesis/results/expt-41| 2025-04-26 18:16/weights/epoch-95.pt
2025-04-29 02:04:14,782 - expt-41 - INFO - epoch:96:: train_loss:0.6191382958937439 | train_f1_score: 0.7700249858752148
2025-04-29 02:14:35,863 - expt-43 - INFO - epoch:0:: train_loss:1.1214630620866892 | train_f1_score: 0.43217250371349486
2025-04-29 02:23:37,156 - expt-43 - INFO -              :: val_loss:0.807966673796449 | val_f1_score:0.5198287884165269
2025-04-29 02:37:34,345 - expt-41 - INFO - epoch:97:: train_loss:0.6195178070059535 | train_f1_score: 0.7669630330474548
2025-04-29 03:11:09,858 - expt-41 - INFO - epoch:98:: train_loss:0.612046305528994 | train_f1_score: 0.771279983120684
2025-04-29 03:31:16,550 - expt-43 - INFO - epoch:1:: train_loss:0.9087152766699615 | train_f1_score: 0.5350389743910219
2025-04-29 03:44:34,802 - expt-41 - INFO - epoch:99:: train_loss:0.6105231401962506 | train_f1_score: 0.769672110955945
2025-04-29 04:18:10,889 - expt-41 - INFO - epoch:100:: train_loss:0.6087389769104595 | train_f1_score: 0.7719456201236349
2025-04-29 04:22:50,982 - expt-41 - INFO -              :: val_loss:0.41353698396671945 | val_f1_score:0.865583484738524
2025-04-29 04:22:51,556 - expt-41 - INFO - model saved @/scratch/opsahoo.eee20.itbhu/Thesis/results/expt-41| 2025-04-26 18:16/weights/epoch-100.pt
2025-04-29 04:38:14,276 - expt-43 - INFO - epoch:2:: train_loss:0.8485252117830103 | train_f1_score: 0.5662401299167337
2025-04-29 04:56:02,892 - expt-41 - INFO - epoch:101:: train_loss:0.6110946289658467 | train_f1_score: 0.7702375038777404
2025-04-29 05:29:28,132 - expt-41 - INFO - epoch:102:: train_loss:0.6078834124737241 | train_f1_score: 0.7713956648923224
2025-04-29 05:45:00,871 - expt-43 - INFO - epoch:3:: train_loss:0.8148807165967489 | train_f1_score: 0.5795146222448139
2025-04-29 06:02:47,885 - expt-41 - INFO - epoch:103:: train_loss:0.6118252741490495 | train_f1_score: 0.7704574395275904
2025-04-29 06:36:22,529 - expt-41 - INFO - epoch:104:: train_loss:0.6168549433073399 | train_f1_score: 0.7694903528368169
2025-04-29 06:51:58,856 - expt-43 - INFO - epoch:4:: train_loss:0.7931560101749777 | train_f1_score: 0.5860920180554894
2025-04-29 07:10:41,492 - expt-41 - INFO - epoch:105:: train_loss:0.6039241430568717 | train_f1_score: 0.7746492934972266
2025-04-29 07:13:26,025 - expt-44 - INFO - 
2025-04-29 07:13:26,027 - expt-44 - INFO - ++++++++++++++++++++++++++++++++++++++++++++++++++++++++++++++++++++++++
2025-04-29 07:13:26,027 - expt-44 - INFO - ++++++++++++++++++++++++++ Experiment: 44 ++++++++++++++++++++++++++
2025-04-29 07:13:26,028 - expt-44 - INFO - Description: testing multi-gpu training
2025-04-29 07:13:26,028 - expt-44 - INFO - 
2025-04-29 07:13:26,028 - expt-44 - INFO - Dataset info.
2025-04-29 07:13:26,028 - expt-44 - INFO - > Data names: ['microgrid_fault_dataset_rms', 'microgrid_steady_state_rms']
2025-04-29 07:13:26,028 - expt-44 - INFO - > Case range: [1, 2700]
2025-04-29 07:13:26,029 - expt-44 - INFO - 
2025-04-29 07:13:26,029 - expt-44 - INFO - Loading model.
2025-04-29 07:13:26,405 - expt-44 - INFO - > No. of parameters: 26343
2025-04-29 07:13:26,406 - expt-44 - INFO - 
2025-04-29 07:13:26,407 - expt-44 - INFO - Using device: cuda
2025-04-29 07:13:26,576 - expt-44 - INFO - > GPU: Tesla V100-PCIE-16GB
2025-04-29 07:15:27,742 - expt-41 - INFO -              :: val_loss:0.41168335223437624 | val_f1_score:0.8460187886132576
2025-04-29 07:15:28,129 - expt-41 - INFO - model saved @/scratch/opsahoo.eee20.itbhu/Thesis/results/expt-41| 2025-04-26 18:16/weights/epoch-105.pt
2025-04-29 07:18:44,476 - expt-44 - INFO - Dataset Size: 103860
2025-04-29 07:18:45,182 - expt-44 - INFO - 
2025-04-29 07:18:45,182 - expt-44 - INFO - ========== Starting model training. ==========
2025-04-29 07:43:25,988 - expt-44 - INFO - epoch:0:: train_loss:1.364695689974196 | train_f1_score: 0.3610611741451662
2025-04-29 07:46:51,733 - expt-44 - INFO -              :: val_loss:1.0149263878354833 | val_f1_score:0.5174136848618403
2025-04-29 07:48:53,374 - expt-41 - INFO - epoch:106:: train_loss:0.6072360253460933 | train_f1_score: 0.7718405396984218
2025-04-29 08:10:53,032 - expt-44 - INFO - epoch:1:: train_loss:1.066044980209889 | train_f1_score: 0.4972723928336412
2025-04-29 08:22:12,936 - expt-41 - INFO - epoch:107:: train_loss:0.6032328349761037 | train_f1_score: 0.7731179903535873
2025-04-29 08:35:01,245 - expt-44 - INFO - epoch:2:: train_loss:0.9404104959499447 | train_f1_score: 0.5614983032080467
2025-04-29 08:55:32,828 - expt-41 - INFO - epoch:108:: train_loss:0.6071083832961561 | train_f1_score: 0.7735818428578672
2025-04-29 08:59:09,700 - expt-44 - INFO - epoch:3:: train_loss:0.8926578117304484 | train_f1_score: 0.5708374848616516
2025-04-29 09:23:44,912 - expt-44 - INFO - epoch:4:: train_loss:0.868227964142584 | train_f1_score: 0.578747371824847
2025-04-29 09:28:46,603 - expt-41 - INFO - epoch:109:: train_loss:0.6172278931131983 | train_f1_score: 0.7729922762500013
2025-04-29 09:47:54,630 - expt-44 - INFO - epoch:5:: train_loss:0.849514609547428 | train_f1_score: 0.5853319901065912
2025-04-29 09:51:16,726 - expt-44 - INFO -              :: val_loss:0.6892607546967034 | val_f1_score:0.585931936624846
2025-04-29 09:51:17,392 - expt-44 - INFO - model saved @/scratch/opsahoo.eee20.itbhu/Thesis/results/expt-44| 2025-04-29 07:13/weights/epoch-5.pt
2025-04-29 10:02:14,255 - expt-41 - INFO - epoch:110:: train_loss:0.6082319736609327 | train_f1_score: 0.7707458075732859
2025-04-29 10:06:51,743 - expt-41 - INFO -              :: val_loss:0.4316916741943203 | val_f1_score:0.8289478205430506
2025-04-29 10:06:51,947 - expt-41 - INFO - model saved @/scratch/opsahoo.eee20.itbhu/Thesis/results/expt-41| 2025-04-26 18:16/weights/epoch-110.pt
2025-04-29 10:15:53,451 - expt-44 - INFO - epoch:6:: train_loss:0.8400051278463421 | train_f1_score: 0.5898563469903405
2025-04-29 10:39:47,406 - expt-44 - INFO - epoch:7:: train_loss:0.8282082357666823 | train_f1_score: 0.5921614745398066
2025-04-29 10:40:17,230 - expt-41 - INFO - epoch:111:: train_loss:0.6107761069416213 | train_f1_score: 0.7705259394290602
2025-04-29 11:03:52,316 - expt-44 - INFO - epoch:8:: train_loss:0.8167142894547252 | train_f1_score: 0.5953801952231086
2025-04-29 11:13:21,154 - expt-41 - INFO - epoch:112:: train_loss:0.6046184807030777 | train_f1_score: 0.7747458300110218
2025-04-29 11:27:45,163 - expt-44 - INFO - epoch:9:: train_loss:0.8090656383996321 | train_f1_score: 0.5970755999297459
2025-04-29 11:46:40,915 - expt-41 - INFO - epoch:113:: train_loss:0.6342613199470266 | train_f1_score: 0.7686862228156198
2025-04-29 11:51:57,791 - expt-44 - INFO - epoch:10:: train_loss:0.8003575798182725 | train_f1_score: 0.5993740710205838
2025-04-29 11:55:14,300 - expt-44 - INFO -              :: val_loss:0.6425419610570593 | val_f1_score:0.6424816979102698
2025-04-29 11:55:14,371 - expt-44 - INFO - model saved @/scratch/opsahoo.eee20.itbhu/Thesis/results/expt-44| 2025-04-29 07:13/weights/epoch-10.pt
2025-04-29 12:19:18,096 - expt-44 - INFO - epoch:11:: train_loss:0.7944738048313322 | train_f1_score: 0.6033726605262909
2025-04-29 12:19:51,234 - expt-41 - INFO - epoch:114:: train_loss:0.602874332871069 | train_f1_score: 0.7722620039044409
2025-04-29 12:43:35,445 - expt-44 - INFO - epoch:12:: train_loss:0.7849333425943802 | train_f1_score: 0.6065076707536158
2025-04-29 12:53:18,023 - expt-41 - INFO - epoch:115:: train_loss:0.6083887423511222 | train_f1_score: 0.7713205524703284
2025-04-29 12:58:00,480 - expt-41 - INFO -              :: val_loss:0.48717067019795346 | val_f1_score:0.8499367806365449
2025-04-29 12:58:00,537 - expt-41 - INFO - model saved @/scratch/opsahoo.eee20.itbhu/Thesis/results/expt-41| 2025-04-26 18:16/weights/epoch-115.pt
2025-04-29 13:08:06,783 - expt-44 - INFO - epoch:13:: train_loss:0.7783208934426566 | train_f1_score: 0.611013519929142
2025-04-29 13:31:05,972 - expt-41 - INFO - epoch:116:: train_loss:0.6121041141167456 | train_f1_score: 0.7669364426000447
2025-04-29 13:32:15,018 - expt-44 - INFO - epoch:14:: train_loss:0.7732271440655328 | train_f1_score: 0.6151249611745906
2025-04-29 13:56:38,176 - expt-44 - INFO - epoch:15:: train_loss:0.7684423848931397 | train_f1_score: 0.6160791280701856
2025-04-29 14:00:01,380 - expt-44 - INFO -              :: val_loss:0.6268922661906381 | val_f1_score:0.5749916866686225
2025-04-29 14:00:01,449 - expt-44 - INFO - model saved @/scratch/opsahoo.eee20.itbhu/Thesis/results/expt-44| 2025-04-29 07:13/weights/epoch-15.pt
2025-04-29 14:04:20,973 - expt-41 - INFO - epoch:117:: train_loss:0.6023556361675328 | train_f1_score: 0.7729214797837913
2025-04-29 14:24:13,951 - expt-44 - INFO - epoch:16:: train_loss:0.7629085243771525 | train_f1_score: 0.6159233972881294
2025-04-29 14:37:41,024 - expt-41 - INFO - epoch:118:: train_loss:0.6063774061517778 | train_f1_score: 0.7713838093237525
2025-04-29 14:48:27,158 - expt-44 - INFO - epoch:17:: train_loss:0.7608164759276277 | train_f1_score: 0.6210678933452822
2025-04-29 15:10:59,744 - expt-41 - INFO - epoch:119:: train_loss:0.6144339603720368 | train_f1_score: 0.7700408305621185
2025-04-29 15:12:55,062 - expt-44 - INFO - epoch:18:: train_loss:0.7560203428845076 | train_f1_score: 0.620942531438157
2025-04-29 15:37:24,984 - expt-44 - INFO - epoch:19:: train_loss:0.7548840550502341 | train_f1_score: 0.6225217579687757
2025-04-29 15:44:24,226 - expt-41 - INFO - epoch:120:: train_loss:0.6033156682554898 | train_f1_score: 0.7720917408024698
2025-04-29 15:49:09,875 - expt-41 - INFO -              :: val_loss:0.39291230410531636 | val_f1_score:0.8593250503151614
2025-04-29 15:49:10,023 - expt-41 - INFO - model saved @/scratch/opsahoo.eee20.itbhu/Thesis/results/expt-41| 2025-04-26 18:16/weights/epoch-120.pt
2025-04-29 16:01:37,347 - expt-44 - INFO - epoch:20:: train_loss:0.7519181033685987 | train_f1_score: 0.6234666591201693
2025-04-29 16:04:54,758 - expt-44 - INFO -              :: val_loss:0.6208420950975331 | val_f1_score:0.6486922442940358
2025-04-29 16:04:54,796 - expt-44 - INFO - model saved @/scratch/opsahoo.eee20.itbhu/Thesis/results/expt-44| 2025-04-29 07:13/weights/epoch-20.pt
2025-04-29 16:22:22,844 - expt-41 - INFO - epoch:121:: train_loss:0.6167012997894799 | train_f1_score: 0.7700745908284455
2025-04-29 16:29:04,841 - expt-44 - INFO - epoch:21:: train_loss:0.7503731277366839 | train_f1_score: 0.6296299985575576
2025-04-29 16:53:15,109 - expt-44 - INFO - epoch:22:: train_loss:0.742321647087061 | train_f1_score: 0.6290534786244971
2025-04-29 16:55:47,094 - expt-41 - INFO - epoch:122:: train_loss:0.6046151238431214 | train_f1_score: 0.7687986612893888
2025-04-29 17:17:47,482 - expt-44 - INFO - epoch:23:: train_loss:0.7415089699549359 | train_f1_score: 0.6332033334324674
2025-04-29 17:29:20,621 - expt-41 - INFO - epoch:123:: train_loss:0.6150080958978106 | train_f1_score: 0.7705493082955569
2025-04-29 17:42:03,748 - expt-44 - INFO - epoch:24:: train_loss:0.7453652413550934 | train_f1_score: 0.6356145112213831
2025-04-29 18:02:52,501 - expt-41 - INFO - epoch:124:: train_loss:0.6141526398099784 | train_f1_score: 0.7727604610374739
2025-04-29 18:06:38,271 - expt-44 - INFO - epoch:25:: train_loss:0.7396870096042908 | train_f1_score: 0.6443634866553459
2025-04-29 18:10:09,051 - expt-44 - INFO -              :: val_loss:0.5878910234812394 | val_f1_score:0.7171995134585145
2025-04-29 18:10:09,276 - expt-44 - INFO - model saved @/scratch/opsahoo.eee20.itbhu/Thesis/results/expt-44| 2025-04-29 07:13/weights/epoch-25.pt
2025-04-29 18:34:43,156 - expt-44 - INFO - epoch:26:: train_loss:0.7380624863079396 | train_f1_score: 0.6580991937671425
2025-04-29 18:36:01,386 - expt-41 - INFO - epoch:125:: train_loss:0.6202361884601291 | train_f1_score: 0.7725645079495366
2025-04-29 18:40:45,184 - expt-41 - INFO -              :: val_loss:0.42714797237789914 | val_f1_score:0.8340073417010159
2025-04-29 18:40:45,220 - expt-41 - INFO - model saved @/scratch/opsahoo.eee20.itbhu/Thesis/results/expt-41| 2025-04-26 18:16/weights/epoch-125.pt
2025-04-29 18:58:34,682 - expt-44 - INFO - epoch:27:: train_loss:0.7174883269237786 | train_f1_score: 0.6925038983881217
2025-04-29 19:14:09,806 - expt-41 - INFO - epoch:126:: train_loss:0.6006094265923393 | train_f1_score: 0.7757107261041903
2025-04-29 19:23:05,072 - expt-44 - INFO - epoch:28:: train_loss:0.6994857599563173 | train_f1_score: 0.7109353619422639
2025-04-29 19:47:25,032 - expt-44 - INFO - epoch:29:: train_loss:0.6939756029680098 | train_f1_score: 0.7214753327235969
2025-04-29 19:47:47,619 - expt-41 - INFO - epoch:127:: train_loss:0.598494326778945 | train_f1_score: 0.7761029819544761
2025-04-29 20:11:32,586 - expt-44 - INFO - epoch:30:: train_loss:0.686200416782001 | train_f1_score: 0.7248002494263721
2025-04-29 20:15:02,687 - expt-44 - INFO -              :: val_loss:0.712043456316912 | val_f1_score:0.6475942034715942
2025-04-29 20:15:02,818 - expt-44 - INFO - model saved @/scratch/opsahoo.eee20.itbhu/Thesis/results/expt-44| 2025-04-29 07:13/weights/epoch-30.pt
2025-04-29 20:20:50,488 - expt-41 - INFO - epoch:128:: train_loss:0.6068537631289436 | train_f1_score: 0.7731127922316688
2025-04-29 20:39:22,630 - expt-44 - INFO - epoch:31:: train_loss:0.6859611553085813 | train_f1_score: 0.7297098474539718
2025-04-29 20:54:20,430 - expt-41 - INFO - epoch:129:: train_loss:0.5938876423351754 | train_f1_score: 0.7771508726441424
2025-04-29 21:03:37,748 - expt-44 - INFO - epoch:32:: train_loss:0.6709986052073734 | train_f1_score: 0.7324309572486692
2025-04-29 21:27:59,544 - expt-41 - INFO - epoch:130:: train_loss:0.595826973045179 | train_f1_score: 0.7780780274118896
2025-04-29 21:28:04,370 - expt-44 - INFO - epoch:33:: train_loss:0.675912809554546 | train_f1_score: 0.735077510450254
2025-04-29 21:32:34,384 - expt-41 - INFO -              :: val_loss:0.39864035455142943 | val_f1_score:0.8487977142656737
2025-04-29 21:32:34,592 - expt-41 - INFO - model saved @/scratch/opsahoo.eee20.itbhu/Thesis/results/expt-41| 2025-04-26 18:16/weights/epoch-130.pt
2025-04-29 21:52:18,111 - expt-44 - INFO - epoch:34:: train_loss:0.6744948675761456 | train_f1_score: 0.7377396335692562
2025-04-29 22:05:49,442 - expt-41 - INFO - epoch:131:: train_loss:0.6162849060639601 | train_f1_score: 0.7766094488343581
2025-04-29 22:16:12,508 - expt-44 - INFO - epoch:35:: train_loss:0.667966857217048 | train_f1_score: 0.7403781150750159
2025-04-29 22:19:39,460 - expt-44 - INFO -              :: val_loss:0.5872285965714634 | val_f1_score:0.7102771914761289
2025-04-29 22:19:39,769 - expt-44 - INFO - model saved @/scratch/opsahoo.eee20.itbhu/Thesis/results/expt-44| 2025-04-29 07:13/weights/epoch-35.pt
2025-04-29 22:39:01,761 - expt-41 - INFO - epoch:132:: train_loss:0.6199026127584201 | train_f1_score: 0.7778775863233226
2025-04-29 22:43:38,608 - expt-44 - INFO - epoch:36:: train_loss:0.668065930263022 | train_f1_score: 0.7394187207932355
2025-04-29 23:07:53,796 - expt-44 - INFO - epoch:37:: train_loss:0.6614404883762919 | train_f1_score: 0.743867321449371
2025-04-29 23:12:40,908 - expt-41 - INFO - epoch:133:: train_loss:0.6097930693068572 | train_f1_score: 0.7742405272843876
2025-04-29 23:31:40,074 - expt-44 - INFO - epoch:38:: train_loss:0.6574899962176094 | train_f1_score: 0.749619454924316
2025-04-29 23:46:16,293 - expt-41 - INFO - epoch:134:: train_loss:0.5921010818474493 | train_f1_score: 0.7792750839381734
2025-04-29 23:56:01,875 - expt-44 - INFO - epoch:39:: train_loss:0.6536187918519641 | train_f1_score: 0.7487739859208755
2025-04-30 00:19:19,551 - expt-41 - INFO - epoch:135:: train_loss:0.5830028041055356 | train_f1_score: 0.7811359543333612
2025-04-30 00:20:19,794 - expt-44 - INFO - epoch:40:: train_loss:0.6595456249261152 | train_f1_score: 0.7489472915823053
2025-04-30 00:23:39,331 - expt-44 - INFO -              :: val_loss:0.5391338432729178 | val_f1_score:0.7371310075626776
2025-04-30 00:23:39,566 - expt-44 - INFO - model saved @/scratch/opsahoo.eee20.itbhu/Thesis/results/expt-44| 2025-04-29 07:13/weights/epoch-40.pt
2025-04-30 00:23:47,961 - expt-41 - INFO -              :: val_loss:0.4139200362607544 | val_f1_score:0.8485652880302131
2025-04-30 00:23:47,994 - expt-41 - INFO - model saved @/scratch/opsahoo.eee20.itbhu/Thesis/results/expt-41| 2025-04-26 18:16/weights/epoch-135.pt
2025-04-30 00:47:43,489 - expt-44 - INFO - epoch:41:: train_loss:0.6532010010244559 | train_f1_score: 0.7525673848009975
2025-04-30 00:57:08,927 - expt-41 - INFO - epoch:136:: train_loss:0.5874078616475982 | train_f1_score: 0.7825851872852944
2025-04-30 01:11:34,386 - expt-44 - INFO - epoch:42:: train_loss:0.6470218387453989 | train_f1_score: 0.7558871976350988
2025-04-30 01:30:34,376 - expt-41 - INFO - epoch:137:: train_loss:0.6099629091342804 | train_f1_score: 0.7795247425486937
2025-04-30 01:35:55,012 - expt-44 - INFO - epoch:43:: train_loss:0.6455649494080091 | train_f1_score: 0.7591864960973232
2025-04-30 02:00:02,541 - expt-44 - INFO - epoch:44:: train_loss:0.64400295778883 | train_f1_score: 0.7611327228001071
2025-04-30 02:03:48,450 - expt-41 - INFO - epoch:138:: train_loss:0.6142190505029145 | train_f1_score: 0.7765741430842082
2025-04-30 02:24:05,726 - expt-44 - INFO - epoch:45:: train_loss:0.6483745277461616 | train_f1_score: 0.7589637774070205
2025-04-30 02:27:27,102 - expt-44 - INFO -              :: val_loss:0.5411160265283894 | val_f1_score:0.7259390327866316
2025-04-30 02:27:27,460 - expt-44 - INFO - model saved @/scratch/opsahoo.eee20.itbhu/Thesis/results/expt-44| 2025-04-29 07:13/weights/epoch-45.pt
2025-04-30 02:36:45,315 - expt-41 - INFO - epoch:139:: train_loss:0.5919692293762394 | train_f1_score: 0.7787472104495174
2025-04-30 02:51:29,230 - expt-44 - INFO - epoch:46:: train_loss:0.6382245649635696 | train_f1_score: 0.7647880598429901
2025-04-30 03:10:05,827 - expt-41 - INFO - epoch:140:: train_loss:0.5984353674949521 | train_f1_score: 0.7805266292782388
2025-04-30 03:14:39,636 - expt-41 - INFO -              :: val_loss:0.43959899335148184 | val_f1_score:0.8326672458003922
2025-04-30 03:14:39,890 - expt-41 - INFO - model saved @/scratch/opsahoo.eee20.itbhu/Thesis/results/expt-41| 2025-04-26 18:16/weights/epoch-140.pt
2025-04-30 03:15:25,791 - expt-44 - INFO - epoch:47:: train_loss:0.63035000648471 | train_f1_score: 0.76533511419439
2025-04-30 03:39:46,442 - expt-44 - INFO - epoch:48:: train_loss:0.6239969724612613 | train_f1_score: 0.768897217951995
2025-04-30 03:48:10,668 - expt-41 - INFO - epoch:141:: train_loss:0.6097563109683877 | train_f1_score: 0.7762150504818134
2025-04-30 04:03:53,453 - expt-44 - INFO - epoch:49:: train_loss:0.6307054139364707 | train_f1_score: 0.7719794431366103
2025-04-30 04:21:20,839 - expt-41 - INFO - epoch:142:: train_loss:0.5902850440225174 | train_f1_score: 0.7811089553258376
2025-04-30 04:28:03,504 - expt-44 - INFO - epoch:50:: train_loss:0.6239734062873903 | train_f1_score: 0.7731124105975697
2025-04-30 04:30:58,045 - expt-44 - INFO -              :: val_loss:0.5048319336218623 | val_f1_score:0.7560511149437092
2025-04-30 04:30:58,149 - expt-44 - INFO - model saved @/scratch/opsahoo.eee20.itbhu/Thesis/results/expt-44| 2025-04-29 07:13/weights/epoch-50.pt
2025-04-30 04:54:18,224 - expt-41 - INFO - epoch:143:: train_loss:0.5981086000880751 | train_f1_score: 0.7787824488373403
2025-04-30 04:55:14,388 - expt-44 - INFO - epoch:51:: train_loss:0.6283948977341057 | train_f1_score: 0.7740874323484619
2025-04-30 05:19:27,759 - expt-44 - INFO - epoch:52:: train_loss:0.6207921759341086 | train_f1_score: 0.7745293284382605
2025-04-30 05:27:39,406 - expt-41 - INFO - epoch:144:: train_loss:0.6019719205412767 | train_f1_score: 0.7789062494787596
2025-04-30 05:43:59,431 - expt-44 - INFO - epoch:53:: train_loss:0.614752743317005 | train_f1_score: 0.7770170894250369
2025-04-30 06:01:02,781 - expt-41 - INFO - epoch:145:: train_loss:0.5963514273346999 | train_f1_score: 0.7797487337388886
2025-04-30 06:05:45,857 - expt-41 - INFO -              :: val_loss:0.4086800501335372 | val_f1_score:0.8531708904008094
2025-04-30 06:05:46,088 - expt-41 - INFO - model saved @/scratch/opsahoo.eee20.itbhu/Thesis/results/expt-41| 2025-04-26 18:16/weights/epoch-145.pt
2025-04-30 06:08:16,789 - expt-44 - INFO - epoch:54:: train_loss:0.6133563686230538 | train_f1_score: 0.7801331770278163
2025-04-30 06:32:20,016 - expt-44 - INFO - epoch:55:: train_loss:0.6083232030483688 | train_f1_score: 0.7823815740389372
2025-04-30 06:35:43,928 - expt-44 - INFO -              :: val_loss:0.6333807663530241 | val_f1_score:0.7027222924587793
2025-04-30 06:35:43,987 - expt-44 - INFO - model saved @/scratch/opsahoo.eee20.itbhu/Thesis/results/expt-44| 2025-04-29 07:13/weights/epoch-55.pt
2025-04-30 06:39:01,920 - expt-41 - INFO - epoch:146:: train_loss:0.5963020007503863 | train_f1_score: 0.7794877513705117
2025-04-30 07:00:01,796 - expt-44 - INFO - epoch:56:: train_loss:0.6013777280055053 | train_f1_score: 0.7828614926000448
2025-04-30 07:12:34,741 - expt-41 - INFO - epoch:147:: train_loss:0.6063421958531738 | train_f1_score: 0.779772251620902
2025-04-30 07:24:20,479 - expt-44 - INFO - epoch:57:: train_loss:0.6021559751724531 | train_f1_score: 0.7848905673130921
2025-04-30 07:46:01,481 - expt-41 - INFO - epoch:148:: train_loss:0.6041654924548293 | train_f1_score: 0.7774484510551725
2025-04-30 07:48:26,256 - expt-44 - INFO - epoch:58:: train_loss:0.5924970478582999 | train_f1_score: 0.7864893011570041
2025-04-30 08:12:47,977 - expt-44 - INFO - epoch:59:: train_loss:0.5841168550152803 | train_f1_score: 0.7872061757607639
2025-04-30 08:19:23,961 - expt-41 - INFO - epoch:149:: train_loss:0.6339791225922169 | train_f1_score: 0.7709404924592708
2025-04-30 08:37:04,811 - expt-44 - INFO - epoch:60:: train_loss:0.5944385160067323 | train_f1_score: 0.7835457139937684
2025-04-30 08:40:18,868 - expt-44 - INFO -              :: val_loss:0.4400795101136772 | val_f1_score:0.7919074547483611
2025-04-30 08:40:18,993 - expt-44 - INFO - model saved @/scratch/opsahoo.eee20.itbhu/Thesis/results/expt-44| 2025-04-29 07:13/weights/epoch-60.pt
2025-04-30 08:52:52,764 - expt-41 - INFO - epoch:150:: train_loss:0.5967486028530931 | train_f1_score: 0.7787272861008082
2025-04-30 08:57:36,305 - expt-41 - INFO -              :: val_loss:0.42003114223574173 | val_f1_score:0.840680863626715
2025-04-30 08:57:36,413 - expt-41 - INFO - model saved @/scratch/opsahoo.eee20.itbhu/Thesis/results/expt-41| 2025-04-26 18:16/weights/epoch-150.pt
2025-04-30 09:04:14,066 - expt-44 - INFO - epoch:61:: train_loss:0.5844819973301943 | train_f1_score: 0.7890343911439294
2025-04-30 09:28:36,352 - expt-44 - INFO - epoch:62:: train_loss:0.5737665164611803 | train_f1_score: 0.7937379497547015
2025-04-30 09:31:01,355 - expt-41 - INFO - epoch:151:: train_loss:0.5838796978341988 | train_f1_score: 0.78357883415318
2025-04-30 09:52:29,457 - expt-44 - INFO - epoch:63:: train_loss:0.5779549299038225 | train_f1_score: 0.7920141095947429
2025-04-30 10:04:20,709 - expt-41 - INFO - epoch:152:: train_loss:0.591043513632115 | train_f1_score: 0.7826515549377016
2025-04-30 10:16:55,083 - expt-44 - INFO - epoch:64:: train_loss:0.575190199967964 | train_f1_score: 0.79116528605111
2025-04-30 10:37:44,923 - expt-41 - INFO - epoch:153:: train_loss:0.5952368687677148 | train_f1_score: 0.7791846391583753
2025-04-30 10:41:19,490 - expt-44 - INFO - epoch:65:: train_loss:0.566587887152513 | train_f1_score: 0.795452199869774
2025-04-30 10:44:41,574 - expt-44 - INFO -              :: val_loss:0.5403346994223788 | val_f1_score:0.7702198093592921
2025-04-30 10:44:41,774 - expt-44 - INFO - model saved @/scratch/opsahoo.eee20.itbhu/Thesis/results/expt-44| 2025-04-29 07:13/weights/epoch-65.pt
2025-04-30 11:08:48,968 - expt-44 - INFO - epoch:66:: train_loss:0.5669840070233991 | train_f1_score: 0.7952253969261698
2025-04-30 11:11:05,760 - expt-41 - INFO - epoch:154:: train_loss:0.6080481138781717 | train_f1_score: 0.7781084986053276
2025-04-30 11:32:43,853 - expt-44 - INFO - epoch:67:: train_loss:0.565489936087065 | train_f1_score: 0.798348753042523
2025-04-30 11:43:36,207 - expt-debug - INFO - 
2025-04-30 11:43:36,260 - expt-debug - INFO - ++++++++++++++++++++++++++++++++++++++++++++++++++++++++++++++++++++++++
2025-04-30 11:43:36,260 - expt-debug - INFO - ++++++++++++++++++++++++++ Experiment: debug ++++++++++++++++++++++++++
2025-04-30 11:43:36,260 - expt-debug - INFO - Description: testing multi-gpu training
2025-04-30 11:43:36,261 - expt-debug - INFO - 
2025-04-30 11:43:36,261 - expt-debug - INFO - Dataset info.
2025-04-30 11:43:36,261 - expt-debug - INFO - > Data names: ['microgrid_fault_dataset_rms', 'microgrid_steady_state_rms']
2025-04-30 11:43:36,261 - expt-debug - INFO - > Case range: [1, 2700]
2025-04-30 11:43:36,261 - expt-debug - INFO - 
2025-04-30 11:43:36,262 - expt-debug - INFO - Loading model.
2025-04-30 11:43:36,543 - expt-debug - INFO - > No. of parameters: 26343
2025-04-30 11:43:36,543 - expt-debug - INFO - 
2025-04-30 11:43:36,543 - expt-debug - INFO - Using device: cuda
2025-04-30 11:43:36,797 - expt-debug - INFO - > GPU: Tesla V100-PCIE-16GB
2025-04-30 11:47:44,023 - expt-debug - INFO - 
2025-04-30 11:47:44,044 - expt-debug - INFO - ++++++++++++++++++++++++++++++++++++++++++++++++++++++++++++++++++++++++
2025-04-30 11:47:44,044 - expt-debug - INFO - ++++++++++++++++++++++++++ Experiment: debug ++++++++++++++++++++++++++
2025-04-30 11:47:44,044 - expt-debug - INFO - Description: testing multi-gpu training
2025-04-30 11:47:44,044 - expt-debug - INFO - 
2025-04-30 11:47:44,044 - expt-debug - INFO - Dataset info.
2025-04-30 11:47:44,045 - expt-debug - INFO - > Data names: ['microgrid_fault_dataset_rms', 'microgrid_steady_state_rms']
2025-04-30 11:47:44,045 - expt-debug - INFO - > Case range: [1, 2700]
2025-04-30 11:47:44,045 - expt-debug - INFO - 
2025-04-30 11:47:44,045 - expt-debug - INFO - Loading model.
2025-04-30 11:47:44,417 - expt-debug - INFO - > No. of parameters: 26343
2025-04-30 11:47:44,417 - expt-debug - INFO - 
2025-04-30 11:47:44,417 - expt-debug - INFO - Using device: cuda
2025-04-30 11:47:44,638 - expt-debug - INFO - > GPU: Tesla V100-PCIE-16GB
2025-04-30 11:54:57,553 - expt-debug - INFO - 
2025-04-30 11:54:57,613 - expt-debug - INFO - ++++++++++++++++++++++++++++++++++++++++++++++++++++++++++++++++++++++++
2025-04-30 11:54:57,613 - expt-debug - INFO - ++++++++++++++++++++++++++ Experiment: debug ++++++++++++++++++++++++++
2025-04-30 11:54:57,614 - expt-debug - INFO - Description: Training model trained in expt-41 with ignored fault locations 3,6.
2025-04-30 11:54:57,614 - expt-debug - INFO - 
2025-04-30 11:54:57,614 - expt-debug - INFO - Dataset info.
2025-04-30 11:54:57,614 - expt-debug - INFO - > Data names: ['microgrid_fault_dataset_rms', 'microgrid_steady_state_rms']
2025-04-30 11:54:57,614 - expt-debug - INFO - > Case range: [1, 2700]
2025-04-30 11:54:57,614 - expt-debug - INFO - 
2025-04-30 11:54:57,615 - expt-debug - INFO - Loading model.
2025-04-30 11:54:58,495 - expt-debug - INFO - > No. of parameters: 26343
2025-04-30 11:54:58,495 - expt-debug - INFO - 
2025-04-30 11:54:58,504 - expt-debug - INFO - Using device: cuda
2025-04-30 11:54:58,899 - expt-debug - INFO - > GPU: Tesla V100-PCIE-16GB
2025-04-30 12:00:04,362 - expt-debug - INFO - Dataset Size: 75780
2025-04-30 12:00:06,825 - expt-debug - INFO - 
2025-04-30 12:00:06,826 - expt-debug - INFO - Loading pretrained model from: results/expt-41| 2025-04-26 18:16/weights/epoch-150.pt
2025-04-30 12:00:06,826 - expt-debug - INFO - > Used data info:: names: ['microgrid_steady_state_rms', 'microgrid_fault_dataset_rms'], range: [1, 2700]
2025-04-30 12:00:06,826 - expt-debug - INFO - > epoch:150:: train_loss:0.5967486028530931 | train_f1_score: 0.7787272861008082
2025-04-30 12:00:06,903 - expt-debug - INFO - 
2025-04-30 12:00:06,903 - expt-debug - INFO - ========== Starting model training. ==========
2025-04-30 12:00:43,740 - expt-44 - INFO - epoch:68:: train_loss:0.5606497288930001 | train_f1_score: 0.8004866535098386
2025-04-30 12:27:43,635 - expt-44 - INFO - epoch:69:: train_loss:0.569206505850676 | train_f1_score: 0.7977827257155222
2025-04-30 12:52:07,210 - expt-45 - INFO - 
2025-04-30 12:52:07,233 - expt-45 - INFO - ++++++++++++++++++++++++++++++++++++++++++++++++++++++++++++++++++++++++
2025-04-30 12:52:07,234 - expt-45 - INFO - ++++++++++++++++++++++++++ Experiment: 45 ++++++++++++++++++++++++++
2025-04-30 12:52:07,234 - expt-45 - INFO - Description: Training model trained in expt-41 with ignored fault locations 3,6.
2025-04-30 12:52:07,234 - expt-45 - INFO - 
2025-04-30 12:52:07,234 - expt-45 - INFO - Dataset info.
2025-04-30 12:52:07,234 - expt-45 - INFO - > Data names: ['microgrid_fault_dataset_rms', 'microgrid_steady_state_rms']
2025-04-30 12:52:07,234 - expt-45 - INFO - > Case range: [1, 2700]
2025-04-30 12:52:07,235 - expt-45 - INFO - 
2025-04-30 12:52:07,235 - expt-45 - INFO - Loading model.
2025-04-30 12:54:53,853 - expt-44 - INFO - epoch:70:: train_loss:0.5593752345656423 | train_f1_score: 0.8005979685334241
2025-04-30 12:58:18,313 - expt-44 - INFO -              :: val_loss:0.4453488357166984 | val_f1_score:0.794994185099175
2025-04-30 12:58:19,441 - expt-44 - INFO - model saved @/scratch/opsahoo.eee20.itbhu/Thesis/results/expt-44| 2025-04-29 07:13/weights/epoch-70.pt
2025-04-30 13:25:46,199 - expt-44 - INFO - epoch:71:: train_loss:0.5474324610242864 | train_f1_score: 0.8055156369344207
2025-04-30 13:52:47,399 - expt-44 - INFO - epoch:72:: train_loss:0.5510753214064298 | train_f1_score: 0.806020963497346
2025-04-30 14:19:59,859 - expt-44 - INFO - epoch:73:: train_loss:0.5600513437643284 | train_f1_score: 0.8035408491177574
2025-04-30 14:46:59,285 - expt-44 - INFO - epoch:74:: train_loss:0.5716446022876024 | train_f1_score: 0.8003903557015288
2025-04-30 15:14:10,156 - expt-44 - INFO - epoch:75:: train_loss:0.5483467823795313 | train_f1_score: 0.8085027983308803
2025-04-30 15:17:31,618 - expt-44 - INFO -              :: val_loss:0.456637560106232 | val_f1_score:0.7829643720025092
2025-04-30 15:17:32,377 - expt-44 - INFO - model saved @/scratch/opsahoo.eee20.itbhu/Thesis/results/expt-44| 2025-04-29 07:13/weights/epoch-75.pt
2025-04-30 15:45:15,193 - expt-44 - INFO - epoch:76:: train_loss:0.5439056743506546 | train_f1_score: 0.8075346868379517
2025-04-30 16:12:40,098 - expt-44 - INFO - epoch:77:: train_loss:0.5491088709838492 | train_f1_score: 0.8068573394674965
2025-04-30 16:40:03,184 - expt-44 - INFO - epoch:78:: train_loss:0.5455978544366206 | train_f1_score: 0.8089988861330466
2025-04-30 17:07:42,196 - expt-44 - INFO - epoch:79:: train_loss:0.5432724445565148 | train_f1_score: 0.8105460010473001
2025-04-30 17:36:37,257 - expt-debug - INFO - 
2025-04-30 17:36:37,286 - expt-debug - INFO - ++++++++++++++++++++++++++++++++++++++++++++++++++++++++++++++++++++++++
2025-04-30 17:36:37,286 - expt-debug - INFO - ++++++++++++++++++++++++++ Experiment: debug ++++++++++++++++++++++++++
2025-04-30 17:36:37,286 - expt-debug - INFO - Description: Training model trained in expt-41 with ignored fault locations 3,6.
2025-04-30 17:36:37,286 - expt-debug - INFO - 
2025-04-30 17:36:37,286 - expt-debug - INFO - Dataset info.
2025-04-30 17:36:37,286 - expt-debug - INFO - > Data names: ['microgrid_fault_dataset_rms', 'microgrid_steady_state_rms']
2025-04-30 17:36:37,287 - expt-debug - INFO - > Case range: [1, 2700]
2025-04-30 17:36:37,287 - expt-debug - INFO - 
2025-04-30 17:36:37,287 - expt-debug - INFO - Loading model.
2025-04-30 17:36:38,007 - expt-debug - INFO - > No. of parameters: 26343
2025-04-30 17:36:38,007 - expt-debug - INFO - 
2025-04-30 17:36:38,016 - expt-debug - INFO - Using device: cuda
2025-04-30 17:36:38,242 - expt-debug - INFO - > GPU: Tesla V100-PCIE-16GB
2025-04-30 17:35:26,957 - expt-44 - INFO - epoch:80:: train_loss:0.5430032485737665 | train_f1_score: 0.8083801639896687
2025-04-30 17:38:47,383 - expt-44 - INFO -              :: val_loss:0.5083797216777549 | val_f1_score:0.7894456355308711
2025-04-30 17:38:47,969 - expt-44 - INFO - model saved @/scratch/opsahoo.eee20.itbhu/Thesis/results/expt-44| 2025-04-29 07:13/weights/epoch-80.pt
2025-04-30 17:42:09,240 - expt-debug - INFO - Dataset Size: 75780
2025-04-30 17:42:14,680 - expt-debug - INFO - 
2025-04-30 17:42:14,681 - expt-debug - INFO - Loading pretrained model from: results/expt-41| 2025-04-26 18:16/weights/epoch-150.pt
2025-04-30 17:42:14,681 - expt-debug - INFO - > Used data info:: names: ['microgrid_steady_state_rms', 'microgrid_fault_dataset_rms'], range: [1, 2700]
2025-04-30 17:42:14,682 - expt-debug - INFO - > epoch:150:: train_loss:0.5967486028530931 | train_f1_score: 0.7787272861008082
2025-04-30 17:42:14,867 - expt-debug - INFO - 
2025-04-30 17:42:14,867 - expt-debug - INFO - ========== Starting model training. ==========
2025-04-30 18:00:05,045 - expt-debug - INFO - epoch:0:: train_loss:0.6933355303482299 | train_f1_score: 0.7699972690738662
2025-04-30 18:02:24,542 - expt-debug - INFO -              :: val_loss:0.40959635387500776 | val_f1_score:0.8709721939306425
2025-04-30 18:06:23,434 - expt-44 - INFO - epoch:81:: train_loss:0.5449822987638232 | train_f1_score: 0.8094820271491306
2025-04-30 18:20:04,066 - expt-debug - INFO - epoch:1:: train_loss:0.6020135197632708 | train_f1_score: 0.7903807788335888
2025-04-30 19:40:43,658 - expt-46 - INFO - 
2025-04-30 19:40:43,677 - expt-46 - INFO - ++++++++++++++++++++++++++++++++++++++++++++++++++++++++++++++++++++++++
2025-04-30 19:40:43,678 - expt-46 - INFO - ++++++++++++++++++++++++++ Experiment: 46 ++++++++++++++++++++++++++
2025-04-30 19:40:43,678 - expt-46 - INFO - Description: Locate Fault: Training model trained in expt-41 with ignored fault locations 3,6.
2025-04-30 19:40:43,678 - expt-46 - INFO - 
2025-04-30 19:40:43,678 - expt-46 - INFO - Dataset info.
2025-04-30 19:40:43,679 - expt-46 - INFO - > Data names: ['microgrid_fault_dataset_rms', 'All_DER_outage_grid_fault_CSV', 'All_DER_outage_islanded_fault_CSV']
2025-04-30 19:40:43,679 - expt-46 - INFO - > Case range: [1, 9000]
2025-04-30 19:40:43,679 - expt-46 - INFO - 
2025-04-30 19:40:43,679 - expt-46 - INFO - Loading model.
2025-04-30 19:40:44,326 - expt-46 - INFO - > No. of parameters: 26349
2025-04-30 19:40:44,326 - expt-46 - INFO - 
2025-04-30 19:40:44,335 - expt-46 - INFO - Using device: cuda
2025-04-30 19:40:44,579 - expt-46 - INFO - > GPU: Tesla V100-PCIE-16GB
2025-04-30 19:48:17,359 - expt-46 - INFO - Dataset Size: 105300
2025-04-30 19:48:20,149 - expt-46 - INFO - 
2025-04-30 19:48:20,149 - expt-46 - INFO - Loading pretrained model from: results/expt-44| 2025-04-29 07:13/weights/epoch-80.pt
2025-04-30 19:48:20,150 - expt-46 - INFO - > Used data info:: names: ['microgrid_fault_dataset_rms', 'microgrid_steady_state_rms'], range: [1, 2700]
2025-04-30 19:48:20,150 - expt-46 - INFO - > epoch:80:: train_loss:0.5430032485737665 | train_f1_score: 0.8083801639896687
2025-04-30 20:03:16,079 - expt-47 - INFO - 
2025-04-30 20:03:16,098 - expt-47 - INFO - ++++++++++++++++++++++++++++++++++++++++++++++++++++++++++++++++++++++++
2025-04-30 20:03:16,099 - expt-47 - INFO - ++++++++++++++++++++++++++ Experiment: 47 ++++++++++++++++++++++++++
2025-04-30 20:03:16,099 - expt-47 - INFO - Description: Detect Fault: Training model trained in expt-41 with ignored fault locations 3,6.
2025-04-30 20:03:16,099 - expt-47 - INFO - 
2025-04-30 20:03:16,099 - expt-47 - INFO - Dataset info.
2025-04-30 20:03:16,099 - expt-47 - INFO - > Data names: ['microgrid_fault_dataset_rms', 'All_DER_outage_grid_fault_CSV', 'All_DER_outage_islanded_fault_CSV']
2025-04-30 20:03:16,100 - expt-47 - INFO - > Case range: [1, 9000]
2025-04-30 20:03:16,100 - expt-47 - INFO - 
2025-04-30 20:03:16,100 - expt-47 - INFO - Loading model.
2025-04-30 20:03:16,862 - expt-47 - INFO - > No. of parameters: 26343
2025-04-30 20:03:16,862 - expt-47 - INFO - 
2025-04-30 20:03:16,871 - expt-47 - INFO - Using device: cuda
2025-04-30 20:03:17,106 - expt-47 - INFO - > GPU: Tesla V100-PCIE-16GB
2025-04-30 20:10:28,153 - expt-47 - INFO - Dataset Size: 105300
2025-04-30 20:10:30,060 - expt-47 - INFO - 
2025-04-30 20:10:30,061 - expt-47 - INFO - Loading pretrained model from: results/expt-44| 2025-04-29 07:13/weights/epoch-80.pt
2025-04-30 20:10:30,061 - expt-47 - INFO - > Used data info:: names: ['microgrid_fault_dataset_rms', 'microgrid_steady_state_rms'], range: [1, 2700]
2025-04-30 20:10:30,061 - expt-47 - INFO - > epoch:80:: train_loss:0.5430032485737665 | train_f1_score: 0.8083801639896687
2025-04-30 20:10:30,188 - expt-47 - INFO - 
2025-04-30 20:10:30,189 - expt-47 - INFO - ========== Starting model training. ==========
2025-04-30 20:33:03,626 - expt-48 - INFO - 
2025-04-30 20:33:03,753 - expt-48 - INFO - ++++++++++++++++++++++++++++++++++++++++++++++++++++++++++++++++++++++++
2025-04-30 20:33:03,754 - expt-48 - INFO - ++++++++++++++++++++++++++ Experiment: 48 ++++++++++++++++++++++++++
2025-04-30 20:33:03,754 - expt-48 - INFO - Description: Locate Fault: Training model trained in expt-41 with ignored fault locations 3,6.
2025-04-30 20:33:03,754 - expt-48 - INFO - 
2025-04-30 20:33:03,754 - expt-48 - INFO - Dataset info.
2025-04-30 20:33:03,754 - expt-48 - INFO - > Data names: ['microgrid_fault_dataset_rms', 'All_DER_outage_grid_fault_CSV', 'All_DER_outage_islanded_fault_CSV']
2025-04-30 20:33:03,755 - expt-48 - INFO - > Case range: [1, 9000]
2025-04-30 20:33:03,755 - expt-48 - INFO - 
2025-04-30 20:33:03,755 - expt-48 - INFO - Loading model.
2025-04-30 20:33:04,696 - expt-48 - INFO - > No. of parameters: 26349
2025-04-30 20:33:04,696 - expt-48 - INFO - 
2025-04-30 20:33:04,704 - expt-48 - INFO - Using device: cuda
2025-04-30 20:33:04,941 - expt-48 - INFO - > GPU: Tesla V100-PCIE-16GB
2025-04-30 20:38:11,957 - expt-47 - INFO - epoch:0:: train_loss:0.6797306554827918 | train_f1_score: 0.7569861508079266
2025-04-30 20:40:31,977 - expt-48 - INFO - Dataset Size: 105300
2025-04-30 20:40:34,011 - expt-48 - INFO - 
2025-04-30 20:40:34,012 - expt-48 - INFO - Loading pretrained model from: results/expt-44| 2025-04-29 07:13/weights/epoch-80.pt
2025-04-30 20:40:34,012 - expt-48 - INFO - > Used data info:: names: ['microgrid_fault_dataset_rms', 'microgrid_steady_state_rms'], range: [1, 2700]
2025-04-30 20:40:34,012 - expt-48 - INFO - > epoch:80:: train_loss:0.5430032485737665 | train_f1_score: 0.8083801639896687
2025-04-30 20:40:34,169 - expt-48 - INFO - 
2025-04-30 20:40:34,170 - expt-48 - INFO - ========== Starting model training. ==========
2025-04-30 20:41:32,629 - expt-47 - INFO -              :: val_loss:0.5670441757804143 | val_f1_score:0.7699912062876741
2025-04-30 21:09:14,866 - expt-47 - INFO - epoch:1:: train_loss:0.6406674135370175 | train_f1_score: 0.7641003112141435
2025-04-30 21:36:07,435 - expt-47 - INFO - epoch:2:: train_loss:0.6306865692273269 | train_f1_score: 0.7679625088687284
2025-04-30 22:03:30,147 - expt-47 - INFO - epoch:3:: train_loss:0.6234879506704022 | train_f1_score: 0.7695675791674613
2025-04-30 22:30:37,237 - expt-47 - INFO - epoch:4:: train_loss:0.6284159584651943 | train_f1_score: 0.7674423089974441
2025-04-30 22:57:46,512 - expt-47 - INFO - epoch:5:: train_loss:0.6248530424719835 | train_f1_score: 0.7688134433833232
2025-04-30 23:01:16,841 - expt-47 - INFO -              :: val_loss:0.6147438684474276 | val_f1_score:0.732604244137058
2025-04-30 23:01:17,775 - expt-47 - INFO - model saved @/scratch/opsahoo.eee20.itbhu/Thesis/results/expt-47| 2025-04-30 20:03/weights/epoch-5.pt
2025-04-30 23:28:10,337 - expt-47 - INFO - epoch:6:: train_loss:0.6145259333585101 | train_f1_score: 0.7696855788779996
2025-04-30 23:54:42,071 - expt-47 - INFO - epoch:7:: train_loss:0.6124576490897014 | train_f1_score: 0.7722990519212365
2025-05-01 00:21:36,460 - expt-47 - INFO - epoch:8:: train_loss:0.6159118702393357 | train_f1_score: 0.7702149075083772
2025-05-01 00:48:25,297 - expt-47 - INFO - epoch:9:: train_loss:0.6155368086114608 | train_f1_score: 0.7720628307376762
2025-05-01 01:15:08,880 - expt-47 - INFO - epoch:10:: train_loss:0.6048308735230874 | train_f1_score: 0.7741148148390191
2025-05-01 01:18:40,653 - expt-47 - INFO -              :: val_loss:0.5332368263876902 | val_f1_score:0.7720910291671321
2025-05-01 01:18:41,343 - expt-47 - INFO - model saved @/scratch/opsahoo.eee20.itbhu/Thesis/results/expt-47| 2025-04-30 20:03/weights/epoch-10.pt
2025-05-01 01:45:37,652 - expt-47 - INFO - epoch:11:: train_loss:0.6079594875626628 | train_f1_score: 0.7745994821718544
2025-05-01 02:12:44,286 - expt-47 - INFO - epoch:12:: train_loss:0.6133103617828801 | train_f1_score: 0.7699052667852252
2025-05-01 02:40:05,380 - expt-47 - INFO - epoch:13:: train_loss:0.6106402818838276 | train_f1_score: 0.7729294586641358
2025-05-01 03:07:12,115 - expt-47 - INFO - epoch:14:: train_loss:0.6083423239722136 | train_f1_score: 0.7730750067893041
2025-05-01 03:34:06,373 - expt-47 - INFO - epoch:15:: train_loss:0.6082951020947304 | train_f1_score: 0.7738165682244407
2025-05-01 03:37:27,779 - expt-47 - INFO -              :: val_loss:0.5829782798635524 | val_f1_score:0.7448325900437649
2025-05-01 03:37:28,483 - expt-47 - INFO - model saved @/scratch/opsahoo.eee20.itbhu/Thesis/results/expt-47| 2025-04-30 20:03/weights/epoch-15.pt
2025-05-01 04:04:25,700 - expt-47 - INFO - epoch:16:: train_loss:0.6089498727224697 | train_f1_score: 0.7722829718464033
2025-05-01 04:31:26,035 - expt-47 - INFO - epoch:17:: train_loss:0.6085546713048497 | train_f1_score: 0.7721356056331689
2025-05-01 04:58:32,161 - expt-47 - INFO - epoch:18:: train_loss:0.6035765464211078 | train_f1_score: 0.77340380240324
2025-05-01 05:25:56,322 - expt-47 - INFO - epoch:19:: train_loss:0.6005839347160798 | train_f1_score: 0.7747933185593602
2025-05-01 05:52:57,884 - expt-47 - INFO - epoch:20:: train_loss:0.607499748054273 | train_f1_score: 0.770457821939732
2025-05-01 05:56:17,106 - expt-47 - INFO -              :: val_loss:0.4840087139784591 | val_f1_score:0.7977645625824233
2025-05-01 05:56:17,596 - expt-47 - INFO - model saved @/scratch/opsahoo.eee20.itbhu/Thesis/results/expt-47| 2025-04-30 20:03/weights/epoch-20.pt
2025-05-01 06:22:59,057 - expt-47 - INFO - epoch:21:: train_loss:0.6011067410027643 | train_f1_score: 0.7752099690192484
2025-05-01 06:50:01,790 - expt-47 - INFO - epoch:22:: train_loss:0.6055296224699372 | train_f1_score: 0.7734338288038194
2025-05-01 07:16:41,730 - expt-47 - INFO - epoch:23:: train_loss:0.5958850863779026 | train_f1_score: 0.7760127348925023
2025-05-01 07:43:24,809 - expt-47 - INFO - epoch:24:: train_loss:0.599072112253673 | train_f1_score: 0.7757068244520235
2025-05-01 08:10:20,780 - expt-47 - INFO - epoch:25:: train_loss:0.5957578445219612 | train_f1_score: 0.7782186137537636
2025-05-01 08:13:45,121 - expt-47 - INFO -              :: val_loss:0.4939217199522038 | val_f1_score:0.7952452442687582
2025-05-01 08:13:45,573 - expt-47 - INFO - model saved @/scratch/opsahoo.eee20.itbhu/Thesis/results/expt-47| 2025-04-30 20:03/weights/epoch-25.pt
2025-05-01 08:40:46,495 - expt-47 - INFO - epoch:26:: train_loss:0.6036608679081381 | train_f1_score: 0.7759506943447441
2025-05-01 09:07:59,022 - expt-47 - INFO - epoch:27:: train_loss:0.5974159555286551 | train_f1_score: 0.7752327495499965
2025-05-01 09:35:13,128 - expt-47 - INFO - epoch:28:: train_loss:0.6497893075978919 | train_f1_score: 0.7534526647157891
2025-05-01 09:54:43,234 - expt-49 - INFO - 
2025-05-01 09:54:43,271 - expt-49 - INFO - ++++++++++++++++++++++++++++++++++++++++++++++++++++++++++++++++++++++++
2025-05-01 09:54:43,271 - expt-49 - INFO - ++++++++++++++++++++++++++ Experiment: 49 ++++++++++++++++++++++++++
2025-05-01 09:54:43,272 - expt-49 - INFO - Description: Locate Fault: Training model trained in expt-41 with ignored fault locations 3,6.
2025-05-01 09:54:43,272 - expt-49 - INFO - 
2025-05-01 09:54:43,272 - expt-49 - INFO - Dataset info.
2025-05-01 09:54:43,272 - expt-49 - INFO - > Data names: ['microgrid_fault_dataset_rms', 'All_DER_outage_grid_fault_CSV', 'All_DER_outage_islanded_fault_CSV']
2025-05-01 09:54:43,272 - expt-49 - INFO - > Case range: [1, 9000]
2025-05-01 09:54:43,273 - expt-49 - INFO - 
2025-05-01 09:54:43,273 - expt-49 - INFO - Loading model.
2025-05-01 09:54:44,203 - expt-49 - INFO - > No. of parameters: 26349
2025-05-01 09:54:44,203 - expt-49 - INFO - 
2025-05-01 09:54:44,204 - expt-49 - INFO - Using device: cuda
2025-05-01 09:54:44,400 - expt-49 - INFO - > GPU: Tesla V100-PCIE-16GB
2025-05-01 10:02:24,557 - expt-49 - INFO - Dataset Size: 105300
2025-05-01 10:02:26,885 - expt-49 - INFO - 
2025-05-01 10:02:26,886 - expt-49 - INFO - Loading pretrained model from: results/expt-44| 2025-04-29 07:13/weights/epoch-80.pt
2025-05-01 10:02:26,886 - expt-49 - INFO - > Used data info:: names: ['microgrid_fault_dataset_rms', 'microgrid_steady_state_rms'], range: [1, 2700]
2025-05-01 10:02:26,886 - expt-49 - INFO - > epoch:80:: train_loss:0.5430032485737665 | train_f1_score: 0.8083801639896687
2025-05-01 10:02:27,097 - expt-49 - INFO - 
2025-05-01 10:02:27,097 - expt-49 - INFO - ========== Starting model training. ==========
2025-05-01 10:02:26,112 - expt-47 - INFO - epoch:29:: train_loss:0.6321699704671544 | train_f1_score: 0.7571912091065498
2025-05-01 10:29:25,234 - expt-47 - INFO - epoch:30:: train_loss:0.6414275137937135 | train_f1_score: 0.7554278897088406
2025-05-01 10:32:48,784 - expt-49 - INFO - epoch:1:: train_loss:1.398055197383086 | train_f1_score: 0.3559278103796799
2025-05-01 10:32:44,552 - expt-47 - INFO -              :: val_loss:0.5242918866080978 | val_f1_score:0.7749454600357855
2025-05-01 10:32:45,410 - expt-47 - INFO - model saved @/scratch/opsahoo.eee20.itbhu/Thesis/results/expt-47| 2025-04-30 20:03/weights/epoch-30.pt
2025-05-01 10:59:44,053 - expt-47 - INFO - epoch:31:: train_loss:0.6244638742897375 | train_f1_score: 0.7601817391335987
2025-05-01 11:26:36,239 - expt-47 - INFO - epoch:32:: train_loss:0.618204616542952 | train_f1_score: 0.7640439563588753
2025-05-01 11:53:38,515 - expt-47 - INFO - epoch:33:: train_loss:0.6225592222396917 | train_f1_score: 0.7603616872315556
2025-05-01 12:20:43,691 - expt-47 - INFO - epoch:34:: train_loss:0.60641073113486 | train_f1_score: 0.7665418594708031
2025-05-01 12:47:39,055 - expt-47 - INFO - epoch:35:: train_loss:0.6203358883451907 | train_f1_score: 0.7628912933338833
2025-05-01 12:51:00,303 - expt-47 - INFO -              :: val_loss:0.48829305565125003 | val_f1_score:0.7748132930162661
2025-05-01 12:51:00,674 - expt-47 - INFO - model saved @/scratch/opsahoo.eee20.itbhu/Thesis/results/expt-47| 2025-04-30 20:03/weights/epoch-35.pt
2025-05-01 13:18:03,279 - expt-47 - INFO - epoch:36:: train_loss:0.6025896970585037 | train_f1_score: 0.7689319399457125
2025-05-01 13:44:32,180 - expt-47 - INFO - epoch:37:: train_loss:0.6158973564992987 | train_f1_score: 0.7622626407454085
2025-05-01 14:11:26,020 - expt-47 - INFO - epoch:38:: train_loss:0.6205391323234284 | train_f1_score: 0.7642200223906961
2025-05-01 14:39:37,670 - expt-47 - INFO - epoch:39:: train_loss:0.6048716044644556 | train_f1_score: 0.7672055786302509
2025-05-01 15:08:43,592 - expt-47 - INFO - epoch:40:: train_loss:0.6077545376254074 | train_f1_score: 0.7653179000450872
2025-05-01 15:12:28,064 - expt-47 - INFO -              :: val_loss:0.4863981874735495 | val_f1_score:0.7814409037878349
2025-05-01 15:12:33,246 - expt-47 - INFO - model saved @/scratch/opsahoo.eee20.itbhu/Thesis/results/expt-47| 2025-04-30 20:03/weights/epoch-40.pt
2025-05-01 15:43:26,670 - expt-47 - INFO - epoch:41:: train_loss:0.6010436623798764 | train_f1_score: 0.7705029333208986
2025-05-01 16:11:12,508 - expt-47 - INFO - epoch:42:: train_loss:0.6000613273333287 | train_f1_score: 0.7703580915766064
2025-05-01 16:38:49,600 - expt-47 - INFO - epoch:43:: train_loss:0.5935629928570597 | train_f1_score: 0.773798258038456
2025-05-01 17:06:49,390 - expt-47 - INFO - epoch:44:: train_loss:0.5931716682771951 | train_f1_score: 0.7729495063600904
2025-05-01 17:33:58,956 - expt-47 - INFO - epoch:45:: train_loss:0.5948792740883756 | train_f1_score: 0.7736035414304059
2025-05-01 17:37:22,986 - expt-47 - INFO -              :: val_loss:0.5124628599963053 | val_f1_score:0.7667652212960518
2025-05-01 17:37:24,796 - expt-47 - INFO - model saved @/scratch/opsahoo.eee20.itbhu/Thesis/results/expt-47| 2025-04-30 20:03/weights/epoch-45.pt
2025-05-01 18:05:17,335 - expt-47 - INFO - epoch:46:: train_loss:0.6059710503282708 | train_f1_score: 0.7693736700228833
2025-05-01 18:32:22,738 - expt-47 - INFO - epoch:47:: train_loss:0.6081164987088562 | train_f1_score: 0.7694520557507195
2025-05-01 19:00:09,884 - expt-47 - INFO - epoch:48:: train_loss:0.5841168855877165 | train_f1_score: 0.7762110379475015
2025-05-01 19:27:52,298 - expt-47 - INFO - epoch:49:: train_loss:0.588616433498014 | train_f1_score: 0.7745785445016116
2025-05-01 19:55:54,229 - expt-47 - INFO - epoch:50:: train_loss:0.5901232926177322 | train_f1_score: 0.7756041943592562
2025-05-01 19:59:13,935 - expt-47 - INFO -              :: val_loss:0.7090053925143729 | val_f1_score:0.7336162021468248
2025-05-01 19:59:14,901 - expt-47 - INFO - model saved @/scratch/opsahoo.eee20.itbhu/Thesis/results/expt-47| 2025-04-30 20:03/weights/epoch-50.pt
2025-05-01 20:26:37,181 - expt-47 - INFO - epoch:51:: train_loss:0.6019451844064286 | train_f1_score: 0.7732993201467606
2025-05-01 20:54:03,829 - expt-47 - INFO - epoch:52:: train_loss:0.5845411661743372 | train_f1_score: 0.777032693305771
2025-05-01 21:21:29,832 - expt-47 - INFO - epoch:53:: train_loss:0.5995588395780053 | train_f1_score: 0.7733939491170487
2025-05-01 21:49:10,913 - expt-47 - INFO - epoch:54:: train_loss:0.5861588877299473 | train_f1_score: 0.7745438172778546
2025-05-01 22:16:31,112 - expt-47 - INFO - epoch:55:: train_loss:0.5908733904581625 | train_f1_score: 0.7750219375049063
2025-05-01 22:19:56,201 - expt-47 - INFO -              :: val_loss:0.4638440938591692 | val_f1_score:0.7937818881672765
2025-05-01 22:19:56,752 - expt-47 - INFO - model saved @/scratch/opsahoo.eee20.itbhu/Thesis/results/expt-47| 2025-04-30 20:03/weights/epoch-55.pt
2025-05-01 22:46:54,218 - expt-47 - INFO - epoch:56:: train_loss:0.5919315629802943 | train_f1_score: 0.7748558076691554
2025-05-01 23:13:45,398 - expt-47 - INFO - epoch:57:: train_loss:0.5866652208059607 | train_f1_score: 0.7760892188827203
2025-05-01 23:41:02,996 - expt-47 - INFO - epoch:58:: train_loss:0.5874790711499285 | train_f1_score: 0.7764599405559444
2025-05-02 00:07:56,862 - expt-47 - INFO - epoch:59:: train_loss:0.585649602602414 | train_f1_score: 0.777478687230246
2025-05-02 00:35:09,543 - expt-47 - INFO - epoch:60:: train_loss:0.5891783283870413 | train_f1_score: 0.7773934820215046
2025-05-02 00:38:28,426 - expt-47 - INFO -              :: val_loss:0.47738953366981196 | val_f1_score:0.7922171300381314
2025-05-02 00:38:28,645 - expt-47 - INFO - model saved @/scratch/opsahoo.eee20.itbhu/Thesis/results/expt-47| 2025-04-30 20:03/weights/epoch-60.pt
2025-05-02 01:05:17,454 - expt-47 - INFO - epoch:61:: train_loss:0.5805733489487398 | train_f1_score: 0.7787467772106277
2025-05-02 01:32:35,375 - expt-47 - INFO - epoch:62:: train_loss:0.5854962427559254 | train_f1_score: 0.778339526790356
2025-05-02 01:59:38,653 - expt-47 - INFO - epoch:63:: train_loss:0.5868002634682028 | train_f1_score: 0.7784465779250186
2025-05-02 02:26:21,552 - expt-47 - INFO - epoch:64:: train_loss:0.5827692268496217 | train_f1_score: 0.7791039851039333
2025-05-02 02:53:39,168 - expt-47 - INFO - epoch:65:: train_loss:0.5829703653632751 | train_f1_score: 0.7795620715365985
2025-05-02 02:56:58,774 - expt-47 - INFO -              :: val_loss:0.48349804095256893 | val_f1_score:0.7970845574949896
2025-05-02 02:56:59,016 - expt-47 - INFO - model saved @/scratch/opsahoo.eee20.itbhu/Thesis/results/expt-47| 2025-04-30 20:03/weights/epoch-65.pt
2025-05-02 03:24:11,695 - expt-47 - INFO - epoch:66:: train_loss:0.5858479520019533 | train_f1_score: 0.7812070193823999
2025-05-02 03:51:28,986 - expt-47 - INFO - epoch:67:: train_loss:0.5771515005482077 | train_f1_score: 0.7814838212723023
2025-05-02 04:18:34,986 - expt-47 - INFO - epoch:68:: train_loss:0.5830180945897633 | train_f1_score: 0.7787265289462223
2025-05-02 04:46:14,270 - expt-47 - INFO - epoch:69:: train_loss:0.57958274098077 | train_f1_score: 0.7807516852825943
2025-05-02 05:13:45,496 - expt-47 - INFO - epoch:70:: train_loss:0.5709974107281299 | train_f1_score: 0.7831460846931451
2025-05-02 05:17:08,458 - expt-47 - INFO -              :: val_loss:0.5005115347466865 | val_f1_score:0.798331444842589
2025-05-02 05:17:08,700 - expt-47 - INFO - model saved @/scratch/opsahoo.eee20.itbhu/Thesis/results/expt-47| 2025-04-30 20:03/weights/epoch-70.pt
2025-05-02 05:44:04,426 - expt-47 - INFO - epoch:71:: train_loss:0.5808285295229045 | train_f1_score: 0.7803913058750894
2025-05-02 06:12:15,443 - expt-47 - INFO - epoch:72:: train_loss:0.5839880023897231 | train_f1_score: 0.7810057060977543
2025-05-02 06:39:57,409 - expt-47 - INFO - epoch:73:: train_loss:0.5761976778015057 | train_f1_score: 0.7813304978780978
2025-05-02 07:08:00,422 - expt-47 - INFO - epoch:74:: train_loss:0.5790501523703859 | train_f1_score: 0.77725685601729
2025-05-02 07:35:50,118 - expt-47 - INFO - epoch:75:: train_loss:0.5770790304886787 | train_f1_score: 0.7831683502043785
2025-05-02 07:39:04,135 - expt-47 - INFO -              :: val_loss:0.5047024682275951 | val_f1_score:0.7892128621218405
2025-05-02 07:39:04,347 - expt-47 - INFO - model saved @/scratch/opsahoo.eee20.itbhu/Thesis/results/expt-47| 2025-04-30 20:03/weights/epoch-75.pt
2025-05-02 08:07:14,887 - expt-47 - INFO - epoch:76:: train_loss:0.5799484037297346 | train_f1_score: 0.7820259921169049
2025-05-02 08:34:46,960 - expt-47 - INFO - epoch:77:: train_loss:0.5887228667010223 | train_f1_score: 0.7785203741962815
2025-05-02 09:02:32,055 - expt-47 - INFO - epoch:78:: train_loss:0.5879068007558551 | train_f1_score: 0.7775788339636199
2025-05-02 09:29:16,519 - expt-47 - INFO - epoch:79:: train_loss:0.6054429465093495 | train_f1_score: 0.7707538234420045
2025-05-02 09:56:42,688 - expt-47 - INFO - epoch:80:: train_loss:0.567518542370583 | train_f1_score: 0.7857890244802651
2025-05-02 09:59:57,026 - expt-47 - INFO -              :: val_loss:0.45598618714478867 | val_f1_score:0.8091873556924166
2025-05-02 09:59:57,248 - expt-47 - INFO - model saved @/scratch/opsahoo.eee20.itbhu/Thesis/results/expt-47| 2025-04-30 20:03/weights/epoch-80.pt
2025-05-02 10:27:26,608 - expt-47 - INFO - epoch:81:: train_loss:0.5956919161073342 | train_f1_score: 0.7765944199064999
2025-05-02 10:55:10,244 - expt-47 - INFO - epoch:82:: train_loss:0.5793642880285754 | train_f1_score: 0.7814436686755182
2025-05-02 11:22:48,972 - expt-47 - INFO - epoch:83:: train_loss:0.5844318243553189 | train_f1_score: 0.7788480570817191
2025-05-02 11:50:29,402 - expt-47 - INFO - epoch:84:: train_loss:0.5744506094507746 | train_f1_score: 0.7846282475972083
2025-05-02 12:18:27,729 - expt-47 - INFO - epoch:85:: train_loss:0.5794737112892739 | train_f1_score: 0.783333269132748
2025-05-02 12:21:53,113 - expt-47 - INFO -              :: val_loss:0.4489425362188746 | val_f1_score:0.7983423878591429
2025-05-02 12:21:53,604 - expt-47 - INFO - model saved @/scratch/opsahoo.eee20.itbhu/Thesis/results/expt-47| 2025-04-30 20:03/weights/epoch-85.pt
2025-05-02 12:50:01,851 - expt-47 - INFO - epoch:86:: train_loss:0.5768116898446269 | train_f1_score: 0.7838992410213758
2025-05-02 13:17:47,640 - expt-47 - INFO - epoch:87:: train_loss:0.5800369686980897 | train_f1_score: 0.7812824839461384
2025-05-02 13:45:40,757 - expt-47 - INFO - epoch:88:: train_loss:0.5800907594744926 | train_f1_score: 0.7825636214014847
2025-05-02 14:12:49,917 - expt-47 - INFO - epoch:89:: train_loss:0.5820230162701872 | train_f1_score: 0.7830311314278829
2025-05-02 14:16:54,192 - expt-50 - INFO - 
2025-05-02 14:16:54,215 - expt-50 - INFO - ++++++++++++++++++++++++++++++++++++++++++++++++++++++++++++++++++++++++
2025-05-02 14:16:54,216 - expt-50 - INFO - ++++++++++++++++++++++++++ Experiment: 50 ++++++++++++++++++++++++++
2025-05-02 14:16:54,216 - expt-50 - INFO - Description: Locate Fault: Training model trained in expt-41 with ignored fault locations 3,6.
2025-05-02 14:16:54,216 - expt-50 - INFO - 
2025-05-02 14:16:54,216 - expt-50 - INFO - Dataset info.
2025-05-02 14:16:54,216 - expt-50 - INFO - > Data names: ['microgrid_fault_dataset_rms', 'All_DER_outage_grid_fault_CSV', 'All_DER_outage_islanded_fault_CSV']
2025-05-02 14:16:54,216 - expt-50 - INFO - > Case range: [1, 9000]
2025-05-02 14:16:54,217 - expt-50 - INFO - 
2025-05-02 14:16:54,217 - expt-50 - INFO - Loading model.
2025-05-02 14:16:54,956 - expt-50 - INFO - > No. of parameters: 26349
2025-05-02 14:16:54,956 - expt-50 - INFO - 
2025-05-02 14:16:54,965 - expt-50 - INFO - Using device: cuda
2025-05-02 14:16:55,268 - expt-50 - INFO - > GPU: Tesla V100-PCIE-16GB
2025-05-02 14:25:10,225 - expt-50 - INFO - Dataset Size: 105300
2025-05-02 14:25:12,418 - expt-50 - INFO - 
2025-05-02 14:25:12,418 - expt-50 - INFO - Loading pretrained model from: results/expt-44| 2025-04-29 07:13/weights/epoch-80.pt
2025-05-02 14:25:12,418 - expt-50 - INFO - > Used data info:: names: ['microgrid_fault_dataset_rms', 'microgrid_steady_state_rms'], range: [1, 2700]
2025-05-02 14:25:12,418 - expt-50 - INFO - > epoch:80:: train_loss:0.5430032485737665 | train_f1_score: 0.8083801639896687
2025-05-02 14:25:12,447 - expt-50 - INFO - 
2025-05-02 14:25:12,448 - expt-50 - INFO - ========== Starting model training. ==========
2025-05-02 14:41:15,277 - expt-47 - INFO - epoch:90:: train_loss:0.5754879378327649 | train_f1_score: 0.7863788284259663
2025-05-02 14:44:44,323 - expt-47 - INFO -              :: val_loss:0.44203236701503784 | val_f1_score:0.8086471222789322
2025-05-02 14:44:46,024 - expt-47 - INFO - model saved @/scratch/opsahoo.eee20.itbhu/Thesis/results/expt-47| 2025-04-30 20:03/weights/epoch-90.pt
2025-05-02 15:14:36,948 - expt-47 - INFO - epoch:91:: train_loss:0.5792030319168472 | train_f1_score: 0.784997768841478
2025-05-02 15:43:11,652 - expt-47 - INFO - epoch:92:: train_loss:0.5759591905350993 | train_f1_score: 0.7839843678801461
2025-05-02 16:10:16,252 - expt-47 - INFO - epoch:93:: train_loss:0.5860332416557158 | train_f1_score: 0.7821895160230178
2025-05-02 16:37:32,803 - expt-47 - INFO - epoch:94:: train_loss:0.5799566668791581 | train_f1_score: 0.7839089233698796
2025-05-02 17:05:20,827 - expt-47 - INFO - epoch:95:: train_loss:0.5909380810243198 | train_f1_score: 0.7786708812727071
2025-05-02 17:08:43,489 - expt-47 - INFO -              :: val_loss:0.4234881962301553 | val_f1_score:0.8235487939487189
2025-05-02 17:08:44,483 - expt-47 - INFO - model saved @/scratch/opsahoo.eee20.itbhu/Thesis/results/expt-47| 2025-04-30 20:03/weights/epoch-95.pt
2025-05-02 17:36:22,589 - expt-47 - INFO - epoch:96:: train_loss:0.5831461311116473 | train_f1_score: 0.7791148923019818
2025-05-02 18:04:24,000 - expt-47 - INFO - epoch:97:: train_loss:0.57127656406612 | train_f1_score: 0.7866282255707427
2025-05-02 18:31:58,939 - expt-47 - INFO - epoch:98:: train_loss:0.5795205318919932 | train_f1_score: 0.7826040238607327
2025-05-02 18:59:39,052 - expt-47 - INFO - epoch:99:: train_loss:0.573391510582102 | train_f1_score: 0.7849670439169697
2025-05-02 18:59:41,522 - expt-47 - INFO - -------------------------- Training Complete. --------------------------
2025-05-02 18:59:41,522 - expt-47 - INFO - Done: 46.0Hr 56.43199999999979 Mins.
2025-05-02 18:59:41,522 - expt-47 - INFO - 
2025-05-02 23:42:51,080 - expt-1 - INFO - 
2025-05-02 23:42:51,101 - expt-1 - INFO - ++++++++++++++++++++++++++++++++++++++++++++++++++++++++++++++++++++++++
2025-05-02 23:42:51,101 - expt-1 - INFO - ++++++++++++++++++++++++++ Experiment: 1 ++++++++++++++++++++++++++
2025-05-02 23:42:51,101 - expt-1 - INFO - Description: Locate Fault: Training model trained in expt-41 with ignored fault locations 3,6.
2025-05-02 23:42:51,101 - expt-1 - INFO - 
2025-05-02 23:42:51,102 - expt-1 - INFO - Dataset info.
2025-05-02 23:42:51,102 - expt-1 - INFO - > Data names: ['microgrid_fault_dataset_rms', 'All_DER_outage_grid_fault_CSV', 'All_DER_outage_islanded_fault_CSV']
2025-05-02 23:42:51,102 - expt-1 - INFO - > Case range: [1, 3000]
2025-05-02 23:42:51,102 - expt-1 - INFO - 
2025-05-02 23:42:51,102 - expt-1 - INFO - Loading model.
2025-05-02 23:42:52,078 - expt-1 - INFO - > No. of parameters: 26349
2025-05-02 23:42:52,079 - expt-1 - INFO - 
2025-05-02 23:42:52,087 - expt-1 - INFO - Using device: cuda
2025-05-02 23:42:52,467 - expt-1 - INFO - > GPU: Tesla V100-PCIE-16GB
2025-05-02 23:48:56,269 - expt-1 - INFO - Dataset Size: 70200
2025-05-02 23:49:00,994 - expt-1 - INFO - 
2025-05-02 23:49:00,994 - expt-1 - INFO - Loading pretrained model from: detect_results/expt-47| 2025-04-30 20:03/weights/epoch-95.pt
2025-05-02 23:49:00,994 - expt-1 - INFO - > Used data info:: names: ['microgrid_fault_dataset_rms', 'All_DER_outage_grid_fault_CSV', 'All_DER_outage_islanded_fault_CSV'], range: [1, 9000]
2025-05-02 23:49:00,994 - expt-1 - INFO - > epoch:95:: train_loss:0.5909380810243198 | train_f1_score: 0.7786708812727071
2025-05-02 23:49:01,038 - expt-1 - INFO - 
2025-05-02 23:49:01,038 - expt-1 - INFO - ========== Starting model training. ==========
2025-05-03 00:09:06,769 - expt-1 - INFO - epoch:1:: train_loss:1.444054082715845 | train_f1_score: 0.31938675617618345
2025-05-03 00:30:36,536 - expt-1 - INFO - epoch:2:: train_loss:1.3156092522683767 | train_f1_score: 0.36259728354633564
2025-05-03 00:54:43,281 - expt-1 - INFO - epoch:3:: train_loss:1.2200544433817833 | train_f1_score: 0.411926043010387
2025-05-03 01:18:42,293 - expt-1 - INFO - epoch:4:: train_loss:1.1785447531128326 | train_f1_score: 0.433403146390637
2025-05-03 01:39:29,205 - expt-1 - INFO - epoch:5:: train_loss:1.1593555678176841 | train_f1_score: 0.4456643512834839
2025-05-03 01:42:09,966 - expt-1 - INFO -              :: val_loss:1.1026736480464374 | val_f1_score:0.4069273201453398
2025-05-03 01:42:11,330 - expt-1 - INFO - model saved @/scratch/opsahoo.eee20.itbhu/Thesis/locate_results/expt-1| 2025-05-02 23:42/weights/epoch-5.pt
2025-05-03 02:04:15,418 - expt-1 - INFO - epoch:6:: train_loss:1.14925570980736 | train_f1_score: 0.4487770402268427
2025-05-03 02:22:43,965 - expt-1 - INFO - epoch:7:: train_loss:1.1443577125558408 | train_f1_score: 0.45265106764149343
2025-05-03 02:42:50,302 - expt-1 - INFO - epoch:8:: train_loss:1.1379854151842983 | train_f1_score: 0.46597892231530813
2025-05-03 03:01:43,899 - expt-1 - INFO - epoch:9:: train_loss:1.1251637681002258 | train_f1_score: 0.4662110957154096
2025-05-03 03:25:48,908 - expt-1 - INFO - epoch:10:: train_loss:1.1224665034304306 | train_f1_score: 0.4734394606795014
2025-05-03 03:28:22,641 - expt-1 - INFO -              :: val_loss:1.077163310916426 | val_f1_score:0.4744573222023392
2025-05-03 03:28:23,498 - expt-1 - INFO - model saved @/scratch/opsahoo.eee20.itbhu/Thesis/locate_results/expt-1| 2025-05-02 23:42/weights/epoch-10.pt
2025-05-03 03:50:49,262 - expt-1 - INFO - epoch:11:: train_loss:1.110718396541082 | train_f1_score: 0.4728103149673362
2025-05-03 04:11:49,221 - expt-1 - INFO - epoch:12:: train_loss:1.09683155185973 | train_f1_score: 0.48241390487383273
2025-05-03 04:34:20,586 - expt-1 - INFO - epoch:13:: train_loss:1.091690353092786 | train_f1_score: 0.48543340894921316
2025-05-03 04:56:43,739 - expt-1 - INFO - epoch:14:: train_loss:1.0773508226541726 | train_f1_score: 0.48846250013254666
2025-05-03 05:19:26,231 - expt-1 - INFO - epoch:15:: train_loss:1.077065515028729 | train_f1_score: 0.49178398085950753
2025-05-03 05:22:00,697 - expt-1 - INFO -              :: val_loss:1.0008031026583362 | val_f1_score:0.5427687637472767
2025-05-03 05:22:00,908 - expt-1 - INFO - model saved @/scratch/opsahoo.eee20.itbhu/Thesis/locate_results/expt-1| 2025-05-02 23:42/weights/epoch-15.pt
2025-05-03 05:45:59,230 - expt-1 - INFO - epoch:16:: train_loss:1.068060600337826 | train_f1_score: 0.500503436355167
2025-05-03 06:06:53,043 - expt-1 - INFO - epoch:17:: train_loss:1.063603205238477 | train_f1_score: 0.508611023109878
2025-05-03 06:28:26,727 - expt-1 - INFO - epoch:18:: train_loss:1.0600711719239342 | train_f1_score: 0.5154651556484581
2025-05-03 06:51:08,402 - expt-1 - INFO - epoch:19:: train_loss:1.0411064154284984 | train_f1_score: 0.5258435593889405
2025-05-03 07:09:33,845 - expt-1 - INFO - epoch:20:: train_loss:1.0240860700768326 | train_f1_score: 0.5317414983305931
2025-05-03 07:11:52,271 - expt-1 - INFO -              :: val_loss:0.9202784659489804 | val_f1_score:0.5325611969125772
2025-05-03 07:11:52,762 - expt-1 - INFO - model saved @/scratch/opsahoo.eee20.itbhu/Thesis/locate_results/expt-1| 2025-05-02 23:42/weights/epoch-20.pt
2025-05-03 07:30:53,027 - expt-1 - INFO - epoch:21:: train_loss:1.016534945972207 | train_f1_score: 0.5360950875426019
2025-05-03 07:50:12,579 - expt-1 - INFO - epoch:22:: train_loss:1.0100934590318282 | train_f1_score: 0.5416371341718103
2025-05-03 08:09:55,773 - expt-1 - INFO - epoch:23:: train_loss:1.00538497215393 | train_f1_score: 0.5438673759309461
2025-05-03 08:28:29,776 - expt-1 - INFO - epoch:24:: train_loss:1.0029581057949768 | train_f1_score: 0.5468896615295408
2025-05-03 08:46:47,814 - expt-1 - INFO - epoch:25:: train_loss:0.9917426121436355 | train_f1_score: 0.5476259374376454
2025-05-03 08:49:25,389 - expt-1 - INFO -              :: val_loss:0.8990217492898166 | val_f1_score:0.5409963271346209
2025-05-03 08:49:25,820 - expt-1 - INFO - model saved @/scratch/opsahoo.eee20.itbhu/Thesis/locate_results/expt-1| 2025-05-02 23:42/weights/epoch-25.pt
2025-05-03 09:12:07,987 - expt-1 - INFO - epoch:26:: train_loss:0.9881814060585404 | train_f1_score: 0.5475137461254698
2025-05-03 09:34:40,092 - expt-1 - INFO - epoch:27:: train_loss:0.9859315267146983 | train_f1_score: 0.55150408055826
2025-05-03 09:40:42,327 - expt-48 - INFO - 
2025-05-03 09:40:42,347 - expt-48 - INFO - ++++++++++++++++++++++++++++++++++++++++++++++++++++++++++++++++++++++++
2025-05-03 09:40:42,347 - expt-48 - INFO - ++++++++++++++++++++++++++ Experiment: 48 ++++++++++++++++++++++++++
2025-05-03 09:40:42,347 - expt-48 - INFO - Description: Detect Fault: Training model trained in expt-41 with ignored fault locations 3,6.
2025-05-03 09:40:42,348 - expt-48 - INFO - 
2025-05-03 09:40:42,348 - expt-48 - INFO - Dataset info.
2025-05-03 09:40:42,348 - expt-48 - INFO - > Data names: ['microgrid_fault_dataset_rms', 'All_DER_outage_grid_fault_CSV', 'All_DER_outage_islanded_fault_CSV']
2025-05-03 09:40:42,348 - expt-48 - INFO - > Case range: [1, 3000]
2025-05-03 09:40:42,348 - expt-48 - INFO - 
2025-05-03 09:40:42,348 - expt-48 - INFO - Loading model.
2025-05-03 09:40:43,309 - expt-48 - INFO - > No. of parameters: 26343
2025-05-03 09:40:43,309 - expt-48 - INFO - 
2025-05-03 09:40:43,310 - expt-48 - INFO - Using device: cuda
2025-05-03 09:40:43,628 - expt-48 - INFO - > GPU: Tesla V100-PCIE-16GB
2025-05-03 09:44:52,081 - expt-48 - INFO - Dataset Size: 12600
2025-05-03 09:44:56,062 - expt-48 - INFO - 
2025-05-03 09:44:56,062 - expt-48 - INFO - Loading pretrained model from: detect_results/expt-42| 2025-04-26 22:00/weights/epoch-190.pt
2025-05-03 09:44:56,062 - expt-48 - INFO - > Used data info:: names: ['microgrid_steady_state_rms', 'microgrid_fault_dataset_rms'], range: [1, 2700]
2025-05-03 09:44:56,062 - expt-48 - INFO - > epoch:190:: train_loss:0.5687343537175659 | train_f1_score: 0.809856426975962
2025-05-03 09:44:56,090 - expt-48 - INFO - 
2025-05-03 09:44:56,090 - expt-48 - INFO - ========== Starting model training. ==========
2025-05-03 09:49:41,867 - expt-48 - INFO - epoch:1:: train_loss:1.1808696916747654 | train_f1_score: 0.5731229938992518
2025-05-03 09:53:54,859 - expt-48 - INFO - epoch:2:: train_loss:0.9628112054072732 | train_f1_score: 0.6155852412603833
2025-05-03 09:58:01,751 - expt-1 - INFO - epoch:28:: train_loss:0.9845221691841127 | train_f1_score: 0.551929014963656
2025-05-03 09:57:45,144 - expt-48 - INFO - epoch:3:: train_loss:0.7160802458855314 | train_f1_score: 0.7026586365626873
2025-05-03 10:01:22,934 - expt-48 - INFO - epoch:4:: train_loss:0.6440219269946865 | train_f1_score: 0.7339890847687122
2025-05-03 10:05:22,978 - expt-48 - INFO - epoch:5:: train_loss:0.608620543133846 | train_f1_score: 0.7453379193988013
2025-05-03 10:05:51,467 - expt-48 - INFO -              :: val_loss:0.4254313138447123 | val_f1_score:0.8271425308765821
2025-05-03 10:05:51,776 - expt-48 - INFO - model saved @/scratch/opsahoo.eee20.itbhu/Thesis/detect_results/expt-48| 2025-05-03 09:40/weights/epoch-5.pt
2025-05-03 10:09:31,227 - expt-48 - INFO - epoch:6:: train_loss:0.6669759394787342 | train_f1_score: 0.7383036698710165
2025-05-03 10:13:05,034 - expt-48 - INFO - epoch:7:: train_loss:0.6289526375903565 | train_f1_score: 0.7599397281690987
2025-05-03 10:16:41,276 - expt-48 - INFO - epoch:8:: train_loss:0.5664451374187917 | train_f1_score: 0.7755486905681207
2025-05-03 10:17:05,677 - expt-1 - INFO - epoch:29:: train_loss:0.975711907721727 | train_f1_score: 0.5601368823488392
2025-05-03 10:20:10,677 - expt-48 - INFO - epoch:9:: train_loss:0.5688205790765276 | train_f1_score: 0.7769172349045946
2025-05-03 10:23:46,488 - expt-48 - INFO - epoch:10:: train_loss:0.5477571761883134 | train_f1_score: 0.7751476360519682
2025-05-03 10:24:13,660 - expt-48 - INFO -              :: val_loss:0.36975941276928176 | val_f1_score:0.8533535812280645
2025-05-03 10:24:13,680 - expt-48 - INFO - model saved @/scratch/opsahoo.eee20.itbhu/Thesis/detect_results/expt-48| 2025-05-03 09:40/weights/epoch-10.pt
2025-05-03 10:28:03,102 - expt-48 - INFO - epoch:11:: train_loss:0.6577125129533093 | train_f1_score: 0.7310183436804273
2025-05-03 10:32:03,881 - expt-48 - INFO - epoch:12:: train_loss:0.5694214470829754 | train_f1_score: 0.7680336893023878
2025-05-03 10:35:42,889 - expt-48 - INFO - epoch:13:: train_loss:0.576635736645995 | train_f1_score: 0.7719106018722934
2025-05-03 10:37:24,536 - expt-1 - INFO - epoch:30:: train_loss:0.970290687600308 | train_f1_score: 0.5568578976333184
2025-05-03 10:39:08,580 - expt-48 - INFO - epoch:14:: train_loss:0.6500327363651441 | train_f1_score: 0.753319907617431
2025-05-03 10:39:35,933 - expt-1 - INFO -              :: val_loss:0.902466499637776 | val_f1_score:0.5542334132255821
2025-05-03 10:39:36,217 - expt-1 - INFO - model saved @/scratch/opsahoo.eee20.itbhu/Thesis/locate_results/expt-1| 2025-05-02 23:42/weights/epoch-30.pt
2025-05-03 10:43:28,785 - expt-48 - INFO - epoch:15:: train_loss:0.6439572305418885 | train_f1_score: 0.7543440468289709
2025-05-03 10:44:01,109 - expt-48 - INFO -              :: val_loss:0.4345023281536307 | val_f1_score:0.8323897247061206
2025-05-03 10:44:01,407 - expt-48 - INFO - model saved @/scratch/opsahoo.eee20.itbhu/Thesis/detect_results/expt-48| 2025-05-03 09:40/weights/epoch-15.pt
2025-05-03 10:47:42,884 - expt-48 - INFO - epoch:16:: train_loss:0.6092900470393748 | train_f1_score: 0.7613242122555747
2025-05-03 10:51:37,493 - expt-48 - INFO - epoch:17:: train_loss:0.5718694465504334 | train_f1_score: 0.7744781966977323
2025-05-03 10:55:21,838 - expt-48 - INFO - epoch:18:: train_loss:0.5394105968552065 | train_f1_score: 0.7847781032518426
2025-05-03 10:58:19,066 - expt-1 - INFO - epoch:31:: train_loss:0.9654313174555033 | train_f1_score: 0.5631888531172768
2025-05-03 10:58:59,352 - expt-48 - INFO - epoch:19:: train_loss:0.5323218673094853 | train_f1_score: 0.7911996315132466
2025-05-03 11:03:01,787 - expt-48 - INFO - epoch:20:: train_loss:0.5307064396596551 | train_f1_score: 0.7819130032460105
2025-05-03 11:03:32,776 - expt-48 - INFO -              :: val_loss:0.37779263710811056 | val_f1_score:0.8389502963189016
2025-05-03 11:03:33,566 - expt-48 - INFO - model saved @/scratch/opsahoo.eee20.itbhu/Thesis/detect_results/expt-48| 2025-05-03 09:40/weights/epoch-20.pt
2025-05-03 11:07:41,629 - expt-48 - INFO - epoch:21:: train_loss:0.5878649896227565 | train_f1_score: 0.7566999270368049
2025-05-03 11:11:48,689 - expt-48 - INFO - epoch:22:: train_loss:0.5292932042479448 | train_f1_score: 0.7850570421046262
2025-05-03 11:16:05,731 - expt-48 - INFO - epoch:23:: train_loss:0.5318505120302334 | train_f1_score: 0.7875046794098981
2025-05-03 11:17:54,258 - expt-1 - INFO - epoch:32:: train_loss:0.9670569558887894 | train_f1_score: 0.5594117204776946
2025-05-03 11:20:14,368 - expt-48 - INFO - epoch:24:: train_loss:0.5414411799898873 | train_f1_score: 0.7797072273012059
2025-05-03 11:24:11,633 - expt-48 - INFO - epoch:25:: train_loss:0.518032305398884 | train_f1_score: 0.7960096685414179
2025-05-03 11:24:40,867 - expt-48 - INFO -              :: val_loss:0.2955511399596223 | val_f1_score:0.8750285708632226
2025-05-03 11:24:40,919 - expt-48 - INFO - model saved @/scratch/opsahoo.eee20.itbhu/Thesis/detect_results/expt-48| 2025-05-03 09:40/weights/epoch-25.pt
2025-05-03 11:29:06,245 - expt-48 - INFO - epoch:26:: train_loss:0.5002071762231465 | train_f1_score: 0.8016811556948783
2025-05-03 11:33:26,999 - expt-48 - INFO - epoch:27:: train_loss:0.5434831274563439 | train_f1_score: 0.7728318480847264
2025-05-03 11:37:04,684 - expt-1 - INFO - epoch:33:: train_loss:1.1621221756186744 | train_f1_score: 0.4981574111909903
2025-05-03 11:37:01,678 - expt-48 - INFO - epoch:28:: train_loss:0.5165783823555148 | train_f1_score: 0.798337889229803
2025-05-03 11:40:44,026 - expt-48 - INFO - epoch:29:: train_loss:0.5019733116428233 | train_f1_score: 0.8068890658401247
2025-05-03 11:44:38,330 - expt-48 - INFO - epoch:30:: train_loss:0.5043549435512958 | train_f1_score: 0.7954814139694963
2025-05-03 11:45:08,167 - expt-48 - INFO -              :: val_loss:0.4063993139740882 | val_f1_score:0.8145975605462968
2025-05-03 11:45:08,197 - expt-48 - INFO - model saved @/scratch/opsahoo.eee20.itbhu/Thesis/detect_results/expt-48| 2025-05-03 09:40/weights/epoch-30.pt
2025-05-03 11:49:30,874 - expt-48 - INFO - epoch:31:: train_loss:0.49704667762496896 | train_f1_score: 0.8097625479000189
2025-05-03 11:53:46,467 - expt-48 - INFO - epoch:32:: train_loss:0.5015981879858279 | train_f1_score: 0.8050135436831852
2025-05-03 11:56:30,962 - expt-1 - INFO - epoch:34:: train_loss:0.9990925082245365 | train_f1_score: 0.554326049390095
2025-05-03 11:58:15,697 - expt-48 - INFO - epoch:33:: train_loss:0.5004747438065335 | train_f1_score: 0.8007705154992405
2025-05-03 12:02:40,894 - expt-48 - INFO - epoch:34:: train_loss:0.5279110895155363 | train_f1_score: 0.7945573843752811
2025-05-03 12:06:53,025 - expt-48 - INFO - epoch:35:: train_loss:0.5073457668353707 | train_f1_score: 0.8023646392742056
2025-05-03 12:07:22,642 - expt-48 - INFO -              :: val_loss:0.359954457478752 | val_f1_score:0.8557414485632906
2025-05-03 12:07:23,372 - expt-48 - INFO - model saved @/scratch/opsahoo.eee20.itbhu/Thesis/detect_results/expt-48| 2025-05-03 09:40/weights/epoch-35.pt
2025-05-03 12:11:57,835 - expt-48 - INFO - epoch:36:: train_loss:0.5148591844964661 | train_f1_score: 0.8005314511919058
2025-05-03 12:15:59,359 - expt-48 - INFO - epoch:37:: train_loss:0.5051285757883511 | train_f1_score: 0.7999947224389355
2025-05-03 12:19:25,048 - expt-1 - INFO - epoch:35:: train_loss:0.9666027231340475 | train_f1_score: 0.5646338258149325
2025-05-03 12:20:18,762 - expt-48 - INFO - epoch:38:: train_loss:0.5677048831389756 | train_f1_score: 0.7659557513521617
2025-05-03 12:21:51,907 - expt-1 - INFO -              :: val_loss:0.937288531507221 | val_f1_score:0.5399150238430471
2025-05-03 12:21:52,491 - expt-1 - INFO - model saved @/scratch/opsahoo.eee20.itbhu/Thesis/locate_results/expt-1| 2025-05-02 23:42/weights/epoch-35.pt
2025-05-03 12:24:33,883 - expt-48 - INFO - epoch:39:: train_loss:0.5375953236952575 | train_f1_score: 0.780597736382731
2025-05-03 12:28:35,536 - expt-48 - INFO - epoch:40:: train_loss:0.5019554230960112 | train_f1_score: 0.8010218469520513
2025-05-03 12:29:01,404 - expt-48 - INFO -              :: val_loss:0.30041711478423383 | val_f1_score:0.8724762680702616
2025-05-03 12:29:01,424 - expt-48 - INFO - model saved @/scratch/opsahoo.eee20.itbhu/Thesis/detect_results/expt-48| 2025-05-03 09:40/weights/epoch-40.pt
2025-05-03 12:32:32,960 - expt-48 - INFO - epoch:41:: train_loss:0.49787870328771067 | train_f1_score: 0.8017114428115816
2025-05-03 12:36:08,500 - expt-48 - INFO - epoch:42:: train_loss:0.512697317959852 | train_f1_score: 0.7971329839306155
2025-05-03 12:39:31,143 - expt-48 - INFO - epoch:43:: train_loss:0.4719149278068619 | train_f1_score: 0.8188341302424771
2025-05-03 12:42:24,684 - expt-1 - INFO - epoch:36:: train_loss:0.9600860531393782 | train_f1_score: 0.5651793462835427
2025-05-03 12:43:41,223 - expt-48 - INFO - epoch:44:: train_loss:0.5170723952277763 | train_f1_score: 0.7923329086241956
2025-05-03 12:47:21,695 - expt-48 - INFO - epoch:45:: train_loss:0.5093275166012093 | train_f1_score: 0.7905346855533587
2025-05-03 12:47:49,377 - expt-48 - INFO -              :: val_loss:0.35784734534200774 | val_f1_score:0.8287299146804695
2025-05-03 12:47:49,418 - expt-48 - INFO - model saved @/scratch/opsahoo.eee20.itbhu/Thesis/detect_results/expt-48| 2025-05-03 09:40/weights/epoch-45.pt
2025-05-03 12:52:06,775 - expt-48 - INFO - epoch:46:: train_loss:0.4949158489121212 | train_f1_score: 0.7964167698269949
2025-05-03 12:56:19,804 - expt-48 - INFO - epoch:47:: train_loss:0.4857391313260055 | train_f1_score: 0.8044988832364098
2025-05-03 13:00:31,228 - expt-48 - INFO - epoch:48:: train_loss:0.4558178938262629 | train_f1_score: 0.8201059069068262
2025-05-03 13:04:11,084 - expt-48 - INFO - epoch:49:: train_loss:0.47789156350095446 | train_f1_score: 0.8061105923149762
2025-05-03 13:05:45,301 - expt-1 - INFO - epoch:37:: train_loss:0.9543362734633317 | train_f1_score: 0.5689699247456748
2025-05-03 13:08:20,369 - expt-48 - INFO - epoch:50:: train_loss:0.46530079858306456 | train_f1_score: 0.8163359072516737
2025-05-03 13:08:52,806 - expt-48 - INFO -              :: val_loss:0.27883287422453334 | val_f1_score:0.878181663379386
2025-05-03 13:08:52,961 - expt-48 - INFO - model saved @/scratch/opsahoo.eee20.itbhu/Thesis/detect_results/expt-48| 2025-05-03 09:40/weights/epoch-50.pt
2025-05-03 13:13:12,325 - expt-48 - INFO - epoch:51:: train_loss:0.4644599039953812 | train_f1_score: 0.8088297006919245
2025-05-03 13:17:21,267 - expt-48 - INFO - epoch:52:: train_loss:0.48941574791518816 | train_f1_score: 0.8061734791876477
2025-05-03 13:21:17,278 - expt-48 - INFO - epoch:53:: train_loss:0.48175342702755525 | train_f1_score: 0.8038211116990601
2025-05-03 13:25:11,857 - expt-48 - INFO - epoch:54:: train_loss:0.4795334185417346 | train_f1_score: 0.8037582724630065
2025-05-03 13:29:12,431 - expt-48 - INFO - epoch:55:: train_loss:0.46786229948810976 | train_f1_score: 0.8114351086096312
2025-05-03 13:29:36,512 - expt-1 - INFO - epoch:38:: train_loss:0.9526519571547307 | train_f1_score: 0.5694968521037683
2025-05-03 13:29:45,477 - expt-48 - INFO -              :: val_loss:0.3011345120303538 | val_f1_score:0.8679178072966193
2025-05-03 13:29:46,614 - expt-48 - INFO - model saved @/scratch/opsahoo.eee20.itbhu/Thesis/detect_results/expt-48| 2025-05-03 09:40/weights/epoch-55.pt
2025-05-03 13:34:00,654 - expt-48 - INFO - epoch:56:: train_loss:0.4731603486178233 | train_f1_score: 0.8106458110290272
2025-05-03 13:37:52,430 - expt-48 - INFO - epoch:57:: train_loss:0.4498700375095841 | train_f1_score: 0.8162653290233953
2025-05-03 13:41:53,002 - expt-48 - INFO - epoch:58:: train_loss:0.45620790266319333 | train_f1_score: 0.8201284359724054
2025-05-03 13:45:35,453 - expt-48 - INFO - epoch:59:: train_loss:0.459801938178996 | train_f1_score: 0.8182636526511057
2025-05-03 13:49:38,723 - expt-1 - INFO - epoch:39:: train_loss:0.9493373016436097 | train_f1_score: 0.5683082455055527
2025-05-03 13:49:16,148 - expt-48 - INFO - epoch:60:: train_loss:0.461088203399385 | train_f1_score: 0.8170627327633699
2025-05-03 13:49:49,231 - expt-48 - INFO -              :: val_loss:0.35371672677144805 | val_f1_score:0.8423144025155385
2025-05-03 13:49:49,274 - expt-48 - INFO - model saved @/scratch/opsahoo.eee20.itbhu/Thesis/detect_results/expt-48| 2025-05-03 09:40/weights/epoch-60.pt
2025-05-03 13:54:07,448 - expt-48 - INFO - epoch:61:: train_loss:0.45922043230281584 | train_f1_score: 0.8183189408489133
2025-05-03 13:58:18,019 - expt-48 - INFO - epoch:62:: train_loss:0.4985001934216738 | train_f1_score: 0.808794318042292
2025-05-03 14:02:25,049 - expt-48 - INFO - epoch:63:: train_loss:0.4559174751621985 | train_f1_score: 0.8182198271398181
2025-05-03 14:06:17,650 - expt-48 - INFO - epoch:64:: train_loss:0.4498315872959962 | train_f1_score: 0.816388283133616
2025-05-03 14:07:09,234 - expt-1 - INFO - epoch:40:: train_loss:0.9481511050507746 | train_f1_score: 0.5705027439592062
2025-05-03 14:09:34,363 - expt-1 - INFO -              :: val_loss:0.8757437545819878 | val_f1_score:0.5576027560335175
2025-05-03 14:09:34,938 - expt-1 - INFO - model saved @/scratch/opsahoo.eee20.itbhu/Thesis/locate_results/expt-1| 2025-05-02 23:42/weights/epoch-40.pt
2025-05-03 14:09:59,045 - expt-48 - INFO - epoch:65:: train_loss:0.4710482401800462 | train_f1_score: 0.8066471332908508
2025-05-03 14:10:40,146 - expt-48 - INFO -              :: val_loss:0.28094422084330306 | val_f1_score:0.8934496960412502
2025-05-03 14:10:40,819 - expt-48 - INFO - model saved @/scratch/opsahoo.eee20.itbhu/Thesis/detect_results/expt-48| 2025-05-03 09:40/weights/epoch-65.pt
2025-05-03 14:14:52,483 - expt-48 - INFO - epoch:66:: train_loss:0.4495744588123789 | train_f1_score: 0.8254930309937044
2025-05-03 14:18:40,516 - expt-48 - INFO - epoch:67:: train_loss:0.532542862079502 | train_f1_score: 0.7925296259731975
2025-05-03 14:22:22,328 - expt-48 - INFO - epoch:68:: train_loss:0.48285468761543043 | train_f1_score: 0.8088317477411886
2025-05-03 14:25:53,336 - expt-48 - INFO - epoch:69:: train_loss:0.4542945206467681 | train_f1_score: 0.8180387432751682
2025-05-03 14:29:41,676 - expt-48 - INFO - epoch:70:: train_loss:0.45879506946295845 | train_f1_score: 0.8165234825928203
2025-05-03 14:30:13,647 - expt-48 - INFO -              :: val_loss:0.3808548187877331 | val_f1_score:0.8473133007754445
2025-05-03 14:30:13,720 - expt-48 - INFO - model saved @/scratch/opsahoo.eee20.itbhu/Thesis/detect_results/expt-48| 2025-05-03 09:40/weights/epoch-70.pt
2025-05-03 14:31:41,278 - expt-1 - INFO - epoch:41:: train_loss:0.9389280168063533 | train_f1_score: 0.573580014293806
2025-05-03 14:34:27,600 - expt-48 - INFO - epoch:71:: train_loss:0.50411920914377 | train_f1_score: 0.797784457809887
2025-05-03 14:38:04,140 - expt-48 - INFO - epoch:72:: train_loss:0.4639009035860193 | train_f1_score: 0.8206122846420032
2025-05-03 14:41:31,212 - expt-48 - INFO - epoch:73:: train_loss:0.45216138190974847 | train_f1_score: 0.8188329973528534
2025-05-03 14:44:59,823 - expt-48 - INFO - epoch:74:: train_loss:0.4854118577668813 | train_f1_score: 0.8031450517194151
2025-05-03 14:48:18,030 - expt-48 - INFO - epoch:75:: train_loss:0.4649427847925482 | train_f1_score: 0.8119478874703201
2025-05-03 14:48:46,159 - expt-48 - INFO -              :: val_loss:0.3325594533839149 | val_f1_score:0.8622564908870284
2025-05-03 14:48:49,202 - expt-48 - INFO - model saved @/scratch/opsahoo.eee20.itbhu/Thesis/detect_results/expt-48| 2025-05-03 09:40/weights/epoch-75.pt
2025-05-03 14:52:08,891 - expt-1 - INFO - epoch:42:: train_loss:0.9402727167968438 | train_f1_score: 0.5719903882296854
2025-05-03 14:52:15,462 - expt-48 - INFO - epoch:76:: train_loss:0.5033585044791271 | train_f1_score: 0.8001948184016348
2025-05-03 14:55:55,399 - expt-48 - INFO - epoch:77:: train_loss:0.4458656683599067 | train_f1_score: 0.8157873560815306
2025-05-03 14:59:28,823 - expt-48 - INFO - epoch:78:: train_loss:0.4659913474701748 | train_f1_score: 0.8116037033459539
2025-05-03 15:03:07,135 - expt-48 - INFO - epoch:79:: train_loss:0.4546595841415062 | train_f1_score: 0.8201614755744584
2025-05-03 15:06:32,422 - expt-48 - INFO - epoch:80:: train_loss:0.4397097288616192 | train_f1_score: 0.8254529004426896
2025-05-03 15:07:04,407 - expt-48 - INFO -              :: val_loss:0.3568255576172599 | val_f1_score:0.8444517375453947
2025-05-03 15:07:04,461 - expt-48 - INFO - model saved @/scratch/opsahoo.eee20.itbhu/Thesis/detect_results/expt-48| 2025-05-03 09:40/weights/epoch-80.pt
2025-05-03 15:11:14,904 - expt-48 - INFO - epoch:81:: train_loss:0.450930220895601 | train_f1_score: 0.821440623605888
2025-05-03 15:12:48,004 - expt-1 - INFO - epoch:43:: train_loss:0.9372103098361116 | train_f1_score: 0.5775904327240258
2025-05-03 15:15:30,872 - expt-48 - INFO - epoch:82:: train_loss:0.47679963082466736 | train_f1_score: 0.8058722037524341
2025-05-03 15:19:11,168 - expt-48 - INFO - epoch:83:: train_loss:0.48881967111093266 | train_f1_score: 0.8063518696563445
2025-05-03 15:23:24,505 - expt-48 - INFO - epoch:84:: train_loss:0.4599480823906632 | train_f1_score: 0.8209026274353427
2025-05-03 15:27:33,510 - expt-48 - INFO - epoch:85:: train_loss:0.4523504390087554 | train_f1_score: 0.813061656783261
2025-05-03 15:28:02,617 - expt-48 - INFO -              :: val_loss:0.29620340717501586 | val_f1_score:0.87949302647491
2025-05-03 15:28:02,661 - expt-48 - INFO - model saved @/scratch/opsahoo.eee20.itbhu/Thesis/detect_results/expt-48| 2025-05-03 09:40/weights/epoch-85.pt
2025-05-03 15:32:25,025 - expt-48 - INFO - epoch:86:: train_loss:0.48146980833291775 | train_f1_score: 0.8018066041297188
2025-05-03 15:35:49,893 - expt-1 - INFO - epoch:44:: train_loss:0.9788321218845277 | train_f1_score: 0.5668691818574912
2025-05-03 15:36:38,732 - expt-48 - INFO - epoch:87:: train_loss:0.45365107147170486 | train_f1_score: 0.8125559122169996
2025-05-03 15:40:54,004 - expt-48 - INFO - epoch:88:: train_loss:0.5088493027693117 | train_f1_score: 0.7958390139548488
2025-05-03 15:44:33,759 - expt-48 - INFO - epoch:89:: train_loss:0.4728332704480061 | train_f1_score: 0.80822137907425
2025-05-03 15:48:03,307 - expt-48 - INFO - epoch:90:: train_loss:0.4499274053712427 | train_f1_score: 0.8226954519784228
2025-05-03 15:48:29,869 - expt-48 - INFO -              :: val_loss:0.3842361350305842 | val_f1_score:0.8275515886037556
2025-05-03 15:48:29,904 - expt-48 - INFO - model saved @/scratch/opsahoo.eee20.itbhu/Thesis/detect_results/expt-48| 2025-05-03 09:40/weights/epoch-90.pt
2025-05-03 15:52:08,947 - expt-48 - INFO - epoch:91:: train_loss:0.4600065130914434 | train_f1_score: 0.8233732810056231
2025-05-03 15:56:09,465 - expt-48 - INFO - epoch:92:: train_loss:0.48225197514148005 | train_f1_score: 0.8092394932309013
2025-05-03 15:58:29,666 - expt-1 - INFO - epoch:45:: train_loss:0.9327096700526475 | train_f1_score: 0.5764913475191519
2025-05-03 15:59:50,869 - expt-48 - INFO - epoch:93:: train_loss:0.4743329561158951 | train_f1_score: 0.8055038352868893
2025-05-03 16:01:10,090 - expt-1 - INFO -              :: val_loss:0.8740002431808432 | val_f1_score:0.5700694763425443
2025-05-03 16:01:10,542 - expt-1 - INFO - model saved @/scratch/opsahoo.eee20.itbhu/Thesis/locate_results/expt-1| 2025-05-02 23:42/weights/epoch-45.pt
2025-05-03 16:03:45,817 - expt-48 - INFO - epoch:94:: train_loss:0.5242361619352292 | train_f1_score: 0.78457506333896
2025-05-03 16:07:48,460 - expt-48 - INFO - epoch:95:: train_loss:0.4698709899135542 | train_f1_score: 0.8110410370875927
2025-05-03 16:08:16,497 - expt-48 - INFO -              :: val_loss:0.4084431475489743 | val_f1_score:0.8281455731356225
2025-05-03 16:08:16,667 - expt-48 - INFO - model saved @/scratch/opsahoo.eee20.itbhu/Thesis/detect_results/expt-48| 2025-05-03 09:40/weights/epoch-95.pt
2025-05-03 16:11:52,972 - expt-48 - INFO - epoch:96:: train_loss:0.44850618389787233 | train_f1_score: 0.8203792694551627
2025-05-03 16:15:52,896 - expt-48 - INFO - epoch:97:: train_loss:0.5300313878041646 | train_f1_score: 0.7935977377020285
2025-05-03 16:20:04,280 - expt-48 - INFO - epoch:98:: train_loss:0.4580466164660074 | train_f1_score: 0.8130868008193847
2025-05-03 16:23:52,626 - expt-48 - INFO - epoch:99:: train_loss:0.44421722471486436 | train_f1_score: 0.8232116020650562
2025-05-03 16:25:36,801 - expt-1 - INFO - epoch:46:: train_loss:0.9333533483911909 | train_f1_score: 0.5783285371359724
2025-05-03 16:27:45,760 - expt-48 - INFO - epoch:100:: train_loss:0.44732025662365177 | train_f1_score: 0.8231202562698197
2025-05-03 16:28:14,062 - expt-48 - INFO -              :: val_loss:0.24321780799048281 | val_f1_score:0.9134868800869039
2025-05-03 16:28:14,103 - expt-48 - INFO - model saved @/scratch/opsahoo.eee20.itbhu/Thesis/detect_results/expt-48| 2025-05-03 09:40/weights/epoch-100.pt
2025-05-03 16:28:14,679 - expt-48 - INFO - -------------------------- Training Complete. --------------------------
2025-05-03 16:28:14,680 - expt-48 - INFO - Done: 6.0Hr 47.55000000000001 Mins.
2025-05-03 16:28:14,680 - expt-48 - INFO - 
2025-05-03 16:45:23,870 - expt-1 - INFO - epoch:47:: train_loss:0.9322381904964835 | train_f1_score: 0.5771195596721485
2025-05-03 17:02:54,673 - expt-1 - INFO - epoch:48:: train_loss:0.9258044672568477 | train_f1_score: 0.5795655473478111
2025-05-03 17:21:52,171 - expt-1 - INFO - epoch:49:: train_loss:0.9270271310548396 | train_f1_score: 0.580068657686211
2025-05-03 17:40:48,969 - expt-1 - INFO - epoch:50:: train_loss:0.9236709240854509 | train_f1_score: 0.5830276635930506
2025-05-03 17:43:11,022 - expt-1 - INFO -              :: val_loss:0.8865328955913236 | val_f1_score:0.5453087978098308
2025-05-03 17:43:11,852 - expt-1 - INFO - model saved @/scratch/opsahoo.eee20.itbhu/Thesis/locate_results/expt-1| 2025-05-02 23:42/weights/epoch-50.pt
2025-05-03 18:02:35,291 - expt-1 - INFO - epoch:51:: train_loss:0.9311431587566408 | train_f1_score: 0.58164660443374
2025-05-03 18:21:59,274 - expt-1 - INFO - epoch:52:: train_loss:0.921735691939993 | train_f1_score: 0.5837243772492492
2025-05-03 18:41:04,091 - expt-1 - INFO - epoch:53:: train_loss:0.9229035903641555 | train_f1_score: 0.5825686883602695
2025-05-03 19:01:36,477 - expt-1 - INFO - epoch:54:: train_loss:0.9208291531606816 | train_f1_score: 0.5868483805774799
2025-05-03 19:23:36,082 - expt-1 - INFO - epoch:55:: train_loss:0.9177981993047981 | train_f1_score: 0.5857713080323509
2025-05-03 19:26:13,155 - expt-1 - INFO -              :: val_loss:0.8479108634630101 | val_f1_score:0.5973612151700044
2025-05-03 19:26:13,507 - expt-1 - INFO - model saved @/scratch/opsahoo.eee20.itbhu/Thesis/locate_results/expt-1| 2025-05-02 23:42/weights/epoch-55.pt
2025-05-03 19:49:11,054 - expt-1 - INFO - epoch:56:: train_loss:0.917218596320412 | train_f1_score: 0.5860922487919392
2025-05-03 20:12:38,313 - expt-1 - INFO - epoch:57:: train_loss:0.9147040179960944 | train_f1_score: 0.5858171238243407
2025-05-03 20:35:15,600 - expt-1 - INFO - epoch:58:: train_loss:0.9093869752387413 | train_f1_score: 0.5945264619897163
2025-05-03 20:55:57,157 - expt-1 - INFO - epoch:59:: train_loss:0.907699583262329 | train_f1_score: 0.5930018398286344
2025-05-03 21:16:14,386 - expt-1 - INFO - epoch:60:: train_loss:0.9036059046666722 | train_f1_score: 0.5949019392179079
2025-05-03 21:18:41,760 - expt-1 - INFO -              :: val_loss:0.8529631630600162 | val_f1_score:0.5806175371856166
2025-05-03 21:18:42,168 - expt-1 - INFO - model saved @/scratch/opsahoo.eee20.itbhu/Thesis/locate_results/expt-1| 2025-05-02 23:42/weights/epoch-60.pt
2025-05-03 21:38:54,213 - expt-1 - INFO - epoch:61:: train_loss:0.9055474343217633 | train_f1_score: 0.59741780647406
2025-05-03 22:01:05,568 - expt-1 - INFO - epoch:62:: train_loss:0.9033594672595613 | train_f1_score: 0.5960596075773362
2025-05-03 22:24:03,787 - expt-1 - INFO - epoch:63:: train_loss:0.8995890740024566 | train_f1_score: 0.5954781287825769
2025-05-03 22:44:34,046 - expt-1 - INFO - epoch:64:: train_loss:0.9027105910972356 | train_f1_score: 0.5962456567396051
2025-05-03 23:06:47,666 - expt-1 - INFO - epoch:65:: train_loss:0.9006680716987858 | train_f1_score: 0.5959983948297051
2025-05-03 23:09:02,820 - expt-1 - INFO -              :: val_loss:0.8995017886460401 | val_f1_score:0.5582280473946005
2025-05-03 23:09:03,122 - expt-1 - INFO - model saved @/scratch/opsahoo.eee20.itbhu/Thesis/locate_results/expt-1| 2025-05-02 23:42/weights/epoch-65.pt
2025-05-03 23:26:37,723 - expt-1 - INFO - epoch:66:: train_loss:0.901224480627803 | train_f1_score: 0.5966067659009621
2025-05-03 23:44:24,891 - expt-1 - INFO - epoch:67:: train_loss:0.8989704236474643 | train_f1_score: 0.597576385336107
2025-05-04 00:03:54,765 - expt-1 - INFO - epoch:68:: train_loss:0.8974684054431046 | train_f1_score: 0.6004561170583371
2025-05-04 00:22:56,191 - expt-1 - INFO - epoch:69:: train_loss:0.9010507274274113 | train_f1_score: 0.6000629209257456
2025-05-04 00:42:02,674 - expt-1 - INFO - epoch:70:: train_loss:1.0757128528029989 | train_f1_score: 0.5438109823458886
2025-05-04 00:44:24,175 - expt-1 - INFO -              :: val_loss:0.9349656466025642 | val_f1_score:0.5563679214339067
2025-05-04 00:44:24,340 - expt-1 - INFO - model saved @/scratch/opsahoo.eee20.itbhu/Thesis/locate_results/expt-1| 2025-05-02 23:42/weights/epoch-70.pt
2025-05-04 01:07:30,603 - expt-1 - INFO - epoch:71:: train_loss:0.9595864869949834 | train_f1_score: 0.5863490819860677
2025-05-04 01:27:17,100 - expt-1 - INFO - epoch:72:: train_loss:0.9589100274755589 | train_f1_score: 0.5863631817902566
2025-05-04 01:49:14,844 - expt-1 - INFO - epoch:73:: train_loss:0.9507991368975612 | train_f1_score: 0.5911322805171508
2025-05-04 02:11:44,268 - expt-1 - INFO - epoch:74:: train_loss:0.945406427202514 | train_f1_score: 0.5917176513140104
2025-05-04 02:34:36,084 - expt-1 - INFO - epoch:75:: train_loss:0.9426557536265734 | train_f1_score: 0.5911017304622259
2025-05-04 02:37:04,313 - expt-1 - INFO -              :: val_loss:0.9091846337192961 | val_f1_score:0.5879839669708895
2025-05-04 02:37:04,723 - expt-1 - INFO - model saved @/scratch/opsahoo.eee20.itbhu/Thesis/locate_results/expt-1| 2025-05-02 23:42/weights/epoch-75.pt
2025-05-04 02:56:27,166 - expt-1 - INFO - epoch:76:: train_loss:0.9168707896368857 | train_f1_score: 0.5995472267998592
2025-05-04 03:18:06,329 - expt-1 - INFO - epoch:77:: train_loss:0.9330190140178861 | train_f1_score: 0.5964768640961066
2025-05-04 03:38:00,788 - expt-1 - INFO - epoch:78:: train_loss:0.9102066857372638 | train_f1_score: 0.6035525200343047
2025-05-04 04:00:37,062 - expt-1 - INFO - epoch:79:: train_loss:0.922992486501377 | train_f1_score: 0.5978042825607844
2025-05-04 04:21:50,254 - expt-1 - INFO - epoch:80:: train_loss:0.9056176035442135 | train_f1_score: 0.5965243617695583
2025-05-04 04:24:20,743 - expt-1 - INFO -              :: val_loss:0.8951205315565832 | val_f1_score:0.5911919672278002
2025-05-04 04:24:20,949 - expt-1 - INFO - model saved @/scratch/opsahoo.eee20.itbhu/Thesis/locate_results/expt-1| 2025-05-02 23:42/weights/epoch-80.pt
2025-05-04 04:42:18,054 - expt-1 - INFO - epoch:81:: train_loss:0.8999956281985672 | train_f1_score: 0.6016730859600353
2025-05-04 05:02:34,262 - expt-1 - INFO - epoch:82:: train_loss:0.8969770841123497 | train_f1_score: 0.6036899073708818
2025-05-04 05:21:29,252 - expt-1 - INFO - epoch:83:: train_loss:0.891076805470128 | train_f1_score: 0.6052739701151323
2025-05-04 05:40:51,337 - expt-1 - INFO - epoch:84:: train_loss:0.8899262322633507 | train_f1_score: 0.6073901483310008
2025-05-04 05:58:08,177 - expt-1 - INFO - epoch:85:: train_loss:0.8875896456236129 | train_f1_score: 0.6080792625962584
2025-05-04 06:00:18,526 - expt-1 - INFO -              :: val_loss:0.944733689409108 | val_f1_score:0.5693537282903002
2025-05-04 06:00:18,765 - expt-1 - INFO - model saved @/scratch/opsahoo.eee20.itbhu/Thesis/locate_results/expt-1| 2025-05-02 23:42/weights/epoch-85.pt
2025-05-04 06:22:58,777 - expt-1 - INFO - epoch:86:: train_loss:0.8898130129505283 | train_f1_score: 0.6095128255582453
2025-05-04 06:45:48,027 - expt-1 - INFO - epoch:87:: train_loss:0.886067303547387 | train_f1_score: 0.610226921733375
2025-05-04 07:08:26,871 - expt-1 - INFO - epoch:88:: train_loss:0.8912371783434637 | train_f1_score: 0.6107790087940178
2025-05-04 07:26:52,589 - expt-1 - INFO - epoch:89:: train_loss:0.8914335782200246 | train_f1_score: 0.6110535769321719
2025-05-04 07:47:40,537 - expt-1 - INFO - epoch:90:: train_loss:0.8860556939209585 | train_f1_score: 0.6127833567018293
2025-05-04 07:50:11,472 - expt-1 - INFO -              :: val_loss:0.9147961523963902 | val_f1_score:0.6187856539917407
2025-05-04 07:50:12,028 - expt-1 - INFO - model saved @/scratch/opsahoo.eee20.itbhu/Thesis/locate_results/expt-1| 2025-05-02 23:42/weights/epoch-90.pt
2025-05-04 08:10:56,747 - expt-1 - INFO - epoch:91:: train_loss:0.8833530965756518 | train_f1_score: 0.6153280468166833
2025-05-04 08:33:08,641 - expt-1 - INFO - epoch:92:: train_loss:0.8830526058449492 | train_f1_score: 0.6197751445587495
2025-05-04 08:55:30,455 - expt-1 - INFO - epoch:93:: train_loss:0.8773042651471721 | train_f1_score: 0.6192000394789184
2025-05-04 09:18:15,894 - expt-1 - INFO - epoch:94:: train_loss:0.8807960850823786 | train_f1_score: 0.6165824593329338
2025-05-04 09:40:24,316 - expt-1 - INFO - epoch:95:: train_loss:0.8785322629174108 | train_f1_score: 0.6223363365812866
2025-05-04 09:42:49,725 - expt-1 - INFO -              :: val_loss:0.8786413100755582 | val_f1_score:0.6204036203088423
2025-05-04 09:42:50,040 - expt-1 - INFO - model saved @/scratch/opsahoo.eee20.itbhu/Thesis/locate_results/expt-1| 2025-05-02 23:42/weights/epoch-95.pt
2025-05-04 10:00:23,766 - expt-1 - INFO - epoch:96:: train_loss:0.8792519681107543 | train_f1_score: 0.6236470196221097
2025-05-04 10:19:13,380 - expt-1 - INFO - epoch:97:: train_loss:0.8780983851395453 | train_f1_score: 0.6221741388331083
2025-05-04 10:38:07,414 - expt-1 - INFO - epoch:98:: train_loss:0.8783441361394313 | train_f1_score: 0.6242291405019135
2025-05-04 11:01:02,517 - expt-1 - INFO - epoch:99:: train_loss:0.8732447766660046 | train_f1_score: 0.6267944780678404
2025-05-04 11:21:32,698 - expt-1 - INFO - epoch:100:: train_loss:0.8746905545237897 | train_f1_score: 0.6285186461972282
2025-05-04 11:24:03,783 - expt-1 - INFO -              :: val_loss:0.8144753758216502 | val_f1_score:0.6685948085569523
2025-05-04 11:24:03,982 - expt-1 - INFO - model saved @/scratch/opsahoo.eee20.itbhu/Thesis/locate_results/expt-1| 2025-05-02 23:42/weights/epoch-100.pt
2025-05-04 11:24:04,378 - expt-1 - INFO - -------------------------- Training Complete. --------------------------
2025-05-04 11:24:04,380 - expt-1 - INFO - Done: 35.0Hr 41.233999999999924 Mins.
2025-05-04 11:24:04,380 - expt-1 - INFO - 
2025-05-04 17:13:32,388 - detect: expt-49 - INFO - 
2025-05-04 17:13:32,402 - detect: expt-49 - INFO - ++++++++++++++++++++++++++++++++++++++++++++++++++++++++++++++++++++++++
2025-05-04 17:13:32,402 - detect: expt-49 - INFO - ++++++++++++++++++++++++++ Experiment: 49 ++++++++++++++++++++++++++
2025-05-04 17:13:32,402 - detect: expt-49 - INFO - Description: Detect Fault: Training model trained in expt-41 with ignored fault locations 3,6.
2025-05-04 17:13:32,403 - detect: expt-49 - INFO - 
2025-05-04 17:13:32,403 - detect: expt-49 - INFO - Dataset info.
2025-05-04 17:13:32,403 - detect: expt-49 - INFO - > Data names: ['microgrid_fault_dataset_rms', 'All_DER_outage_grid_fault_CSV', 'All_DER_outage_islanded_fault_CSV']
2025-05-04 17:13:32,403 - detect: expt-49 - INFO - > Case range: [1, 3000]
2025-05-04 17:13:32,403 - detect: expt-49 - INFO - 
2025-05-04 17:13:32,403 - detect: expt-49 - INFO - Loading model.
2025-05-04 17:13:32,979 - detect: expt-49 - INFO - > No. of parameters: 26343
2025-05-04 17:13:32,980 - detect: expt-49 - INFO - 
2025-05-04 17:13:33,005 - detect: expt-49 - INFO - Using device: cuda
2025-05-04 17:13:33,441 - detect: expt-49 - INFO - > GPU: Tesla V100-PCIE-16GB
2025-05-04 17:16:41,214 - detect: expt-49 - INFO - Dataset Size: 12600
2025-05-04 17:16:43,964 - detect: expt-49 - INFO - 
2025-05-04 17:16:43,964 - detect: expt-49 - INFO - Loading pretrained model from: detect_results/expt-48| 2025-05-03 09:40/weights/epoch-100.pt
2025-05-04 17:16:43,964 - detect: expt-49 - INFO - > Used data info:: names: ['microgrid_fault_dataset_rms', 'All_DER_outage_grid_fault_CSV', 'All_DER_outage_islanded_fault_CSV'], range: [1, 3000]
2025-05-04 17:16:43,964 - detect: expt-49 - INFO - > epoch:100:: train_loss:0.44732025662365177 | train_f1_score: 0.8231202562698197
2025-05-04 17:16:44,141 - detect: expt-49 - INFO - 
2025-05-04 17:16:44,142 - detect: expt-49 - INFO - ========== Starting model training. ==========
2025-05-04 17:20:08,980 - detect: expt-49 - INFO - epoch:1:: train_loss:0.4586638712458009 | train_f1_score: 0.8163591316682053
2025-05-04 17:23:22,892 - detect: expt-49 - INFO - epoch:2:: train_loss:0.4444278413918974 | train_f1_score: 0.8216599907604796
2025-05-04 17:26:37,112 - detect: expt-49 - INFO - epoch:3:: train_loss:0.44847811478092037 | train_f1_score: 0.8188356020433456
2025-05-04 17:29:44,204 - detect: expt-49 - INFO - epoch:4:: train_loss:0.47706338332146614 | train_f1_score: 0.8113279315447013
2025-05-04 17:32:52,483 - detect: expt-49 - INFO - epoch:5:: train_loss:0.5213472744018731 | train_f1_score: 0.7908078604521253
2025-05-04 17:33:15,273 - detect: expt-49 - INFO -              :: val_loss:0.29954823347789256 | val_f1_score:0.8856994340430887
2025-05-04 17:33:15,382 - detect: expt-49 - INFO - model saved @/scratch/opsahoo.eee20.itbhu/Thesis/detect_results/expt-49| 2025-05-04 17:13/weights/epoch-5.pt
2025-05-04 17:36:30,059 - detect: expt-49 - INFO - epoch:6:: train_loss:0.474627386397915 | train_f1_score: 0.810168758318559
2025-05-04 17:39:09,906 - locate: expt-2 - INFO - 
2025-05-04 17:39:09,919 - locate: expt-2 - INFO - ++++++++++++++++++++++++++++++++++++++++++++++++++++++++++++++++++++++++
2025-05-04 17:39:09,919 - locate: expt-2 - INFO - ++++++++++++++++++++++++++ Experiment: 2 ++++++++++++++++++++++++++
2025-05-04 17:39:09,920 - locate: expt-2 - INFO - Description: Locate Fault: Training model trained in locate::expt-1 with ignored fault locations 3,6.
2025-05-04 17:39:09,920 - locate: expt-2 - INFO - 
2025-05-04 17:39:09,920 - locate: expt-2 - INFO - Dataset info.
2025-05-04 17:39:09,920 - locate: expt-2 - INFO - > Data names: ['microgrid_fault_dataset_rms', 'All_DER_outage_grid_fault_CSV', 'All_DER_outage_islanded_fault_CSV']
2025-05-04 17:39:09,920 - locate: expt-2 - INFO - > Case range: [1, 3000]
2025-05-04 17:39:09,920 - locate: expt-2 - INFO - 
2025-05-04 17:39:09,920 - locate: expt-2 - INFO - Loading model.
2025-05-04 17:39:10,445 - locate: expt-2 - INFO - > No. of parameters: 26349
2025-05-04 17:39:10,445 - locate: expt-2 - INFO - 
2025-05-04 17:39:10,446 - locate: expt-2 - INFO - Using device: cuda
2025-05-04 17:39:10,668 - locate: expt-2 - INFO - > GPU: Tesla V100-PCIE-16GB
2025-05-04 17:39:43,417 - detect: expt-49 - INFO - epoch:7:: train_loss:0.4640018064017803 | train_f1_score: 0.8087075358966155
2025-05-04 17:43:12,020 - locate: expt-2 - INFO - Dataset Size: 70200
2025-05-04 17:43:01,992 - detect: expt-49 - INFO - epoch:8:: train_loss:0.44050792080199747 | train_f1_score: 0.8174655330805678
2025-05-04 17:43:13,833 - locate: expt-2 - INFO - 
2025-05-04 17:43:13,836 - locate: expt-2 - INFO - Loading pretrained model from: locate_results/expt-1| 2025-05-02 23:42/weights/epoch-100.pt
2025-05-04 17:43:13,836 - locate: expt-2 - INFO - > Used data info:: names: ['microgrid_fault_dataset_rms', 'All_DER_outage_grid_fault_CSV', 'All_DER_outage_islanded_fault_CSV'], range: [1, 3000]
2025-05-04 17:43:13,836 - locate: expt-2 - INFO - > epoch:100:: train_loss:0.8746905545237897 | train_f1_score: 0.6285186461972282
2025-05-04 17:43:13,912 - locate: expt-2 - INFO - 
2025-05-04 17:43:13,913 - locate: expt-2 - INFO - ========== Starting model training. ==========
2025-05-04 17:46:13,110 - detect: expt-49 - INFO - epoch:9:: train_loss:0.43957763498900676 | train_f1_score: 0.8236635604696341
2025-05-04 17:49:16,621 - detect: expt-49 - INFO - epoch:10:: train_loss:0.4334958293423837 | train_f1_score: 0.8252540890539756
2025-05-04 17:49:39,589 - detect: expt-49 - INFO -              :: val_loss:0.2809597248531587 | val_f1_score:0.8903013749926284
2025-05-04 17:49:39,609 - detect: expt-49 - INFO - model saved @/scratch/opsahoo.eee20.itbhu/Thesis/detect_results/expt-49| 2025-05-04 17:13/weights/epoch-10.pt
2025-05-04 17:52:50,575 - detect: expt-49 - INFO - epoch:11:: train_loss:0.5526999226814907 | train_f1_score: 0.7788506867819146
2025-05-04 17:56:04,358 - detect: expt-49 - INFO - epoch:12:: train_loss:0.48658188595166135 | train_f1_score: 0.7998575516867411
2025-05-04 17:59:17,149 - detect: expt-49 - INFO - epoch:13:: train_loss:0.4411323468148813 | train_f1_score: 0.8283583034599615
2025-05-04 18:02:37,169 - detect: expt-49 - INFO - epoch:14:: train_loss:0.4558151331196825 | train_f1_score: 0.8146704103372038
2025-05-04 18:04:13,945 - locate: expt-2 - INFO - epoch:1:: train_loss:0.8743263486858585 | train_f1_score: 0.6283593322717659
2025-05-04 18:06:02,101 - detect: expt-49 - INFO - epoch:15:: train_loss:0.48065885718202844 | train_f1_score: 0.8124741442285066
2025-05-04 18:06:23,674 - detect: expt-49 - INFO -              :: val_loss:0.35999436139493773 | val_f1_score:0.8452216930781976
2025-05-04 18:06:23,716 - detect: expt-49 - INFO - model saved @/scratch/opsahoo.eee20.itbhu/Thesis/detect_results/expt-49| 2025-05-04 17:13/weights/epoch-15.pt
2025-05-04 18:09:36,129 - detect: expt-49 - INFO - epoch:16:: train_loss:0.4494229358934453 | train_f1_score: 0.8163972010205445
2025-05-04 18:12:55,222 - detect: expt-49 - INFO - epoch:17:: train_loss:0.46323919034835376 | train_f1_score: 0.8056544642273058
2025-05-04 18:16:21,507 - detect: expt-49 - INFO - epoch:18:: train_loss:0.4380896525756246 | train_f1_score: 0.8162235336368626
2025-05-04 18:19:37,128 - detect: expt-49 - INFO - epoch:19:: train_loss:0.44274259815395767 | train_f1_score: 0.8230975594348775
2025-05-04 18:22:17,118 - locate: expt-2 - INFO - epoch:2:: train_loss:0.8767237085313083 | train_f1_score: 0.6317933974690808
2025-05-04 18:22:59,125 - detect: expt-49 - INFO - epoch:20:: train_loss:0.44866661139477176 | train_f1_score: 0.8113485448239282
2025-05-04 18:23:21,385 - detect: expt-49 - INFO -              :: val_loss:0.3574406004332571 | val_f1_score:0.8282879552954017
2025-05-04 18:23:21,613 - detect: expt-49 - INFO - model saved @/scratch/opsahoo.eee20.itbhu/Thesis/detect_results/expt-49| 2025-05-04 17:13/weights/epoch-20.pt
2025-05-04 18:26:40,570 - detect: expt-49 - INFO - epoch:21:: train_loss:0.4702555912534161 | train_f1_score: 0.8066933955547507
2025-05-04 18:29:54,502 - detect: expt-49 - INFO - epoch:22:: train_loss:0.4725839247206001 | train_f1_score: 0.8083039236464015
2025-05-04 18:33:08,447 - detect: expt-49 - INFO - epoch:23:: train_loss:0.45585505289357586 | train_f1_score: 0.8149026568452203
2025-05-04 18:36:18,222 - detect: expt-49 - INFO - epoch:24:: train_loss:0.4387411681616546 | train_f1_score: 0.8179520452856403
2025-05-04 18:39:36,032 - detect: expt-49 - INFO - epoch:25:: train_loss:0.4690664937186332 | train_f1_score: 0.8055121206077412
2025-05-04 18:39:59,236 - detect: expt-49 - INFO -              :: val_loss:0.36841649618439554 | val_f1_score:0.8230094859537461
2025-05-04 18:39:59,708 - detect: expt-49 - INFO - model saved @/scratch/opsahoo.eee20.itbhu/Thesis/detect_results/expt-49| 2025-05-04 17:13/weights/epoch-25.pt
2025-05-04 18:41:25,374 - locate: expt-2 - INFO - epoch:3:: train_loss:0.9250972672936782 | train_f1_score: 0.6156007192300083
2025-05-04 18:43:04,825 - detect: expt-49 - INFO - epoch:26:: train_loss:0.44009256145861186 | train_f1_score: 0.8138955569722726
2025-05-04 18:46:20,958 - detect: expt-49 - INFO - epoch:27:: train_loss:0.43825249392616933 | train_f1_score: 0.821372500703501
2025-05-04 18:49:31,320 - detect: expt-49 - INFO - epoch:28:: train_loss:0.4291339356363835 | train_f1_score: 0.8198648289280088
2025-05-04 18:52:48,967 - detect: expt-49 - INFO - epoch:29:: train_loss:0.44049203461824565 | train_f1_score: 0.8219971739737694
2025-05-04 18:56:03,742 - detect: expt-49 - INFO - epoch:30:: train_loss:0.4593406963113386 | train_f1_score: 0.805446537545649
2025-05-04 18:56:26,493 - detect: expt-49 - INFO -              :: val_loss:0.43152963480116224 | val_f1_score:0.8017061854337719
2025-05-04 18:56:26,546 - detect: expt-49 - INFO - model saved @/scratch/opsahoo.eee20.itbhu/Thesis/detect_results/expt-49| 2025-05-04 17:13/weights/epoch-30.pt
2025-05-04 18:59:23,078 - locate: expt-2 - INFO - epoch:4:: train_loss:0.9235069454455438 | train_f1_score: 0.6134600234770882
2025-05-04 18:59:41,886 - detect: expt-49 - INFO - epoch:31:: train_loss:0.44457077500206943 | train_f1_score: 0.8177360423422076
2025-05-04 19:02:55,602 - detect: expt-49 - INFO - epoch:32:: train_loss:0.43274169295749343 | train_f1_score: 0.8186519764185775
2025-05-04 19:06:07,423 - detect: expt-49 - INFO - epoch:33:: train_loss:0.4372679593092994 | train_f1_score: 0.8167974992970212
2025-05-04 19:09:15,784 - detect: expt-49 - INFO - epoch:34:: train_loss:0.44920193460945596 | train_f1_score: 0.8128723857323215
2025-05-04 19:12:27,389 - detect: expt-49 - INFO - epoch:35:: train_loss:0.4249155622025745 | train_f1_score: 0.8213047817666971
2025-05-04 19:12:48,807 - detect: expt-49 - INFO -              :: val_loss:0.474251382386112 | val_f1_score:0.7907198473346607
2025-05-04 19:12:48,847 - detect: expt-49 - INFO - model saved @/scratch/opsahoo.eee20.itbhu/Thesis/detect_results/expt-49| 2025-05-04 17:13/weights/epoch-35.pt
2025-05-04 19:16:02,476 - detect: expt-49 - INFO - epoch:36:: train_loss:0.9435981799753466 | train_f1_score: 0.6715907498316264
2025-05-04 19:19:22,597 - detect: expt-49 - INFO - epoch:37:: train_loss:0.5227773219333859 | train_f1_score: 0.7891274208454558
2025-05-04 19:19:33,252 - locate: expt-2 - INFO - epoch:5:: train_loss:0.8971035658645109 | train_f1_score: 0.624816135011531
2025-05-04 19:22:36,602 - detect: expt-49 - INFO - epoch:38:: train_loss:0.5948593694342438 | train_f1_score: 0.765419453825333
2025-05-04 19:24:33,821 - locate: expt-2 - INFO -              :: val_loss:0.8549183284588313 | val_f1_score:0.6511869045469652
2025-05-04 19:24:34,878 - locate: expt-2 - INFO - model saved @/scratch/opsahoo.eee20.itbhu/Thesis/locate_results/expt-2| 2025-05-04 17:39/weights/epoch-5.pt
2025-05-04 19:25:49,042 - detect: expt-49 - INFO - epoch:39:: train_loss:0.4580220246039063 | train_f1_score: 0.8089015807454211
2025-05-04 19:29:00,400 - detect: expt-49 - INFO - epoch:40:: train_loss:0.44971288260782716 | train_f1_score: 0.8191529766181592
2025-05-04 19:29:22,295 - detect: expt-49 - INFO -              :: val_loss:0.26587092097731774 | val_f1_score:0.8848945623884897
2025-05-04 19:29:22,326 - detect: expt-49 - INFO - model saved @/scratch/opsahoo.eee20.itbhu/Thesis/detect_results/expt-49| 2025-05-04 17:13/weights/epoch-40.pt
2025-05-04 19:32:42,092 - detect: expt-49 - INFO - epoch:41:: train_loss:0.4449806935011145 | train_f1_score: 0.8229697944313277
2025-05-04 19:36:01,834 - detect: expt-49 - INFO - epoch:42:: train_loss:0.43559317539394415 | train_f1_score: 0.8287929570474736
2025-05-04 19:39:20,051 - detect: expt-49 - INFO - epoch:43:: train_loss:0.4415987117351994 | train_f1_score: 0.8223766093262032
2025-05-04 19:42:35,550 - detect: expt-49 - INFO - epoch:44:: train_loss:0.43491204528404054 | train_f1_score: 0.8188450841135863
2025-05-04 19:44:30,388 - locate: expt-2 - INFO - epoch:6:: train_loss:0.8894519648761922 | train_f1_score: 0.6252180154715106
2025-05-04 19:45:45,606 - detect: expt-49 - INFO - epoch:45:: train_loss:0.42594530184178764 | train_f1_score: 0.8193588679535706
2025-05-04 19:46:08,536 - detect: expt-49 - INFO -              :: val_loss:0.3261638699852302 | val_f1_score:0.8565502694581656
2025-05-04 19:46:08,825 - detect: expt-49 - INFO - model saved @/scratch/opsahoo.eee20.itbhu/Thesis/detect_results/expt-49| 2025-05-04 17:13/weights/epoch-45.pt
2025-05-04 19:49:23,771 - detect: expt-49 - INFO - epoch:46:: train_loss:0.4400747897601857 | train_f1_score: 0.8205368821021156
2025-05-04 19:52:41,068 - detect: expt-49 - INFO - epoch:47:: train_loss:0.44791099770217324 | train_f1_score: 0.8137945542984472
2025-05-04 19:55:53,250 - detect: expt-49 - INFO - epoch:48:: train_loss:0.4324313899635445 | train_f1_score: 0.8214345854638132
2025-05-04 19:59:23,074 - detect: expt-49 - INFO - epoch:49:: train_loss:0.429540710590473 | train_f1_score: 0.8220138229532223
2025-05-04 20:02:31,844 - detect: expt-49 - INFO - epoch:50:: train_loss:0.42004871477445865 | train_f1_score: 0.8280177110526612
2025-05-04 20:02:53,143 - detect: expt-49 - INFO -              :: val_loss:0.3007883230733538 | val_f1_score:0.8644491968385133
2025-05-04 20:02:53,172 - detect: expt-49 - INFO - model saved @/scratch/opsahoo.eee20.itbhu/Thesis/detect_results/expt-49| 2025-05-04 17:13/weights/epoch-50.pt
2025-05-04 20:03:59,496 - locate: expt-2 - INFO - epoch:7:: train_loss:0.88178395644904 | train_f1_score: 0.6271153972819289
2025-05-04 20:06:04,239 - detect: expt-49 - INFO - epoch:51:: train_loss:0.4203048153112591 | train_f1_score: 0.8235601769449138
2025-05-04 20:09:12,813 - detect: expt-49 - INFO - epoch:52:: train_loss:0.46672860041291286 | train_f1_score: 0.8079783645976196
2025-05-04 20:12:33,183 - detect: expt-49 - INFO - epoch:53:: train_loss:0.4217636577246661 | train_f1_score: 0.8213962392325777
2025-05-04 20:16:13,773 - detect: expt-49 - INFO - epoch:54:: train_loss:0.4231265076616458 | train_f1_score: 0.826910574339225
2025-05-04 20:19:35,514 - detect: expt-49 - INFO - epoch:55:: train_loss:0.4184423404186722 | train_f1_score: 0.8296885586408502
2025-05-04 20:19:57,605 - detect: expt-49 - INFO -              :: val_loss:0.27420013092237666 | val_f1_score:0.884268735830888
2025-05-04 20:19:59,218 - detect: expt-49 - INFO - model saved @/scratch/opsahoo.eee20.itbhu/Thesis/detect_results/expt-49| 2025-05-04 17:13/weights/epoch-55.pt
2025-05-04 20:23:18,895 - detect: expt-49 - INFO - epoch:56:: train_loss:0.421039069169525 | train_f1_score: 0.8240900964666744
2025-05-04 20:25:09,291 - locate: expt-2 - INFO - epoch:8:: train_loss:0.886265199289993 | train_f1_score: 0.6299293306669408
2025-05-04 20:26:37,315 - detect: expt-49 - INFO - epoch:57:: train_loss:0.42244918416408694 | train_f1_score: 0.8211468958617674
2025-05-04 20:29:43,162 - detect: expt-49 - INFO - epoch:58:: train_loss:0.4130713584720269 | train_f1_score: 0.8307515149696663
2025-05-04 20:33:00,169 - detect: expt-49 - INFO - epoch:59:: train_loss:0.4241023425640889 | train_f1_score: 0.8229290610539337
2025-05-04 20:36:17,840 - detect: expt-49 - INFO - epoch:60:: train_loss:0.41880312565991656 | train_f1_score: 0.8278392434017807
2025-05-04 20:36:39,428 - detect: expt-49 - INFO -              :: val_loss:0.3104284327868508 | val_f1_score:0.8536366663330639
2025-05-04 20:36:39,470 - detect: expt-49 - INFO - model saved @/scratch/opsahoo.eee20.itbhu/Thesis/detect_results/expt-49| 2025-05-04 17:13/weights/epoch-60.pt
2025-05-04 20:40:09,745 - detect: expt-49 - INFO - epoch:61:: train_loss:0.4135790595237742 | train_f1_score: 0.8307933946868902
2025-05-04 20:43:25,856 - detect: expt-49 - INFO - epoch:62:: train_loss:0.4272072840450831 | train_f1_score: 0.8268814724184974
2025-05-04 20:45:04,077 - locate: expt-2 - INFO - epoch:9:: train_loss:0.8968897867919937 | train_f1_score: 0.6269162911813934
2025-05-04 20:46:48,087 - detect: expt-49 - INFO - epoch:63:: train_loss:0.43512402575193865 | train_f1_score: 0.8194551799205662
2025-05-04 20:50:12,888 - detect: expt-49 - INFO - epoch:64:: train_loss:0.42986173014959134 | train_f1_score: 0.8164438553683916
2025-05-04 20:53:36,119 - detect: expt-49 - INFO - epoch:65:: train_loss:0.42963125158513055 | train_f1_score: 0.816382648259728
2025-05-04 20:53:58,493 - detect: expt-49 - INFO -              :: val_loss:0.2723339087303883 | val_f1_score:0.8918174653829312
2025-05-04 20:53:58,523 - detect: expt-49 - INFO - model saved @/scratch/opsahoo.eee20.itbhu/Thesis/detect_results/expt-49| 2025-05-04 17:13/weights/epoch-65.pt
2025-05-04 20:57:22,946 - detect: expt-49 - INFO - epoch:66:: train_loss:0.45418437162527003 | train_f1_score: 0.8197809647395086
2025-05-04 21:00:45,794 - detect: expt-49 - INFO - epoch:67:: train_loss:0.411525592265736 | train_f1_score: 0.8270607427918832
2025-05-04 21:04:02,331 - detect: expt-49 - INFO - epoch:68:: train_loss:0.41813797024540894 | train_f1_score: 0.82786699559896
2025-05-04 21:04:53,288 - locate: expt-2 - INFO - epoch:10:: train_loss:0.8873024431632387 | train_f1_score: 0.6303257994095951
2025-05-04 21:07:21,645 - detect: expt-49 - INFO - epoch:69:: train_loss:0.4876262915388931 | train_f1_score: 0.7994894485089867
2025-05-04 21:09:28,901 - locate: expt-2 - INFO -              :: val_loss:1.1277445451398553 | val_f1_score:0.5849796658054655
2025-05-04 21:09:29,401 - locate: expt-2 - INFO - model saved @/scratch/opsahoo.eee20.itbhu/Thesis/locate_results/expt-2| 2025-05-04 17:39/weights/epoch-10.pt
2025-05-04 21:10:45,808 - detect: expt-49 - INFO - epoch:70:: train_loss:0.44831649347388874 | train_f1_score: 0.8161166290698156
2025-05-04 21:11:06,992 - detect: expt-49 - INFO -              :: val_loss:0.3506676804587216 | val_f1_score:0.8479385850444076
2025-05-04 21:11:07,034 - detect: expt-49 - INFO - model saved @/scratch/opsahoo.eee20.itbhu/Thesis/detect_results/expt-49| 2025-05-04 17:13/weights/epoch-70.pt
2025-05-04 21:14:30,450 - detect: expt-49 - INFO - epoch:71:: train_loss:0.43771177286660834 | train_f1_score: 0.8198428795986489
2025-05-04 21:17:57,267 - detect: expt-49 - INFO - epoch:72:: train_loss:0.4370097864402627 | train_f1_score: 0.8197066165566836
2025-05-04 21:21:07,198 - detect: expt-49 - INFO - epoch:73:: train_loss:0.4313486184789946 | train_f1_score: 0.817037966868181
2025-05-04 21:24:34,695 - detect: expt-49 - INFO - epoch:74:: train_loss:0.43150788149664615 | train_f1_score: 0.823297475624209
2025-05-04 21:27:51,294 - detect: expt-49 - INFO - epoch:75:: train_loss:0.431764004281747 | train_f1_score: 0.8207864289219999
2025-05-04 21:28:13,537 - detect: expt-49 - INFO -              :: val_loss:0.2835365732760936 | val_f1_score:0.8878609394776504
2025-05-04 21:28:13,703 - detect: expt-49 - INFO - model saved @/scratch/opsahoo.eee20.itbhu/Thesis/detect_results/expt-49| 2025-05-04 17:13/weights/epoch-75.pt
2025-05-04 21:29:30,550 - locate: expt-2 - INFO - epoch:11:: train_loss:0.900423300711419 | train_f1_score: 0.626156453733578
2025-05-04 21:31:30,285 - detect: expt-49 - INFO - epoch:76:: train_loss:0.4215327998597913 | train_f1_score: 0.8216302266851623
2025-05-04 21:34:42,141 - detect: expt-49 - INFO - epoch:77:: train_loss:0.4174648475138535 | train_f1_score: 0.8293262760127497
2025-05-04 21:38:09,054 - detect: expt-49 - INFO - epoch:78:: train_loss:0.4251274326843579 | train_f1_score: 0.82489991173485
2025-05-04 21:41:37,181 - detect: expt-49 - INFO - epoch:79:: train_loss:0.42154326364650757 | train_f1_score: 0.8210028257969133
2025-05-04 21:44:50,333 - detect: expt-49 - INFO - epoch:80:: train_loss:0.41369780044030446 | train_f1_score: 0.8271739635180114
2025-05-04 21:45:11,994 - detect: expt-49 - INFO -              :: val_loss:0.4273665293929976 | val_f1_score:0.8193036356039132
2025-05-04 21:45:12,040 - detect: expt-49 - INFO - model saved @/scratch/opsahoo.eee20.itbhu/Thesis/detect_results/expt-49| 2025-05-04 17:13/weights/epoch-80.pt
2025-05-04 21:48:27,964 - detect: expt-49 - INFO - epoch:81:: train_loss:0.4259268303717041 | train_f1_score: 0.8274188137228371
2025-05-04 21:48:42,228 - locate: expt-2 - INFO - epoch:12:: train_loss:0.8849903887086448 | train_f1_score: 0.630895526155264
2025-05-04 21:51:45,716 - detect: expt-49 - INFO - epoch:82:: train_loss:0.4076617968530979 | train_f1_score: 0.821917917643537
2025-05-04 21:55:08,723 - detect: expt-49 - INFO - epoch:83:: train_loss:0.468765404808394 | train_f1_score: 0.7998500438002435
2025-05-04 21:58:27,330 - detect: expt-49 - INFO - epoch:84:: train_loss:0.4540538992000975 | train_f1_score: 0.8156624326029436
2025-05-04 22:01:56,687 - detect: expt-49 - INFO - epoch:85:: train_loss:0.4283197683388798 | train_f1_score: 0.8223794999758207
2025-05-04 22:02:21,375 - detect: expt-49 - INFO -              :: val_loss:0.30649916358325524 | val_f1_score:0.8729065105953803
2025-05-04 22:02:21,399 - detect: expt-49 - INFO - model saved @/scratch/opsahoo.eee20.itbhu/Thesis/detect_results/expt-49| 2025-05-04 17:13/weights/epoch-85.pt
2025-05-04 22:05:45,109 - detect: expt-49 - INFO - epoch:86:: train_loss:0.40983131085392727 | train_f1_score: 0.8312027992201916
2025-05-04 22:07:35,881 - locate: expt-2 - INFO - epoch:13:: train_loss:0.8855956469038363 | train_f1_score: 0.6310739863368063
2025-05-04 22:08:59,491 - detect: expt-49 - INFO - epoch:87:: train_loss:0.4097529995884412 | train_f1_score: 0.8297208006364029
2025-05-04 22:12:19,079 - detect: expt-49 - INFO - epoch:88:: train_loss:0.42962306187620125 | train_f1_score: 0.8196102258658323
2025-05-04 22:15:34,456 - detect: expt-49 - INFO - epoch:89:: train_loss:0.41151156877849326 | train_f1_score: 0.826823612077529
2025-05-04 22:18:59,912 - detect: expt-49 - INFO - epoch:90:: train_loss:0.42041049925466556 | train_f1_score: 0.8259022527230445
2025-05-04 22:19:23,173 - detect: expt-49 - INFO -              :: val_loss:0.33724637607457997 | val_f1_score:0.8454130949543991
2025-05-04 22:19:23,214 - detect: expt-49 - INFO - model saved @/scratch/opsahoo.eee20.itbhu/Thesis/detect_results/expt-49| 2025-05-04 17:13/weights/epoch-90.pt
2025-05-04 22:22:53,198 - detect: expt-49 - INFO - epoch:91:: train_loss:0.4256998628420721 | train_f1_score: 0.8297255255318593
2025-05-04 22:26:16,026 - locate: expt-2 - INFO - epoch:14:: train_loss:0.8831008648087284 | train_f1_score: 0.6351572303548191
2025-05-04 22:26:23,271 - detect: expt-49 - INFO - epoch:92:: train_loss:0.4345280796541328 | train_f1_score: 0.8278475335772963
2025-05-04 22:29:50,182 - detect: expt-49 - INFO - epoch:93:: train_loss:0.42419012741637396 | train_f1_score: 0.8266587966277215
2025-05-04 22:33:10,096 - detect: expt-49 - INFO - epoch:94:: train_loss:0.44622452999588996 | train_f1_score: 0.812585355835295
2025-05-04 22:36:38,395 - detect: expt-49 - INFO - epoch:95:: train_loss:0.41004628909242646 | train_f1_score: 0.826295221680622
2025-05-04 22:37:03,615 - detect: expt-49 - INFO -              :: val_loss:0.28491830612817076 | val_f1_score:0.8773194037848547
2025-05-04 22:37:04,475 - detect: expt-49 - INFO - model saved @/scratch/opsahoo.eee20.itbhu/Thesis/detect_results/expt-49| 2025-05-04 17:13/weights/epoch-95.pt
2025-05-04 22:40:24,874 - detect: expt-49 - INFO - epoch:96:: train_loss:0.4104318731806583 | train_f1_score: 0.8264127050598299
2025-05-04 22:43:47,132 - detect: expt-49 - INFO - epoch:97:: train_loss:0.4061511383908542 | train_f1_score: 0.8309221910675392
2025-05-04 22:45:29,290 - locate: expt-2 - INFO - epoch:15:: train_loss:0.8726010165810423 | train_f1_score: 0.6391337021031183
2025-05-04 22:47:13,129 - detect: expt-49 - INFO - epoch:98:: train_loss:0.4057650064486079 | train_f1_score: 0.8253221990344473
2025-05-04 22:50:21,187 - locate: expt-2 - INFO -              :: val_loss:0.8695044323120769 | val_f1_score:0.6482613383740682
2025-05-04 22:50:21,559 - locate: expt-2 - INFO - model saved @/scratch/opsahoo.eee20.itbhu/Thesis/locate_results/expt-2| 2025-05-04 17:39/weights/epoch-15.pt
2025-05-04 22:50:31,424 - detect: expt-49 - INFO - epoch:99:: train_loss:0.43447891321663534 | train_f1_score: 0.8160757636937189
2025-05-04 22:53:51,680 - detect: expt-49 - INFO - epoch:100:: train_loss:0.44641759465079545 | train_f1_score: 0.8139484067570167
2025-05-04 22:54:15,283 - detect: expt-49 - INFO -              :: val_loss:0.3149146519835765 | val_f1_score:0.8669855095844999
2025-05-04 22:54:15,309 - detect: expt-49 - INFO - model saved @/scratch/opsahoo.eee20.itbhu/Thesis/detect_results/expt-49| 2025-05-04 17:13/weights/epoch-100.pt
2025-05-04 22:57:36,287 - detect: expt-49 - INFO - epoch:101:: train_loss:0.43358158635340516 | train_f1_score: 0.8213500728487626
2025-05-04 23:00:58,277 - detect: expt-49 - INFO - epoch:102:: train_loss:0.6241017746368782 | train_f1_score: 0.7740861968070448
2025-05-04 23:04:14,429 - detect: expt-49 - INFO - epoch:103:: train_loss:0.49124699571233293 | train_f1_score: 0.7889244592300109
2025-05-04 23:07:39,158 - detect: expt-49 - INFO - epoch:104:: train_loss:0.4408001470931987 | train_f1_score: 0.8206194973582261
2025-05-04 23:09:07,756 - locate: expt-2 - INFO - epoch:16:: train_loss:0.8831511639995491 | train_f1_score: 0.6335360927062882
2025-05-04 23:11:18,578 - detect: expt-49 - INFO - epoch:105:: train_loss:0.4361050110743436 | train_f1_score: 0.8232793256081121
2025-05-04 23:11:43,212 - detect: expt-49 - INFO -              :: val_loss:0.30866611455779164 | val_f1_score:0.8599065641507754
2025-05-04 23:11:43,254 - detect: expt-49 - INFO - model saved @/scratch/opsahoo.eee20.itbhu/Thesis/detect_results/expt-49| 2025-05-04 17:13/weights/epoch-105.pt
2025-05-04 23:15:10,291 - detect: expt-49 - INFO - epoch:106:: train_loss:0.4243493493122195 | train_f1_score: 0.8230517282335053
2025-05-04 23:18:31,436 - detect: expt-49 - INFO - epoch:107:: train_loss:0.40958283732975764 | train_f1_score: 0.8245723247812364
2025-05-04 23:21:45,479 - detect: expt-49 - INFO - epoch:108:: train_loss:0.4064741951422766 | train_f1_score: 0.8290853833567156
2025-05-04 23:25:03,719 - detect: expt-49 - INFO - epoch:109:: train_loss:0.4248533716093012 | train_f1_score: 0.8212997355090527
2025-05-04 23:28:15,845 - locate: expt-2 - INFO - epoch:17:: train_loss:0.883089119821075 | train_f1_score: 0.6348675543841129
2025-05-04 23:28:31,149 - detect: expt-49 - INFO - epoch:110:: train_loss:0.4297387624429096 | train_f1_score: 0.8121201286826866
2025-05-04 23:28:54,717 - detect: expt-49 - INFO -              :: val_loss:0.25241096481013225 | val_f1_score:0.8959927306434942
2025-05-04 23:28:54,884 - detect: expt-49 - INFO - model saved @/scratch/opsahoo.eee20.itbhu/Thesis/detect_results/expt-49| 2025-05-04 17:13/weights/epoch-110.pt
2025-05-04 23:32:26,946 - detect: expt-49 - INFO - epoch:111:: train_loss:0.41095802349681476 | train_f1_score: 0.8314347880349422
2025-05-04 23:35:48,588 - detect: expt-49 - INFO - epoch:112:: train_loss:0.45767937015235965 | train_f1_score: 0.8092535293509925
2025-05-04 23:39:07,369 - detect: expt-49 - INFO - epoch:113:: train_loss:0.430275252924697 | train_f1_score: 0.8241677591637667
2025-05-04 23:42:30,050 - detect: expt-49 - INFO - epoch:114:: train_loss:0.42732834989393037 | train_f1_score: 0.8255215488529101
2025-05-04 23:45:47,149 - detect: expt-49 - INFO - epoch:115:: train_loss:0.42144878392505875 | train_f1_score: 0.8205881949544167
2025-05-04 23:46:11,625 - detect: expt-49 - INFO -              :: val_loss:0.32906631151058874 | val_f1_score:0.8672222500587515
2025-05-04 23:46:11,667 - detect: expt-49 - INFO - model saved @/scratch/opsahoo.eee20.itbhu/Thesis/detect_results/expt-49| 2025-05-04 17:13/weights/epoch-115.pt
2025-05-04 23:47:07,574 - locate: expt-2 - INFO - epoch:18:: train_loss:0.897157194806132 | train_f1_score: 0.6286672954239828
2025-05-04 23:49:29,279 - detect: expt-49 - INFO - epoch:116:: train_loss:0.4222078430739931 | train_f1_score: 0.8267744532980105
2025-05-04 23:52:49,605 - detect: expt-49 - INFO - epoch:117:: train_loss:0.431954200563526 | train_f1_score: 0.8169487113848906
2025-05-04 23:56:11,774 - detect: expt-49 - INFO - epoch:118:: train_loss:0.42525685272147745 | train_f1_score: 0.8166208680899141
2025-05-04 23:59:37,562 - detect: expt-49 - INFO - epoch:119:: train_loss:0.4297144276117045 | train_f1_score: 0.8215134786483896
2025-05-05 00:03:00,314 - detect: expt-49 - INFO - epoch:120:: train_loss:0.4183275930229738 | train_f1_score: 0.8185657420639245
2025-05-05 00:03:22,803 - detect: expt-49 - INFO -              :: val_loss:0.3970343395606867 | val_f1_score:0.8321241804761376
2025-05-05 00:03:22,827 - detect: expt-49 - INFO - model saved @/scratch/opsahoo.eee20.itbhu/Thesis/detect_results/expt-49| 2025-05-04 17:13/weights/epoch-120.pt
2025-05-05 00:05:07,688 - locate: expt-2 - INFO - epoch:19:: train_loss:0.8707404100657588 | train_f1_score: 0.6407246625505919
2025-05-05 00:06:40,517 - detect: expt-49 - INFO - epoch:121:: train_loss:0.5711029808851354 | train_f1_score: 0.7637971970250648
2025-05-05 00:10:02,274 - detect: expt-49 - INFO - epoch:122:: train_loss:0.41472680482041113 | train_f1_score: 0.8222763593126269
2025-05-05 00:13:21,310 - detect: expt-49 - INFO - epoch:123:: train_loss:0.40898451893891274 | train_f1_score: 0.8256847009146693
2025-05-05 00:16:46,140 - detect: expt-49 - INFO - epoch:124:: train_loss:0.4115296203793529 | train_f1_score: 0.8238062891471786
2025-05-05 00:20:01,307 - detect: expt-49 - INFO - epoch:125:: train_loss:0.4170767917008738 | train_f1_score: 0.8235954259770404
2025-05-05 00:20:24,323 - detect: expt-49 - INFO -              :: val_loss:0.2710671666149685 | val_f1_score:0.8829814064127263
2025-05-05 00:20:24,357 - detect: expt-49 - INFO - model saved @/scratch/opsahoo.eee20.itbhu/Thesis/detect_results/expt-49| 2025-05-04 17:13/weights/epoch-125.pt
2025-05-05 00:23:03,270 - locate: expt-2 - INFO - epoch:20:: train_loss:0.881711941109032 | train_f1_score: 0.6361727647465254
2025-05-05 00:23:46,055 - detect: expt-49 - INFO - epoch:126:: train_loss:0.437431603584554 | train_f1_score: 0.8164725666664733
2025-05-05 00:25:15,808 - locate: expt-2 - INFO -              :: val_loss:0.8770890064224437 | val_f1_score:0.6568775756333628
2025-05-05 00:25:16,613 - locate: expt-2 - INFO - model saved @/scratch/opsahoo.eee20.itbhu/Thesis/locate_results/expt-2| 2025-05-04 17:39/weights/epoch-20.pt
2025-05-05 00:27:03,490 - detect: expt-49 - INFO - epoch:127:: train_loss:0.4073511686906663 | train_f1_score: 0.8298607337399885
2025-05-05 00:30:15,541 - detect: expt-49 - INFO - epoch:128:: train_loss:0.4577758725553999 | train_f1_score: 0.8065123163158747
2025-05-05 00:33:36,719 - detect: expt-49 - INFO - epoch:129:: train_loss:0.41247479900120115 | train_f1_score: 0.8225687452276292
2025-05-05 00:37:01,208 - detect: expt-49 - INFO - epoch:130:: train_loss:0.42213306934163636 | train_f1_score: 0.819859345804257
2025-05-05 00:37:22,629 - detect: expt-49 - INFO -              :: val_loss:0.27193291334198894 | val_f1_score:0.8837739050088251
2025-05-05 00:37:22,712 - detect: expt-49 - INFO - model saved @/scratch/opsahoo.eee20.itbhu/Thesis/detect_results/expt-49| 2025-05-04 17:13/weights/epoch-130.pt
2025-05-05 00:40:46,030 - detect: expt-49 - INFO - epoch:131:: train_loss:0.4206514266752662 | train_f1_score: 0.8287409128374482
2025-05-05 00:43:11,758 - locate: expt-2 - INFO - epoch:21:: train_loss:0.8709003143784825 | train_f1_score: 0.6403951393098103
2025-05-05 00:44:08,762 - detect: expt-49 - INFO - epoch:132:: train_loss:0.44877016463683483 | train_f1_score: 0.8116218937766825
2025-05-05 00:47:29,210 - detect: expt-49 - INFO - epoch:133:: train_loss:0.44761349439855586 | train_f1_score: 0.8114838379910142
2025-05-05 00:50:50,023 - detect: expt-49 - INFO - epoch:134:: train_loss:0.44923916871899033 | train_f1_score: 0.8074622032611758
2025-05-05 00:54:09,381 - detect: expt-49 - INFO - epoch:135:: train_loss:0.48667433630689866 | train_f1_score: 0.7852974918013643
2025-05-05 00:54:31,854 - detect: expt-49 - INFO -              :: val_loss:0.3575787604584528 | val_f1_score:0.8242072561274976
2025-05-05 00:54:31,938 - detect: expt-49 - INFO - model saved @/scratch/opsahoo.eee20.itbhu/Thesis/detect_results/expt-49| 2025-05-04 17:13/weights/epoch-135.pt
2025-05-05 00:57:57,044 - detect: expt-49 - INFO - epoch:136:: train_loss:0.43434844005571016 | train_f1_score: 0.8158743902872682
2025-05-05 01:01:16,537 - detect: expt-49 - INFO - epoch:137:: train_loss:0.43450133647532274 | train_f1_score: 0.8199607909717227
2025-05-05 01:01:47,710 - locate: expt-2 - INFO - epoch:22:: train_loss:0.8681932592236878 | train_f1_score: 0.6410592729462308
2025-05-05 01:04:30,807 - detect: expt-49 - INFO - epoch:138:: train_loss:0.42240919762376344 | train_f1_score: 0.8257831709485401
2025-05-05 01:07:44,263 - detect: expt-49 - INFO - epoch:139:: train_loss:0.4156075125591072 | train_f1_score: 0.8267387000498262
2025-05-05 01:11:14,560 - detect: expt-49 - INFO - epoch:140:: train_loss:0.4586044850753221 | train_f1_score: 0.8128549370150556
2025-05-05 01:11:37,525 - detect: expt-49 - INFO -              :: val_loss:0.30068328901671393 | val_f1_score:0.8530908364732045
2025-05-05 01:11:37,557 - detect: expt-49 - INFO - model saved @/scratch/opsahoo.eee20.itbhu/Thesis/detect_results/expt-49| 2025-05-04 17:13/weights/epoch-140.pt
2025-05-05 01:15:01,983 - detect: expt-49 - INFO - epoch:141:: train_loss:0.4093672798190588 | train_f1_score: 0.8317317713223682
2025-05-05 01:18:18,071 - detect: expt-49 - INFO - epoch:142:: train_loss:0.41933623707105755 | train_f1_score: 0.823924507809658
2025-05-05 01:20:26,606 - locate: expt-2 - INFO - epoch:23:: train_loss:0.9029390648945881 | train_f1_score: 0.6282046050276228
2025-05-05 01:21:40,388 - detect: expt-49 - INFO - epoch:143:: train_loss:0.4088907284866199 | train_f1_score: 0.8277455088801655
2025-05-05 01:25:02,963 - detect: expt-49 - INFO - epoch:144:: train_loss:0.44253023789896107 | train_f1_score: 0.8131962209772655
2025-05-05 01:28:26,603 - detect: expt-49 - INFO - epoch:145:: train_loss:0.42188625090726445 | train_f1_score: 0.8182408056817485
2025-05-05 01:28:48,769 - detect: expt-49 - INFO -              :: val_loss:0.23418428201316063 | val_f1_score:0.9051142128447962
2025-05-05 01:28:48,806 - detect: expt-49 - INFO - model saved @/scratch/opsahoo.eee20.itbhu/Thesis/detect_results/expt-49| 2025-05-04 17:13/weights/epoch-145.pt
2025-05-05 01:32:12,650 - detect: expt-49 - INFO - epoch:146:: train_loss:0.4050246218540424 | train_f1_score: 0.8274080196315902
2025-05-05 01:35:43,308 - detect: expt-49 - INFO - epoch:147:: train_loss:0.41010702645629854 | train_f1_score: 0.8285645421235746
2025-05-05 01:37:55,883 - locate: expt-2 - INFO - epoch:24:: train_loss:0.932138745352294 | train_f1_score: 0.6154361715548197
2025-05-05 01:39:11,811 - detect: expt-49 - INFO - epoch:148:: train_loss:0.4182286361667169 | train_f1_score: 0.8196093512319601
2025-05-05 01:42:35,508 - detect: expt-49 - INFO - epoch:149:: train_loss:0.45127455751147494 | train_f1_score: 0.8111201860507944
2025-05-05 01:45:56,664 - detect: expt-49 - INFO - epoch:150:: train_loss:0.49996432132145013 | train_f1_score: 0.7857313231492432
2025-05-05 01:46:22,131 - detect: expt-49 - INFO -              :: val_loss:0.2947733000024566 | val_f1_score:0.8730954165581366
2025-05-05 01:46:22,392 - detect: expt-49 - INFO - model saved @/scratch/opsahoo.eee20.itbhu/Thesis/detect_results/expt-49| 2025-05-04 17:13/weights/epoch-150.pt
2025-05-05 01:46:22,817 - detect: expt-49 - INFO - -------------------------- Training Complete. --------------------------
2025-05-05 01:46:22,818 - detect: expt-49 - INFO - Done: 8.0Hr 32.849000000000046 Mins.
2025-05-05 01:46:22,818 - detect: expt-49 - INFO - 
2025-05-05 01:55:22,122 - locate: expt-2 - INFO - epoch:25:: train_loss:0.9015974146538135 | train_f1_score: 0.6251715609233247
2025-05-05 01:57:33,007 - locate: expt-2 - INFO -              :: val_loss:0.9389136000557423 | val_f1_score:0.5998938342034257
2025-05-05 01:57:33,347 - locate: expt-2 - INFO - model saved @/scratch/opsahoo.eee20.itbhu/Thesis/locate_results/expt-2| 2025-05-04 17:39/weights/epoch-25.pt
2025-05-05 02:15:57,985 - locate: expt-2 - INFO - epoch:26:: train_loss:0.9207301740266248 | train_f1_score: 0.6205619031281076
2025-05-05 02:34:46,284 - locate: expt-2 - INFO - epoch:27:: train_loss:0.915375903527474 | train_f1_score: 0.6190024099438264
2025-05-05 02:52:38,513 - locate: expt-2 - INFO - epoch:28:: train_loss:0.9384567651548112 | train_f1_score: 0.6150149750418378
2025-05-05 03:09:52,916 - locate: expt-2 - INFO - epoch:29:: train_loss:0.933203305064737 | train_f1_score: 0.617384661733725
2025-05-05 03:26:59,200 - locate: expt-2 - INFO - epoch:30:: train_loss:0.8952389823880705 | train_f1_score: 0.6296679152876498
2025-05-05 03:29:08,358 - locate: expt-2 - INFO -              :: val_loss:0.9960783316209164 | val_f1_score:0.6050387375959156
2025-05-05 03:29:08,709 - locate: expt-2 - INFO - model saved @/scratch/opsahoo.eee20.itbhu/Thesis/locate_results/expt-2| 2025-05-04 17:39/weights/epoch-30.pt
2025-05-05 03:46:57,541 - locate: expt-2 - INFO - epoch:31:: train_loss:0.9062757001874934 | train_f1_score: 0.6292651471979939
2025-05-05 04:05:29,517 - locate: expt-2 - INFO - epoch:32:: train_loss:0.8921947694163158 | train_f1_score: 0.6333071469884067
2025-05-05 04:23:55,132 - locate: expt-2 - INFO - epoch:33:: train_loss:0.8921632169937869 | train_f1_score: 0.6319049822883481
2025-05-05 04:41:39,073 - locate: expt-2 - INFO - epoch:34:: train_loss:0.8991681751975915 | train_f1_score: 0.6305408911218652
2025-05-05 04:59:37,190 - locate: expt-2 - INFO - epoch:35:: train_loss:0.8886215110777641 | train_f1_score: 0.6333567852959705
2025-05-05 05:01:45,688 - locate: expt-2 - INFO -              :: val_loss:1.2167252981433072 | val_f1_score:0.6020600069915677
2025-05-05 05:01:45,988 - locate: expt-2 - INFO - model saved @/scratch/opsahoo.eee20.itbhu/Thesis/locate_results/expt-2| 2025-05-04 17:39/weights/epoch-35.pt
2025-05-05 05:20:21,341 - locate: expt-2 - INFO - epoch:36:: train_loss:0.9155057921227031 | train_f1_score: 0.6271488542405019
2025-05-05 05:38:59,594 - locate: expt-2 - INFO - epoch:37:: train_loss:0.8770059088212284 | train_f1_score: 0.6391973727424488
2025-05-05 05:56:59,921 - locate: expt-2 - INFO - epoch:38:: train_loss:0.9212298478170088 | train_f1_score: 0.6263738962837038
2025-05-05 06:14:09,956 - locate: expt-2 - INFO - epoch:39:: train_loss:0.8968481621819423 | train_f1_score: 0.6341396679819357
2025-05-05 06:31:22,433 - locate: expt-2 - INFO - epoch:40:: train_loss:0.8860509488487001 | train_f1_score: 0.6373476260411554
2025-05-05 06:33:48,049 - locate: expt-2 - INFO -              :: val_loss:1.027288705598694 | val_f1_score:0.5958325138998263
2025-05-05 06:33:48,228 - locate: expt-2 - INFO - model saved @/scratch/opsahoo.eee20.itbhu/Thesis/locate_results/expt-2| 2025-05-04 17:39/weights/epoch-40.pt
2025-05-05 06:51:12,622 - locate: expt-2 - INFO - epoch:41:: train_loss:0.871765625903171 | train_f1_score: 0.6448242075332473
2025-05-05 07:09:41,397 - locate: expt-2 - INFO - epoch:42:: train_loss:0.8654574570474239 | train_f1_score: 0.644987240944943
2025-05-05 07:28:16,195 - locate: expt-2 - INFO - epoch:43:: train_loss:0.9480286545324285 | train_f1_score: 0.6199848767233452
2025-05-05 07:45:36,994 - locate: expt-2 - INFO - epoch:44:: train_loss:0.8874440288500756 | train_f1_score: 0.6429961594685305
2025-05-05 08:03:05,732 - locate: expt-2 - INFO - epoch:45:: train_loss:0.8599379445972449 | train_f1_score: 0.6496368076787792
2025-05-05 08:05:22,928 - locate: expt-2 - INFO -              :: val_loss:1.0394104883549613 | val_f1_score:0.621393412932037
2025-05-05 08:05:23,093 - locate: expt-2 - INFO - model saved @/scratch/opsahoo.eee20.itbhu/Thesis/locate_results/expt-2| 2025-05-04 17:39/weights/epoch-45.pt
2025-05-05 08:23:19,438 - locate: expt-2 - INFO - epoch:46:: train_loss:0.855672012144917 | train_f1_score: 0.6505247457947265
2025-05-05 08:41:20,262 - locate: expt-2 - INFO - epoch:47:: train_loss:0.8446826609861527 | train_f1_score: 0.6547587555346596
2025-05-05 09:00:14,992 - locate: expt-2 - INFO - epoch:48:: train_loss:0.8409653341637113 | train_f1_score: 0.6561815730199543
2025-05-05 09:17:31,053 - locate: expt-2 - INFO - epoch:49:: train_loss:0.8471804917578587 | train_f1_score: 0.6547144555013475
2025-05-05 09:35:05,674 - locate: expt-2 - INFO - epoch:50:: train_loss:0.8709010164282611 | train_f1_score: 0.6453909014702415
2025-05-05 09:37:14,458 - locate: expt-2 - INFO -              :: val_loss:1.0289766253181971 | val_f1_score:0.6045021191581339
2025-05-05 09:37:15,171 - locate: expt-2 - INFO - model saved @/scratch/opsahoo.eee20.itbhu/Thesis/locate_results/expt-2| 2025-05-04 17:39/weights/epoch-50.pt
2025-05-05 09:55:17,277 - locate: expt-2 - INFO - epoch:51:: train_loss:0.8394084003986715 | train_f1_score: 0.6544144668621334
2025-05-05 10:14:36,381 - locate: expt-2 - INFO - epoch:52:: train_loss:0.832154325369625 | train_f1_score: 0.658301024265084
2025-05-05 10:33:36,131 - locate: expt-2 - INFO - epoch:53:: train_loss:0.8333859335265953 | train_f1_score: 0.6561453364443578
2025-05-05 10:51:50,341 - locate: expt-2 - INFO - epoch:54:: train_loss:0.8336989008759866 | train_f1_score: 0.6575699916696557
2025-05-05 11:11:41,682 - locate: expt-2 - INFO - epoch:55:: train_loss:0.8256517328821539 | train_f1_score: 0.6587005332111043
2025-05-05 11:16:25,832 - locate: expt-2 - INFO -              :: val_loss:1.1035324267118831 | val_f1_score:0.6005388097865657
2025-05-05 11:16:26,428 - locate: expt-2 - INFO - model saved @/scratch/opsahoo.eee20.itbhu/Thesis/locate_results/expt-2| 2025-05-04 17:39/weights/epoch-55.pt
2025-05-05 11:35:24,182 - locate: expt-2 - INFO - epoch:56:: train_loss:0.8255824275191219 | train_f1_score: 0.6603091005029521
2025-05-05 11:54:13,285 - locate: expt-2 - INFO - epoch:57:: train_loss:0.8311390075073852 | train_f1_score: 0.6557550059727663
2025-05-05 12:12:01,845 - locate: expt-3 - INFO - 
2025-05-05 12:12:01,855 - locate: expt-3 - INFO - ++++++++++++++++++++++++++++++++++++++++++++++++++++++++++++++++++++++++
2025-05-05 12:12:01,855 - locate: expt-3 - INFO - ++++++++++++++++++++++++++ Experiment: 3 ++++++++++++++++++++++++++
2025-05-05 12:12:01,855 - locate: expt-3 - INFO - Description: Locate Fault: Training model from scratch.
2025-05-05 12:12:01,856 - locate: expt-3 - INFO - 
2025-05-05 12:12:01,856 - locate: expt-3 - INFO - Dataset info.
2025-05-05 12:12:01,856 - locate: expt-3 - INFO - > Data names: ['microgrid_fault_dataset_rms', 'All_DER_outage_grid_fault_CSV', 'All_DER_outage_islanded_fault_CSV']
2025-05-05 12:12:01,856 - locate: expt-3 - INFO - > Case range: [1, 3000]
2025-05-05 12:12:01,856 - locate: expt-3 - INFO - 
2025-05-05 12:12:01,856 - locate: expt-3 - INFO - Loading model.
2025-05-05 12:12:02,237 - locate: expt-3 - INFO - > No. of parameters: 51949
2025-05-05 12:12:02,238 - locate: expt-3 - INFO - 
2025-05-05 12:12:02,238 - locate: expt-3 - INFO - Using device: cuda
2025-05-05 12:12:02,786 - locate: expt-3 - INFO - > GPU: Tesla V100-PCIE-16GB
2025-05-05 12:13:33,337 - locate: expt-2 - INFO - epoch:58:: train_loss:0.8227123495914471 | train_f1_score: 0.6593219117950871
2025-05-05 12:16:29,683 - locate: expt-3 - INFO - Dataset Size: 70200
2025-05-05 12:16:30,807 - locate: expt-3 - INFO - 
2025-05-05 12:16:30,807 - locate: expt-3 - INFO - ========== Starting model training. ==========
2025-05-05 12:30:03,896 - locate: expt-2 - INFO - epoch:59:: train_loss:0.8219383779947751 | train_f1_score: 0.6624859180271593
2025-05-05 12:33:56,957 - locate: expt-3 - INFO - epoch:1:: train_loss:1.8251414356915046 | train_f1_score: 0.10728908196870166
2025-05-05 12:45:52,043 - locate: expt-2 - INFO - epoch:60:: train_loss:0.8243661314546039 | train_f1_score: 0.6589106769725942
2025-05-05 12:48:13,656 - locate: expt-2 - INFO -              :: val_loss:1.1430467897869523 | val_f1_score:0.6054703673733505
2025-05-05 12:48:13,920 - locate: expt-2 - INFO - model saved @/scratch/opsahoo.eee20.itbhu/Thesis/locate_results/expt-2| 2025-05-04 17:39/weights/epoch-60.pt
2025-05-05 12:50:08,518 - locate: expt-3 - INFO - epoch:2:: train_loss:1.7681763157892443 | train_f1_score: 0.13480996220692024
2025-05-05 13:03:57,868 - locate: expt-2 - INFO - epoch:61:: train_loss:0.8567695921414376 | train_f1_score: 0.6500855275598809
2025-05-05 13:06:25,958 - locate: expt-3 - INFO - epoch:3:: train_loss:1.5808780150006083 | train_f1_score: 0.2647337033421173
2025-05-05 13:19:40,944 - locate: expt-2 - INFO - epoch:62:: train_loss:0.8246992285653572 | train_f1_score: 0.6595288223211998
2025-05-05 13:22:47,765 - locate: expt-3 - INFO - epoch:4:: train_loss:1.4766061041658305 | train_f1_score: 0.29849772288787285
2025-05-05 13:35:16,791 - locate: expt-2 - INFO - epoch:63:: train_loss:0.8210521892001947 | train_f1_score: 0.6612092984790053
2025-05-05 13:38:50,944 - locate: expt-3 - INFO - epoch:5:: train_loss:1.4447326863404373 | train_f1_score: 0.2995337776207011
2025-05-05 13:41:16,585 - locate: expt-3 - INFO -              :: val_loss:1.424154138841265 | val_f1_score:0.2828505748055017
2025-05-05 13:41:16,882 - locate: expt-3 - INFO - model saved @/scratch/opsahoo.eee20.itbhu/Thesis/locate_results/expt-3| 2025-05-05 12:12/weights/epoch-5.pt
2025-05-05 13:50:57,570 - locate: expt-2 - INFO - epoch:64:: train_loss:0.8923148514213863 | train_f1_score: 0.6407183049477579
2025-05-05 13:59:14,452 - locate: expt-3 - INFO - epoch:6:: train_loss:1.4294575477604097 | train_f1_score: 0.2647446521018574
2025-05-05 14:07:04,633 - locate: expt-2 - INFO - epoch:65:: train_loss:0.906773037733054 | train_f1_score: 0.6320211733954127
2025-05-05 14:09:28,596 - locate: expt-2 - INFO -              :: val_loss:1.6900470857023184 | val_f1_score:0.4722836221672284
2025-05-05 14:09:28,626 - locate: expt-2 - INFO - model saved @/scratch/opsahoo.eee20.itbhu/Thesis/locate_results/expt-2| 2025-05-04 17:39/weights/epoch-65.pt
2025-05-05 14:15:21,424 - locate: expt-3 - INFO - epoch:7:: train_loss:1.4164715421826424 | train_f1_score: 0.27571414431723074
2025-05-05 14:24:43,754 - locate: expt-2 - INFO - epoch:66:: train_loss:0.8968899260536999 | train_f1_score: 0.6372272329472337
2025-05-05 14:31:20,801 - locate: expt-3 - INFO - epoch:8:: train_loss:1.4038010046139842 | train_f1_score: 0.32490374249218695
2025-05-05 14:39:59,027 - locate: expt-2 - INFO - epoch:67:: train_loss:0.892993189901992 | train_f1_score: 0.6400154830892603
2025-05-05 14:47:22,384 - locate: expt-3 - INFO - epoch:9:: train_loss:1.3912199410026178 | train_f1_score: 0.3216006290256827
2025-05-05 14:55:15,177 - locate: expt-2 - INFO - epoch:68:: train_loss:0.8668129408509668 | train_f1_score: 0.6520949687754433
2025-05-05 15:03:05,742 - locate: expt-3 - INFO - epoch:10:: train_loss:1.3658956990061515 | train_f1_score: 0.33211225683397977
2025-05-05 15:05:35,024 - locate: expt-3 - INFO -              :: val_loss:1.6046969773622073 | val_f1_score:0.31097057131153777
2025-05-05 15:05:35,300 - locate: expt-3 - INFO - model saved @/scratch/opsahoo.eee20.itbhu/Thesis/locate_results/expt-3| 2025-05-05 12:12/weights/epoch-10.pt
2025-05-05 15:10:56,343 - locate: expt-2 - INFO - epoch:69:: train_loss:0.895673395917149 | train_f1_score: 0.6373188876874131
2025-05-05 15:22:14,304 - locate: expt-3 - INFO - epoch:11:: train_loss:1.3226434547279349 | train_f1_score: 0.3661036388997871
2025-05-05 15:26:43,787 - locate: expt-2 - INFO - epoch:70:: train_loss:0.8798522254430967 | train_f1_score: 0.6457378217942437
2025-05-05 15:29:16,646 - locate: expt-2 - INFO -              :: val_loss:1.0564102804764575 | val_f1_score:0.6005213143381929
2025-05-05 15:29:16,682 - locate: expt-2 - INFO - model saved @/scratch/opsahoo.eee20.itbhu/Thesis/locate_results/expt-2| 2025-05-04 17:39/weights/epoch-70.pt
2025-05-05 15:38:17,432 - locate: expt-3 - INFO - epoch:12:: train_loss:1.2866329784184847 | train_f1_score: 0.4008891374071242
2025-05-05 15:44:40,980 - locate: expt-2 - INFO - epoch:71:: train_loss:0.8745886061092938 | train_f1_score: 0.644683080366231
2025-05-05 15:54:24,643 - locate: expt-3 - INFO - epoch:13:: train_loss:1.2598758980104758 | train_f1_score: 0.419854638689891
2025-05-05 15:59:58,255 - locate: expt-2 - INFO - epoch:72:: train_loss:0.8782861982309113 | train_f1_score: 0.6459833856321109
2025-05-05 16:10:51,041 - locate: expt-3 - INFO - epoch:14:: train_loss:1.229805487238275 | train_f1_score: 0.4423500663662103
2025-05-05 16:15:20,120 - locate: expt-2 - INFO - epoch:73:: train_loss:0.8740534081810424 | train_f1_score: 0.6472012214563668
2025-05-05 16:27:09,826 - locate: expt-3 - INFO - epoch:15:: train_loss:1.201965153664477 | train_f1_score: 0.4571484368770675
2025-05-05 16:29:26,414 - locate: expt-3 - INFO -              :: val_loss:1.2127092172529046 | val_f1_score:0.4744997304706959
2025-05-05 16:29:26,645 - locate: expt-3 - INFO - model saved @/scratch/opsahoo.eee20.itbhu/Thesis/locate_results/expt-3| 2025-05-05 12:12/weights/epoch-15.pt
2025-05-05 16:30:52,603 - locate: expt-2 - INFO - epoch:74:: train_loss:0.8382381690724202 | train_f1_score: 0.6639305105839173
2025-05-05 16:46:49,214 - locate: expt-2 - INFO - epoch:75:: train_loss:0.9030185057936863 | train_f1_score: 0.6301441512611049
2025-05-05 16:47:32,513 - locate: expt-3 - INFO - epoch:16:: train_loss:1.1961965279860385 | train_f1_score: 0.46733760446494804
2025-05-05 16:49:06,923 - locate: expt-2 - INFO -              :: val_loss:1.0272606099324186 | val_f1_score:0.6031358271248527
2025-05-05 16:49:06,999 - locate: expt-2 - INFO - model saved @/scratch/opsahoo.eee20.itbhu/Thesis/locate_results/expt-2| 2025-05-04 17:39/weights/epoch-75.pt
2025-05-05 17:05:01,450 - locate: expt-2 - INFO - epoch:76:: train_loss:0.8660179959362937 | train_f1_score: 0.6413578689519827
2025-05-05 17:05:36,076 - locate: expt-3 - INFO - epoch:17:: train_loss:1.2355440619022198 | train_f1_score: 0.442788720175931
2025-05-05 17:20:54,648 - locate: expt-2 - INFO - epoch:77:: train_loss:0.8537528108356461 | train_f1_score: 0.6492556046075196
2025-05-05 17:21:43,878 - locate: expt-3 - INFO - epoch:18:: train_loss:1.2011473235847296 | train_f1_score: 0.4494122544424475
2025-05-05 17:36:39,940 - locate: expt-2 - INFO - epoch:78:: train_loss:0.8929801261384681 | train_f1_score: 0.6397289021585548
2025-05-05 17:37:57,496 - locate: expt-3 - INFO - epoch:19:: train_loss:1.168065595214375 | train_f1_score: 0.46905056999055966
2025-05-05 17:52:32,360 - locate: expt-2 - INFO - epoch:79:: train_loss:0.9184428935100385 | train_f1_score: 0.6338779577440103
2025-05-05 17:53:58,503 - locate: expt-3 - INFO - epoch:20:: train_loss:1.1472653908126378 | train_f1_score: 0.48034923068343405
2025-05-05 17:56:16,208 - locate: expt-3 - INFO -              :: val_loss:1.0461304555206716 | val_f1_score:0.5470860342228667
2025-05-05 17:56:16,375 - locate: expt-3 - INFO - model saved @/scratch/opsahoo.eee20.itbhu/Thesis/locate_results/expt-3| 2025-05-05 12:12/weights/epoch-20.pt
2025-05-05 18:08:21,558 - locate: expt-2 - INFO - epoch:80:: train_loss:0.8859264621950655 | train_f1_score: 0.6406252958860512
2025-05-05 18:10:39,785 - locate: expt-2 - INFO -              :: val_loss:1.4079710911853518 | val_f1_score:0.5384371057184592
2025-05-05 18:10:39,836 - locate: expt-2 - INFO - model saved @/scratch/opsahoo.eee20.itbhu/Thesis/locate_results/expt-2| 2025-05-04 17:39/weights/epoch-80.pt
2025-05-05 18:12:22,748 - locate: expt-3 - INFO - epoch:21:: train_loss:1.1310993145712123 | train_f1_score: 0.49097630515886365
2025-05-05 18:26:16,158 - locate: expt-2 - INFO - epoch:81:: train_loss:0.872963820389765 | train_f1_score: 0.6482780471649195
2025-05-05 18:28:38,248 - locate: expt-3 - INFO - epoch:22:: train_loss:1.1142272247099918 | train_f1_score: 0.5033144158263135
2025-05-05 18:41:56,970 - locate: expt-2 - INFO - epoch:82:: train_loss:0.8677824004712198 | train_f1_score: 0.6479765864563585
2025-05-05 18:44:40,692 - locate: expt-3 - INFO - epoch:23:: train_loss:1.1044330424309972 | train_f1_score: 0.5092879207887526
2025-05-05 18:57:41,007 - locate: expt-2 - INFO - epoch:83:: train_loss:0.8719496049159942 | train_f1_score: 0.6498382705017417
2025-05-05 19:00:39,183 - locate: expt-3 - INFO - epoch:24:: train_loss:1.091380166978383 | train_f1_score: 0.525043166881934
2025-05-05 19:13:39,171 - locate: expt-2 - INFO - epoch:84:: train_loss:0.8817995148151085 | train_f1_score: 0.6437433916478648
2025-05-05 19:16:35,015 - locate: expt-3 - INFO - epoch:25:: train_loss:1.0665865616535561 | train_f1_score: 0.5442965641785784
2025-05-05 19:18:51,121 - locate: expt-3 - INFO -              :: val_loss:0.9686935287664854 | val_f1_score:0.6180454430448156
2025-05-05 19:18:51,197 - locate: expt-3 - INFO - model saved @/scratch/opsahoo.eee20.itbhu/Thesis/locate_results/expt-3| 2025-05-05 12:12/weights/epoch-25.pt
2025-05-05 19:29:18,177 - locate: expt-2 - INFO - epoch:85:: train_loss:0.8698495638517537 | train_f1_score: 0.6477294157676923
2025-05-05 19:31:32,017 - locate: expt-2 - INFO -              :: val_loss:0.9624332654689575 | val_f1_score:0.6377123432403816
2025-05-05 19:31:32,057 - locate: expt-2 - INFO - model saved @/scratch/opsahoo.eee20.itbhu/Thesis/locate_results/expt-2| 2025-05-04 17:39/weights/epoch-85.pt
2025-05-05 19:34:49,445 - locate: expt-3 - INFO - epoch:26:: train_loss:1.0427013022094536 | train_f1_score: 0.561162770148167
2025-05-05 19:37:52,670 - detect: expt-50 - INFO - 
2025-05-05 19:37:52,696 - detect: expt-50 - INFO - ++++++++++++++++++++++++++++++++++++++++++++++++++++++++++++++++++++++++
2025-05-05 19:37:52,696 - detect: expt-50 - INFO - ++++++++++++++++++++++++++ Experiment: 50 ++++++++++++++++++++++++++
2025-05-05 19:37:52,696 - detect: expt-50 - INFO - Description: Locate Fault: Training model from scratch.
2025-05-05 19:37:52,697 - detect: expt-50 - INFO - 
2025-05-05 19:37:52,697 - detect: expt-50 - INFO - Dataset info.
2025-05-05 19:37:52,697 - detect: expt-50 - INFO - > Data names: ['microgrid_fault_dataset_rms', 'All_DER_outage_grid_fault_CSV', 'All_DER_outage_islanded_fault_CSV']
2025-05-05 19:37:52,697 - detect: expt-50 - INFO - > Case range: [1, 3000]
2025-05-05 19:37:52,697 - detect: expt-50 - INFO - 
2025-05-05 19:37:52,697 - detect: expt-50 - INFO - Loading model.
2025-05-05 19:37:53,112 - detect: expt-50 - INFO - > No. of parameters: 31579
2025-05-05 19:37:53,112 - detect: expt-50 - INFO - 
2025-05-05 19:37:53,112 - detect: expt-50 - INFO - Using device: cuda
2025-05-05 19:37:53,336 - detect: expt-50 - INFO - > GPU: Tesla V100-PCIE-16GB
2025-05-05 19:55:44,505 - detect: expt-51 - INFO - 
2025-05-05 19:55:44,518 - detect: expt-51 - INFO - ++++++++++++++++++++++++++++++++++++++++++++++++++++++++++++++++++++++++
2025-05-05 19:55:44,518 - detect: expt-51 - INFO - ++++++++++++++++++++++++++ Experiment: 51 ++++++++++++++++++++++++++
2025-05-05 19:55:44,518 - detect: expt-51 - INFO - Description: Locate Fault: Training model from scratch.
2025-05-05 19:55:44,518 - detect: expt-51 - INFO - 
2025-05-05 19:55:44,519 - detect: expt-51 - INFO - Dataset info.
2025-05-05 19:55:44,519 - detect: expt-51 - INFO - > Data names: ['microgrid_fault_dataset_rms', 'All_DER_outage_grid_fault_CSV', 'All_DER_outage_islanded_fault_CSV']
2025-05-05 19:55:44,519 - detect: expt-51 - INFO - > Case range: [1, 3000]
2025-05-05 19:55:44,519 - detect: expt-51 - INFO - 
2025-05-05 19:55:44,519 - detect: expt-51 - INFO - Loading model.
2025-05-05 19:55:44,869 - detect: expt-51 - INFO - > No. of parameters: 38343
2025-05-05 19:55:44,869 - detect: expt-51 - INFO - 
2025-05-05 19:55:44,870 - detect: expt-51 - INFO - Using device: cuda
2025-05-05 19:55:45,056 - detect: expt-51 - INFO - > GPU: Tesla V100-PCIE-16GB
2025-05-05 19:56:17,267 - locate: expt-3 - INFO - epoch:27:: train_loss:1.0238639535627125 | train_f1_score: 0.5666731580905165
2025-05-05 19:59:28,405 - detect: expt-51 - INFO - Dataset Size: 70200
2025-05-05 19:59:29,520 - detect: expt-51 - INFO - 
2025-05-05 19:59:29,521 - detect: expt-51 - INFO - ========== Starting model training. ==========
2025-05-05 20:13:26,231 - locate: expt-3 - INFO - epoch:28:: train_loss:1.0172472826731092 | train_f1_score: 0.5687699790703924
2025-05-05 20:17:12,181 - detect: expt-51 - INFO - epoch:1:: train_loss:1.8328769056871796 | train_f1_score: 0.1623999256257667
2025-05-05 20:29:34,892 - locate: expt-3 - INFO - epoch:29:: train_loss:1.0015995944573655 | train_f1_score: 0.5784711722136517
2025-05-05 20:33:28,316 - detect: expt-51 - INFO - epoch:2:: train_loss:1.446906321119439 | train_f1_score: 0.3642688498323928
2025-05-05 20:45:54,249 - locate: expt-3 - INFO - epoch:30:: train_loss:0.9882785169112892 | train_f1_score: 0.5863018226146631
2025-05-05 20:48:14,436 - locate: expt-3 - INFO -              :: val_loss:0.8631726109945869 | val_f1_score:0.6614965153781371
2025-05-05 20:48:14,632 - locate: expt-3 - INFO - model saved @/scratch/opsahoo.eee20.itbhu/Thesis/locate_results/expt-3| 2025-05-05 12:12/weights/epoch-30.pt
2025-05-05 20:49:08,729 - detect: expt-51 - INFO - epoch:3:: train_loss:1.3401399112703722 | train_f1_score: 0.40925776100834826
2025-05-05 21:05:28,017 - detect: expt-51 - INFO - epoch:4:: train_loss:1.264230110211606 | train_f1_score: 0.4559718855076242
2025-05-05 21:05:56,606 - locate: expt-3 - INFO - epoch:31:: train_loss:0.9788769568687723 | train_f1_score: 0.5891560266552088
2025-05-05 21:21:47,964 - detect: expt-51 - INFO - epoch:5:: train_loss:1.2339443327596327 | train_f1_score: 0.4773187147524898
2025-05-05 21:22:18,127 - locate: expt-3 - INFO - epoch:32:: train_loss:0.9707482693152758 | train_f1_score: 0.5986391866307498
2025-05-05 21:24:11,065 - detect: expt-51 - INFO -              :: val_loss:1.118511228284002 | val_f1_score:0.5013666685283311
2025-05-05 21:24:11,347 - detect: expt-51 - INFO - model saved @/scratch/opsahoo.eee20.itbhu/Thesis/detect_results/expt-51| 2025-05-05 19:55/weights/epoch-5.pt
2025-05-05 21:38:34,066 - locate: expt-3 - INFO - epoch:33:: train_loss:0.9596566342720153 | train_f1_score: 0.6031234754931435
2025-05-05 21:40:39,763 - detect: expt-51 - INFO - epoch:6:: train_loss:1.2071518467105757 | train_f1_score: 0.4884624909271751
2025-05-05 21:54:32,240 - locate: expt-3 - INFO - epoch:34:: train_loss:0.9564108668997682 | train_f1_score: 0.6059076482256442
2025-05-05 21:56:36,978 - detect: expt-51 - INFO - epoch:7:: train_loss:1.1822930844956694 | train_f1_score: 0.4948491343287412
2025-05-05 22:10:34,765 - locate: expt-3 - INFO - epoch:35:: train_loss:0.9496271304416378 | train_f1_score: 0.6098663107493932
2025-05-05 22:12:21,999 - detect: expt-51 - INFO - epoch:8:: train_loss:1.1649128425915527 | train_f1_score: 0.5029605022552607
2025-05-05 22:12:56,541 - locate: expt-3 - INFO -              :: val_loss:0.7977308694674485 | val_f1_score:0.6855147851082003
2025-05-05 22:12:56,589 - locate: expt-3 - INFO - model saved @/scratch/opsahoo.eee20.itbhu/Thesis/locate_results/expt-3| 2025-05-05 12:12/weights/epoch-35.pt
2025-05-05 22:28:08,293 - detect: expt-51 - INFO - epoch:9:: train_loss:1.1469581621002571 | train_f1_score: 0.5122262614792875
2025-05-05 22:28:54,951 - locate: expt-3 - INFO - epoch:36:: train_loss:0.9437279757064173 | train_f1_score: 0.6101902742383059
2025-05-05 22:44:03,164 - detect: expt-51 - INFO - epoch:10:: train_loss:1.1255498840207412 | train_f1_score: 0.5181257785326843
2025-05-05 22:45:05,164 - locate: expt-3 - INFO - epoch:37:: train_loss:0.936095711555044 | train_f1_score: 0.6139892778438051
2025-05-05 22:46:18,428 - detect: expt-51 - INFO -              :: val_loss:0.9812328208414127 | val_f1_score:0.5438183737026239
2025-05-05 22:46:18,527 - detect: expt-51 - INFO - model saved @/scratch/opsahoo.eee20.itbhu/Thesis/detect_results/expt-51| 2025-05-05 19:55/weights/epoch-10.pt
2025-05-05 23:01:50,912 - locate: expt-3 - INFO - epoch:38:: train_loss:0.9279250188750349 | train_f1_score: 0.6204415963412454
2025-05-05 23:02:07,420 - detect: expt-51 - INFO - epoch:11:: train_loss:1.1137759547578203 | train_f1_score: 0.5233081243517729
2025-05-05 23:18:19,076 - detect: expt-51 - INFO - epoch:12:: train_loss:1.099203452206924 | train_f1_score: 0.5223104721760049
2025-05-05 23:20:10,230 - locate: expt-3 - INFO - epoch:39:: train_loss:0.9193494574622425 | train_f1_score: 0.6279133833296896
2025-05-05 23:34:16,147 - detect: expt-51 - INFO - epoch:13:: train_loss:1.0854810606189877 | train_f1_score: 0.5269513934921427
2025-05-05 23:36:31,013 - locate: expt-3 - INFO - epoch:40:: train_loss:0.9134672589971088 | train_f1_score: 0.6288144096222917
2025-05-05 23:38:53,163 - locate: expt-3 - INFO -              :: val_loss:0.7636452105749542 | val_f1_score:0.7071844548933592
2025-05-05 23:38:53,664 - locate: expt-3 - INFO - model saved @/scratch/opsahoo.eee20.itbhu/Thesis/locate_results/expt-3| 2025-05-05 12:12/weights/epoch-40.pt
2025-05-05 23:50:24,673 - detect: expt-51 - INFO - epoch:14:: train_loss:1.0724663499780913 | train_f1_score: 0.5258080438595103
2025-05-05 23:55:01,504 - locate: expt-3 - INFO - epoch:41:: train_loss:0.9061771257350439 | train_f1_score: 0.6351545233321513
2025-05-06 00:06:33,356 - detect: expt-51 - INFO - epoch:15:: train_loss:1.0580154588490096 | train_f1_score: 0.5378016224254384
2025-05-06 00:08:55,768 - detect: expt-51 - INFO -              :: val_loss:0.8998046114556895 | val_f1_score:0.589815816793904
2025-05-06 00:08:55,809 - detect: expt-51 - INFO - model saved @/scratch/opsahoo.eee20.itbhu/Thesis/detect_results/expt-51| 2025-05-05 19:55/weights/epoch-15.pt
2025-05-06 00:11:14,058 - locate: expt-3 - INFO - epoch:42:: train_loss:0.903537879860725 | train_f1_score: 0.6358800751266632
2025-05-06 00:25:14,249 - detect: expt-51 - INFO - epoch:16:: train_loss:1.0473877898173058 | train_f1_score: 0.5378762173028843
2025-05-06 00:27:38,630 - locate: expt-3 - INFO - epoch:43:: train_loss:0.9016904958168784 | train_f1_score: 0.6392390342932603
2025-05-06 00:41:24,439 - detect: expt-51 - INFO - epoch:17:: train_loss:1.0439139660308057 | train_f1_score: 0.5416207900463167
2025-05-06 00:44:06,704 - locate: expt-3 - INFO - epoch:44:: train_loss:0.8942440163951533 | train_f1_score: 0.6437212112034522
2025-05-06 00:57:44,420 - detect: expt-51 - INFO - epoch:18:: train_loss:1.033087981676411 | train_f1_score: 0.5495264613453792
2025-05-06 01:00:47,706 - locate: expt-3 - INFO - epoch:45:: train_loss:0.8914746125054008 | train_f1_score: 0.6428833577024463
2025-05-06 01:03:05,187 - locate: expt-3 - INFO -              :: val_loss:0.7416168583941438 | val_f1_score:0.7252230189916239
2025-05-06 01:03:05,220 - locate: expt-3 - INFO - model saved @/scratch/opsahoo.eee20.itbhu/Thesis/locate_results/expt-3| 2025-05-05 12:12/weights/epoch-45.pt
2025-05-06 01:13:40,926 - detect: expt-51 - INFO - epoch:19:: train_loss:1.0274198396186416 | train_f1_score: 0.5520918103050703
2025-05-06 01:19:14,989 - locate: expt-3 - INFO - epoch:46:: train_loss:0.8844385853227753 | train_f1_score: 0.6482480163736901
2025-05-06 01:29:46,542 - detect: expt-51 - INFO - epoch:20:: train_loss:1.025283771130708 | train_f1_score: 0.5541638537020137
2025-05-06 01:32:06,544 - detect: expt-51 - INFO -              :: val_loss:0.8845122821178815 | val_f1_score:0.6093890850869359
2025-05-06 01:32:06,575 - detect: expt-51 - INFO - model saved @/scratch/opsahoo.eee20.itbhu/Thesis/detect_results/expt-51| 2025-05-05 19:55/weights/epoch-20.pt
2025-05-06 01:35:23,950 - locate: expt-3 - INFO - epoch:47:: train_loss:0.8803204831222099 | train_f1_score: 0.6484625374190399
2025-05-06 01:48:10,948 - detect: expt-51 - INFO - epoch:21:: train_loss:1.0164618349260686 | train_f1_score: 0.557441662959842
2025-05-06 01:51:36,797 - locate: expt-3 - INFO - epoch:48:: train_loss:0.8731015946857289 | train_f1_score: 0.6550123634203485
2025-05-06 02:04:09,232 - detect: expt-51 - INFO - epoch:22:: train_loss:1.0098828845864127 | train_f1_score: 0.5615443940772425
2025-05-06 02:07:48,311 - locate: expt-3 - INFO - epoch:49:: train_loss:0.8672439773423386 | train_f1_score: 0.6579165194302058
2025-05-06 02:20:15,980 - detect: expt-51 - INFO - epoch:23:: train_loss:1.005547870434453 | train_f1_score: 0.5629616423550633
2025-05-06 02:24:11,774 - locate: expt-3 - INFO - epoch:50:: train_loss:0.8659848716687679 | train_f1_score: 0.6580325839525414
2025-05-06 02:26:37,832 - locate: expt-3 - INFO -              :: val_loss:0.7140074225132303 | val_f1_score:0.7254249076125379
2025-05-06 02:26:38,179 - locate: expt-3 - INFO - model saved @/scratch/opsahoo.eee20.itbhu/Thesis/locate_results/expt-3| 2025-05-05 12:12/weights/epoch-50.pt
2025-05-06 02:36:16,147 - detect: expt-51 - INFO - epoch:24:: train_loss:1.0012497017795041 | train_f1_score: 0.563616613767437
2025-05-06 02:43:19,175 - locate: expt-3 - INFO - epoch:51:: train_loss:0.8637642052029416 | train_f1_score: 0.6620638068069902
2025-05-06 02:52:49,907 - detect: expt-51 - INFO - epoch:25:: train_loss:1.0179392466097354 | train_f1_score: 0.5624133779853892
2025-05-06 02:55:00,783 - detect: expt-51 - INFO -              :: val_loss:0.9725254582498196 | val_f1_score:0.5983861457658957
2025-05-06 02:55:00,811 - detect: expt-51 - INFO - model saved @/scratch/opsahoo.eee20.itbhu/Thesis/detect_results/expt-51| 2025-05-05 19:55/weights/epoch-25.pt
2025-05-06 03:00:33,966 - locate: expt-3 - INFO - epoch:52:: train_loss:0.8597115005201618 | train_f1_score: 0.6615991826726185
2025-05-06 03:11:20,992 - detect: expt-51 - INFO - epoch:26:: train_loss:1.0091055089469363 | train_f1_score: 0.5681115012306915
2025-05-06 03:17:56,091 - locate: expt-3 - INFO - epoch:53:: train_loss:0.8632700434448468 | train_f1_score: 0.6627536508050103
2025-05-06 03:27:25,233 - detect: expt-51 - INFO - epoch:27:: train_loss:0.9901593583959407 | train_f1_score: 0.5751258881041348
2025-05-06 03:34:14,799 - locate: expt-3 - INFO - epoch:54:: train_loss:0.8546459985558607 | train_f1_score: 0.6664095538524016
2025-05-06 03:43:34,702 - detect: expt-51 - INFO - epoch:28:: train_loss:0.9864470037408116 | train_f1_score: 0.5761477602414126
2025-05-06 03:50:24,154 - locate: expt-3 - INFO - epoch:55:: train_loss:0.8495657769854721 | train_f1_score: 0.6668975481750454
2025-05-06 03:52:48,735 - locate: expt-3 - INFO -              :: val_loss:0.7070722423011816 | val_f1_score:0.7374471686451485
2025-05-06 03:52:48,780 - locate: expt-3 - INFO - model saved @/scratch/opsahoo.eee20.itbhu/Thesis/locate_results/expt-3| 2025-05-05 12:12/weights/epoch-55.pt
2025-05-06 03:59:47,514 - detect: expt-51 - INFO - epoch:29:: train_loss:0.9847857761424125 | train_f1_score: 0.579165093633274
2025-05-06 04:09:33,206 - locate: expt-3 - INFO - epoch:56:: train_loss:0.8464850295204488 | train_f1_score: 0.6657690066042744
2025-05-06 04:15:47,220 - detect: expt-51 - INFO - epoch:30:: train_loss:0.9782756140654965 | train_f1_score: 0.5823522535157657
2025-05-06 04:18:00,443 - detect: expt-51 - INFO -              :: val_loss:0.9481539189993874 | val_f1_score:0.6212384355283131
2025-05-06 04:18:00,615 - detect: expt-51 - INFO - model saved @/scratch/opsahoo.eee20.itbhu/Thesis/detect_results/expt-51| 2025-05-05 19:55/weights/epoch-30.pt
2025-05-06 04:25:26,423 - locate: expt-3 - INFO - epoch:57:: train_loss:0.8447388081879404 | train_f1_score: 0.6685523267009307
2025-05-06 04:33:55,272 - detect: expt-51 - INFO - epoch:31:: train_loss:0.9764053918231853 | train_f1_score: 0.5846211272841585
2025-05-06 04:41:48,664 - locate: expt-3 - INFO - epoch:58:: train_loss:0.8374538449078395 | train_f1_score: 0.6719905506799707
2025-05-06 04:49:59,165 - detect: expt-51 - INFO - epoch:32:: train_loss:0.9744533199340679 | train_f1_score: 0.5858912643809955
2025-05-06 04:57:59,447 - locate: expt-3 - INFO - epoch:59:: train_loss:0.8378185154489394 | train_f1_score: 0.6719112938855633
2025-05-06 05:05:52,413 - detect: expt-51 - INFO - epoch:33:: train_loss:0.96928594278478 | train_f1_score: 0.5840065382491283
2025-05-06 05:14:16,671 - locate: expt-3 - INFO - epoch:60:: train_loss:0.8362470696068066 | train_f1_score: 0.6730932331041103
2025-05-06 05:16:40,488 - locate: expt-3 - INFO -              :: val_loss:0.7143208069851537 | val_f1_score:0.7321087117507227
2025-05-06 05:16:40,654 - locate: expt-3 - INFO - model saved @/scratch/opsahoo.eee20.itbhu/Thesis/locate_results/expt-3| 2025-05-05 12:12/weights/epoch-60.pt
2025-05-06 05:21:41,494 - detect: expt-51 - INFO - epoch:34:: train_loss:0.9684715234850336 | train_f1_score: 0.5865008207215231
2025-05-06 05:33:33,920 - locate: expt-3 - INFO - epoch:61:: train_loss:0.8337436523659222 | train_f1_score: 0.6736529080586577
2025-05-06 05:37:41,945 - detect: expt-51 - INFO - epoch:35:: train_loss:0.9637534144464613 | train_f1_score: 0.5893271942274027
2025-05-06 05:40:03,827 - detect: expt-51 - INFO -              :: val_loss:0.9106226964165386 | val_f1_score:0.632677429078527
2025-05-06 05:40:03,866 - detect: expt-51 - INFO - model saved @/scratch/opsahoo.eee20.itbhu/Thesis/detect_results/expt-51| 2025-05-05 19:55/weights/epoch-35.pt
2025-05-06 05:49:37,325 - locate: expt-3 - INFO - epoch:62:: train_loss:0.833204100646502 | train_f1_score: 0.6753668027764514
2025-05-06 05:55:55,369 - detect: expt-51 - INFO - epoch:36:: train_loss:0.9623966633224768 | train_f1_score: 0.591905005258195
2025-05-06 06:05:33,697 - locate: expt-3 - INFO - epoch:63:: train_loss:0.8303906268308594 | train_f1_score: 0.6760749415488968
2025-05-06 06:11:50,737 - detect: expt-51 - INFO - epoch:37:: train_loss:0.9647546313909803 | train_f1_score: 0.590073233380524
2025-05-06 06:21:38,969 - locate: expt-3 - INFO - epoch:64:: train_loss:0.8228295040195164 | train_f1_score: 0.6766112364263613
2025-05-06 06:27:43,438 - detect: expt-51 - INFO - epoch:38:: train_loss:0.9589390690987982 | train_f1_score: 0.5910265606332727
2025-05-06 06:37:36,610 - locate: expt-3 - INFO - epoch:65:: train_loss:0.8262465623871186 | train_f1_score: 0.6747109003054766
2025-05-06 06:39:59,438 - locate: expt-3 - INFO -              :: val_loss:0.6900772356595832 | val_f1_score:0.7488974218849794
2025-05-06 06:39:59,564 - locate: expt-3 - INFO - model saved @/scratch/opsahoo.eee20.itbhu/Thesis/locate_results/expt-3| 2025-05-05 12:12/weights/epoch-65.pt
2025-05-06 06:43:37,827 - detect: expt-51 - INFO - epoch:39:: train_loss:0.9589689107220044 | train_f1_score: 0.5930087408510581
2025-05-06 06:56:44,828 - locate: expt-3 - INFO - epoch:66:: train_loss:0.8164536027843121 | train_f1_score: 0.6810986427613098
2025-05-06 06:59:24,543 - detect: expt-51 - INFO - epoch:40:: train_loss:0.952406760106856 | train_f1_score: 0.5931233388449452
2025-05-06 07:01:37,458 - detect: expt-51 - INFO -              :: val_loss:0.8273359617863285 | val_f1_score:0.6476235938572327
2025-05-06 07:01:37,484 - detect: expt-51 - INFO - model saved @/scratch/opsahoo.eee20.itbhu/Thesis/detect_results/expt-51| 2025-05-05 19:55/weights/epoch-40.pt
2025-05-06 07:12:49,735 - locate: expt-3 - INFO - epoch:67:: train_loss:0.820206045818731 | train_f1_score: 0.6765588402774521
2025-05-06 07:17:08,950 - detect: expt-51 - INFO - epoch:41:: train_loss:0.9558359551873558 | train_f1_score: 0.5927663266490127
2025-05-06 07:28:56,056 - locate: expt-3 - INFO - epoch:68:: train_loss:0.8203869082601084 | train_f1_score: 0.674865820653733
2025-05-06 07:32:45,004 - detect: expt-51 - INFO - epoch:42:: train_loss:0.9514521248488282 | train_f1_score: 0.5944274886589628
2025-05-06 07:45:08,621 - locate: expt-3 - INFO - epoch:69:: train_loss:0.8133235915498319 | train_f1_score: 0.6791653799579757
2025-05-06 07:48:30,792 - detect: expt-51 - INFO - epoch:43:: train_loss:0.9515409444724791 | train_f1_score: 0.5939997613693755
2025-05-06 08:01:40,109 - locate: expt-3 - INFO - epoch:70:: train_loss:0.8150111163168453 | train_f1_score: 0.6786513217035042
2025-05-06 08:04:07,290 - locate: expt-3 - INFO -              :: val_loss:0.673589185006741 | val_f1_score:0.7530454380011422
2025-05-06 08:04:07,421 - locate: expt-3 - INFO - model saved @/scratch/opsahoo.eee20.itbhu/Thesis/locate_results/expt-3| 2025-05-05 12:12/weights/epoch-70.pt
2025-05-06 08:04:15,278 - detect: expt-51 - INFO - epoch:44:: train_loss:0.9501923941693762 | train_f1_score: 0.5958383756664977
2025-05-06 08:20:16,673 - detect: expt-51 - INFO - epoch:45:: train_loss:0.9479639236317892 | train_f1_score: 0.5965106791806182
2025-05-06 08:21:41,662 - locate: expt-3 - INFO - epoch:71:: train_loss:0.8202255018272825 | train_f1_score: 0.6791525738458266
2025-05-06 08:22:31,543 - detect: expt-51 - INFO -              :: val_loss:0.8546546416442792 | val_f1_score:0.6372842207642749
2025-05-06 08:22:31,585 - detect: expt-51 - INFO - model saved @/scratch/opsahoo.eee20.itbhu/Thesis/detect_results/expt-51| 2025-05-05 19:55/weights/epoch-45.pt
2025-05-06 08:37:37,926 - locate: expt-3 - INFO - epoch:72:: train_loss:0.8135127968616329 | train_f1_score: 0.6799605719666437
2025-05-06 08:38:30,304 - detect: expt-51 - INFO - epoch:46:: train_loss:0.9507483679454742 | train_f1_score: 0.5929437212605289
2025-05-06 08:53:53,849 - locate: expt-3 - INFO - epoch:73:: train_loss:0.8117664517355634 | train_f1_score: 0.6801746873204939
2025-05-06 08:54:47,195 - detect: expt-51 - INFO - epoch:47:: train_loss:0.9445225151748905 | train_f1_score: 0.5955580064204975
2025-05-06 09:10:02,485 - locate: expt-3 - INFO - epoch:74:: train_loss:0.8143025491882885 | train_f1_score: 0.6785917167025884
2025-05-06 09:10:43,380 - detect: expt-51 - INFO - epoch:48:: train_loss:0.9419446491485095 | train_f1_score: 0.5991661431211314
2025-05-06 09:26:10,739 - locate: expt-3 - INFO - epoch:75:: train_loss:0.808283701230597 | train_f1_score: 0.6799711976491872
2025-05-06 09:26:48,534 - detect: expt-51 - INFO - epoch:49:: train_loss:0.9411886483872993 | train_f1_score: 0.5955705580406142
2025-05-06 09:28:37,641 - locate: expt-3 - INFO -              :: val_loss:0.648567250855927 | val_f1_score:0.7667808182800423
2025-05-06 09:28:37,832 - locate: expt-3 - INFO - model saved @/scratch/opsahoo.eee20.itbhu/Thesis/locate_results/expt-3| 2025-05-05 12:12/weights/epoch-75.pt
2025-05-06 09:42:47,892 - detect: expt-51 - INFO - epoch:50:: train_loss:0.9434333841309703 | train_f1_score: 0.6014928540202895
2025-05-06 09:44:53,705 - locate: expt-3 - INFO - epoch:76:: train_loss:0.8116187749551714 | train_f1_score: 0.6815095050744732
2025-05-06 09:45:03,425 - detect: expt-51 - INFO -              :: val_loss:0.799689424176741 | val_f1_score:0.651247365771594
2025-05-06 09:45:03,452 - detect: expt-51 - INFO - model saved @/scratch/opsahoo.eee20.itbhu/Thesis/detect_results/expt-51| 2025-05-05 19:55/weights/epoch-50.pt
2025-05-06 10:01:11,181 - detect: expt-51 - INFO - epoch:51:: train_loss:0.9414310320726454 | train_f1_score: 0.5991168907510691
2025-05-06 10:01:12,794 - locate: expt-3 - INFO - epoch:77:: train_loss:0.8049860944703955 | train_f1_score: 0.6863480474893681
2025-05-06 10:17:07,725 - detect: expt-51 - INFO - epoch:52:: train_loss:0.9389689524600167 | train_f1_score: 0.6004967807879898
2025-05-06 10:17:30,087 - locate: expt-3 - INFO - epoch:78:: train_loss:0.8045747353167907 | train_f1_score: 0.6857473100567661
2025-05-06 10:33:30,966 - detect: expt-51 - INFO - epoch:53:: train_loss:0.9411013131120544 | train_f1_score: 0.60061751919331
2025-05-06 10:34:00,358 - locate: expt-3 - INFO - epoch:79:: train_loss:0.8010826996949165 | train_f1_score: 0.6853136836574513
2025-05-06 10:49:32,977 - detect: expt-51 - INFO - epoch:54:: train_loss:0.936150041805453 | train_f1_score: 0.6022556377607291
2025-05-06 10:50:08,971 - locate: expt-3 - INFO - epoch:80:: train_loss:0.7997116447904105 | train_f1_score: 0.6871816323497897
2025-05-06 10:52:33,944 - locate: expt-3 - INFO -              :: val_loss:0.6371671001849528 | val_f1_score:0.7680471517309843
2025-05-06 10:52:34,045 - locate: expt-3 - INFO - model saved @/scratch/opsahoo.eee20.itbhu/Thesis/locate_results/expt-3| 2025-05-05 12:12/weights/epoch-80.pt
2025-05-06 11:05:33,548 - detect: expt-51 - INFO - epoch:55:: train_loss:0.9364743859692392 | train_f1_score: 0.6053949486476308
2025-05-06 11:07:51,370 - detect: expt-51 - INFO -              :: val_loss:0.8249986569115103 | val_f1_score:0.6447454187580305
2025-05-06 11:07:51,490 - detect: expt-51 - INFO - model saved @/scratch/opsahoo.eee20.itbhu/Thesis/detect_results/expt-51| 2025-05-05 19:55/weights/epoch-55.pt
2025-05-06 11:09:14,399 - locate: expt-3 - INFO - epoch:81:: train_loss:0.798458180031225 | train_f1_score: 0.6877372573866087
2025-05-06 11:24:17,781 - detect: expt-51 - INFO - epoch:56:: train_loss:0.935119054901918 | train_f1_score: 0.6048544774207502
2025-05-06 11:25:30,109 - locate: expt-3 - INFO - epoch:82:: train_loss:0.8004214565580895 | train_f1_score: 0.6865061259944639
2025-05-06 11:40:25,521 - detect: expt-51 - INFO - epoch:57:: train_loss:0.9383912830101955 | train_f1_score: 0.6027318133346947
2025-05-06 11:41:54,460 - locate: expt-3 - INFO - epoch:83:: train_loss:0.7929695326174402 | train_f1_score: 0.6907166539192534
2025-05-06 11:56:25,396 - detect: expt-51 - INFO - epoch:58:: train_loss:0.9394378932500334 | train_f1_score: 0.6015963432744426
2025-05-06 11:58:09,783 - locate: expt-3 - INFO - epoch:84:: train_loss:0.7868479110854736 | train_f1_score: 0.6950705649761008
2025-05-06 12:12:25,295 - detect: expt-51 - INFO - epoch:59:: train_loss:0.9370082199951232 | train_f1_score: 0.6038463346695144
2025-05-06 12:14:11,200 - locate: expt-3 - INFO - epoch:85:: train_loss:0.788544603563219 | train_f1_score: 0.6906172360638325
2025-05-06 12:16:31,302 - locate: expt-3 - INFO -              :: val_loss:0.6274758008774953 | val_f1_score:0.7730626119163174
2025-05-06 12:16:31,783 - locate: expt-3 - INFO - model saved @/scratch/opsahoo.eee20.itbhu/Thesis/locate_results/expt-3| 2025-05-05 12:12/weights/epoch-85.pt
2025-05-06 12:28:17,496 - detect: expt-51 - INFO - epoch:60:: train_loss:0.9359897668315699 | train_f1_score: 0.6037062280048888
2025-05-06 12:30:42,351 - detect: expt-51 - INFO -              :: val_loss:0.8389690275849149 | val_f1_score:0.6408117799618166
2025-05-06 12:30:42,501 - detect: expt-51 - INFO - model saved @/scratch/opsahoo.eee20.itbhu/Thesis/detect_results/expt-51| 2025-05-05 19:55/weights/epoch-60.pt
2025-05-06 12:32:41,206 - locate: expt-3 - INFO - epoch:86:: train_loss:0.7869511125629601 | train_f1_score: 0.6932288648930238
2025-05-06 12:46:46,309 - detect: expt-51 - INFO - epoch:61:: train_loss:0.9279872054399009 | train_f1_score: 0.6089946584389232
2025-05-06 12:48:49,999 - locate: expt-3 - INFO - epoch:87:: train_loss:0.7851160630165377 | train_f1_score: 0.6963690443540126
2025-05-06 13:02:29,210 - detect: expt-51 - INFO - epoch:62:: train_loss:0.9373810982032518 | train_f1_score: 0.6035210543918019
2025-05-06 13:05:00,254 - locate: expt-3 - INFO - epoch:88:: train_loss:0.7887535482248453 | train_f1_score: 0.6961497515560682
2025-05-06 13:18:25,966 - detect: expt-51 - INFO - epoch:63:: train_loss:0.9341658676380478 | train_f1_score: 0.6043984109039363
2025-05-06 13:21:04,267 - locate: expt-3 - INFO - epoch:89:: train_loss:0.7810356274096616 | train_f1_score: 0.6958481800320415
2025-05-06 13:34:26,948 - detect: expt-51 - INFO - epoch:64:: train_loss:0.9325419728912167 | train_f1_score: 0.6032547951155369
2025-05-06 13:37:16,952 - locate: expt-3 - INFO - epoch:90:: train_loss:0.7799854651405528 | train_f1_score: 0.6984340086194217
2025-05-06 13:39:44,836 - locate: expt-3 - INFO -              :: val_loss:0.7189908118022668 | val_f1_score:0.7316913242059151
2025-05-06 13:39:45,191 - locate: expt-3 - INFO - model saved @/scratch/opsahoo.eee20.itbhu/Thesis/locate_results/expt-3| 2025-05-05 12:12/weights/epoch-90.pt
2025-05-06 13:50:30,631 - detect: expt-51 - INFO - epoch:65:: train_loss:0.9337696434543968 | train_f1_score: 0.6059652687041367
2025-05-06 13:52:54,838 - detect: expt-51 - INFO -              :: val_loss:0.8081736759082367 | val_f1_score:0.6455252860576535
2025-05-06 13:52:54,884 - detect: expt-51 - INFO - model saved @/scratch/opsahoo.eee20.itbhu/Thesis/detect_results/expt-51| 2025-05-05 19:55/weights/epoch-65.pt
2025-05-06 13:55:41,446 - locate: expt-3 - INFO - epoch:91:: train_loss:0.7799990299863727 | train_f1_score: 0.6997065791023416
2025-05-06 14:08:55,235 - detect: expt-51 - INFO - epoch:66:: train_loss:0.931218729402418 | train_f1_score: 0.6050545372958828
2025-05-06 14:11:59,183 - locate: expt-3 - INFO - epoch:92:: train_loss:0.776698214001496 | train_f1_score: 0.7004289327535549
2025-05-06 14:24:52,332 - detect: expt-51 - INFO - epoch:67:: train_loss:0.9337760740802469 | train_f1_score: 0.60398790033945
2025-05-06 14:28:01,304 - locate: expt-3 - INFO - epoch:93:: train_loss:0.7732376833393603 | train_f1_score: 0.702719367615277
2025-05-06 14:40:50,457 - detect: expt-51 - INFO - epoch:68:: train_loss:0.9322073529144472 | train_f1_score: 0.6050728715820989
2025-05-06 14:44:06,961 - locate: expt-3 - INFO - epoch:94:: train_loss:0.7763704444874234 | train_f1_score: 0.7008700994902844
2025-05-06 14:56:56,523 - detect: expt-51 - INFO - epoch:69:: train_loss:0.9303726815493688 | train_f1_score: 0.6090763861509705
2025-05-06 15:00:33,040 - locate: expt-3 - INFO - epoch:95:: train_loss:0.7694340218721359 | train_f1_score: 0.705952156546314
2025-05-06 15:02:53,845 - locate: expt-3 - INFO -              :: val_loss:0.630559558610941 | val_f1_score:0.7681853625856107
2025-05-06 15:02:54,275 - locate: expt-3 - INFO - model saved @/scratch/opsahoo.eee20.itbhu/Thesis/locate_results/expt-3| 2025-05-05 12:12/weights/epoch-95.pt
2025-05-06 15:13:00,245 - detect: expt-51 - INFO - epoch:70:: train_loss:0.9304015483033733 | train_f1_score: 0.605842028744673
2025-05-06 15:15:17,870 - detect: expt-51 - INFO -              :: val_loss:0.7858518777242912 | val_f1_score:0.6559147240234476
2025-05-06 15:15:17,930 - detect: expt-51 - INFO - model saved @/scratch/opsahoo.eee20.itbhu/Thesis/detect_results/expt-51| 2025-05-05 19:55/weights/epoch-70.pt
2025-05-06 15:19:29,904 - locate: expt-3 - INFO - epoch:96:: train_loss:0.7718485904040769 | train_f1_score: 0.7031092595177979
2025-05-06 15:32:09,954 - detect: expt-51 - INFO - epoch:71:: train_loss:0.9324687651047017 | train_f1_score: 0.606281464231507
2025-05-06 15:36:04,792 - locate: expt-3 - INFO - epoch:97:: train_loss:0.7735006584542712 | train_f1_score: 0.7065507457505493
2025-05-06 15:48:17,558 - detect: expt-51 - INFO - epoch:72:: train_loss:0.9239723609995291 | train_f1_score: 0.6058429634712841
2025-05-06 15:52:09,673 - locate: expt-3 - INFO - epoch:98:: train_loss:0.7722946927500132 | train_f1_score: 0.7069225316822809
2025-05-06 16:04:22,478 - detect: expt-51 - INFO - epoch:73:: train_loss:0.9251807364627317 | train_f1_score: 0.6072855780762064
2025-05-06 16:08:27,399 - locate: expt-3 - INFO - epoch:99:: train_loss:0.7680303805673557 | train_f1_score: 0.7074827603714526
2025-05-06 16:20:22,642 - detect: expt-51 - INFO - epoch:74:: train_loss:0.9263263993749533 | train_f1_score: 0.6076295399557574
2025-05-06 16:24:46,375 - locate: expt-3 - INFO - epoch:100:: train_loss:0.7650137185367998 | train_f1_score: 0.7094216359761698
2025-05-06 16:27:08,082 - locate: expt-3 - INFO -              :: val_loss:0.6036179264634816 | val_f1_score:0.7836527657751658
2025-05-06 16:27:08,357 - locate: expt-3 - INFO - model saved @/scratch/opsahoo.eee20.itbhu/Thesis/locate_results/expt-3| 2025-05-05 12:12/weights/epoch-100.pt
2025-05-06 16:38:47,817 - detect: expt-52 - INFO - 
2025-05-06 16:38:47,844 - detect: expt-52 - INFO - ++++++++++++++++++++++++++++++++++++++++++++++++++++++++++++++++++++++++
2025-05-06 16:38:47,845 - detect: expt-52 - INFO - ++++++++++++++++++++++++++ Experiment: 52 ++++++++++++++++++++++++++
2025-05-06 16:38:47,845 - detect: expt-52 - INFO - Description: Detect Fault: Training model from scratch considering current as node features.
2025-05-06 16:38:47,845 - detect: expt-52 - INFO - 
2025-05-06 16:38:47,845 - detect: expt-52 - INFO - Dataset info.
2025-05-06 16:38:47,846 - detect: expt-52 - INFO - > Data names: ['microgrid_fault_dataset_rms', 'All_DER_outage_grid_fault_CSV', 'All_DER_outage_islanded_fault_CSV']
2025-05-06 16:38:47,846 - detect: expt-52 - INFO - > Case range: [1, 3000]
2025-05-06 16:38:47,846 - detect: expt-52 - INFO - 
2025-05-06 16:38:47,846 - detect: expt-52 - INFO - Loading model.
2025-05-06 16:38:48,328 - detect: expt-52 - INFO - > No. of parameters: 26343
2025-05-06 16:38:48,328 - detect: expt-52 - INFO - 
2025-05-06 16:38:48,329 - detect: expt-52 - INFO - Using device: cuda
2025-05-06 16:38:48,545 - detect: expt-52 - INFO - > GPU: Tesla V100-PCIE-16GB
2025-05-06 16:42:32,986 - detect: expt-52 - INFO - Dataset Size: 70200
2025-05-06 16:42:34,121 - detect: expt-52 - INFO - 
2025-05-06 16:42:34,121 - detect: expt-52 - INFO - ========== Starting model training. ==========
2025-05-06 16:45:52,676 - locate: expt-3 - INFO - epoch:101:: train_loss:0.7688423805203501 | train_f1_score: 0.7083737864804275
2025-05-06 17:00:33,002 - detect: expt-52 - INFO - epoch:1:: train_loss:1.8127438584955573 | train_f1_score: 0.17575895545122142
2025-05-06 17:02:21,933 - locate: expt-3 - INFO - epoch:102:: train_loss:0.7642126949655111 | train_f1_score: 0.7083446685719045
2025-05-06 17:16:32,796 - detect: expt-52 - INFO - epoch:2:: train_loss:1.4351587562903603 | train_f1_score: 0.37726714489699364
2025-05-06 17:19:25,024 - locate: expt-3 - INFO - epoch:103:: train_loss:0.7649583547183771 | train_f1_score: 0.7115079651677164
2025-05-06 17:32:40,614 - detect: expt-52 - INFO - epoch:3:: train_loss:1.2761557111867041 | train_f1_score: 0.4199775693771694
2025-05-06 17:35:48,929 - locate: expt-3 - INFO - epoch:104:: train_loss:0.7633397014388504 | train_f1_score: 0.7102485208559487
2025-05-06 17:48:54,047 - detect: expt-52 - INFO - epoch:4:: train_loss:1.1684277601976447 | train_f1_score: 0.47526010284398695
2025-05-06 17:52:18,622 - locate: expt-3 - INFO - epoch:105:: train_loss:0.7572525588609158 | train_f1_score: 0.7134882696429038
2025-05-06 17:54:46,730 - locate: expt-3 - INFO -              :: val_loss:0.6010028482146533 | val_f1_score:0.781070436406386
2025-05-06 17:54:47,119 - locate: expt-3 - INFO - model saved @/scratch/opsahoo.eee20.itbhu/Thesis/locate_results/expt-3| 2025-05-05 12:12/weights/epoch-105.pt
2025-05-06 18:04:58,915 - detect: expt-52 - INFO - epoch:5:: train_loss:1.092974244743804 | train_f1_score: 0.5354715760634665
2025-05-06 18:07:19,421 - detect: expt-52 - INFO -              :: val_loss:0.850820268152571 | val_f1_score:0.6535175922186381
2025-05-06 18:07:19,553 - detect: expt-52 - INFO - model saved @/scratch/opsahoo.eee20.itbhu/Thesis/detect_results/expt-52| 2025-05-06 16:38/weights/epoch-5.pt
2025-05-06 18:10:55,774 - locate: expt-3 - INFO - epoch:106:: train_loss:0.7594973375650751 | train_f1_score: 0.7132379603885023
2025-05-06 18:23:42,216 - detect: expt-52 - INFO - epoch:6:: train_loss:1.022026173724757 | train_f1_score: 0.5673914474269806
2025-05-06 18:27:10,033 - locate: expt-3 - INFO - epoch:107:: train_loss:0.7579603444487374 | train_f1_score: 0.7127748882820225
2025-05-06 18:39:43,756 - detect: expt-52 - INFO - epoch:7:: train_loss:1.0136267608397822 | train_f1_score: 0.5720979037457143
2025-05-06 18:43:18,556 - locate: expt-3 - INFO - epoch:108:: train_loss:0.7569660579113721 | train_f1_score: 0.713486622133838
2025-05-06 18:56:01,115 - detect: expt-52 - INFO - epoch:8:: train_loss:0.9521092991450679 | train_f1_score: 0.5974672481260621
2025-05-06 18:59:47,253 - locate: expt-3 - INFO - epoch:109:: train_loss:0.754104681655828 | train_f1_score: 0.7158215959010223
2025-05-06 19:12:08,622 - detect: expt-52 - INFO - epoch:9:: train_loss:0.9070619925950121 | train_f1_score: 0.6238483467383513
2025-05-06 19:15:45,844 - locate: expt-3 - INFO - epoch:110:: train_loss:0.752337755561664 | train_f1_score: 0.7154305751675052
2025-05-06 19:18:05,820 - locate: expt-3 - INFO -              :: val_loss:0.5964736939130025 | val_f1_score:0.7805506799303706
2025-05-06 19:18:06,731 - locate: expt-3 - INFO - model saved @/scratch/opsahoo.eee20.itbhu/Thesis/locate_results/expt-3| 2025-05-05 12:12/weights/epoch-110.pt
2025-05-06 19:28:00,214 - detect: expt-52 - INFO - epoch:10:: train_loss:0.8687819222616232 | train_f1_score: 0.6422112745029628
2025-05-06 19:30:21,673 - detect: expt-52 - INFO -              :: val_loss:0.6077687902050268 | val_f1_score:0.7939887117311571
2025-05-06 19:30:21,703 - detect: expt-52 - INFO - model saved @/scratch/opsahoo.eee20.itbhu/Thesis/detect_results/expt-52| 2025-05-06 16:38/weights/epoch-10.pt
2025-05-06 19:34:17,587 - locate: expt-3 - INFO - epoch:111:: train_loss:0.7526270443446659 | train_f1_score: 0.7142296529911857
2025-05-06 19:46:22,133 - detect: expt-52 - INFO - epoch:11:: train_loss:0.8481504842495768 | train_f1_score: 0.6611883902254886
2025-05-06 19:50:17,147 - locate: expt-3 - INFO - epoch:112:: train_loss:0.7586956890662807 | train_f1_score: 0.7130127647592578
2025-05-06 20:02:20,864 - detect: expt-52 - INFO - epoch:12:: train_loss:0.7864657524012515 | train_f1_score: 0.6859459561484079
2025-05-06 20:06:22,346 - locate: expt-3 - INFO - epoch:113:: train_loss:0.7562184976307317 | train_f1_score: 0.7161756058564798
2025-05-06 20:18:18,488 - detect: expt-52 - INFO - epoch:13:: train_loss:0.7514945188208627 | train_f1_score: 0.7043329119743623
2025-05-06 20:22:23,953 - locate: expt-3 - INFO - epoch:114:: train_loss:0.7511269482545511 | train_f1_score: 0.7157779699542909
2025-05-06 20:34:10,986 - detect: expt-52 - INFO - epoch:14:: train_loss:0.7970566677671238 | train_f1_score: 0.7035003960897408
2025-05-06 20:38:32,689 - locate: expt-3 - INFO - epoch:115:: train_loss:0.7447620896508093 | train_f1_score: 0.7170645062434411
2025-05-06 20:41:01,632 - locate: expt-3 - INFO -              :: val_loss:0.6153445242298727 | val_f1_score:0.7760611327630427
2025-05-06 20:41:02,172 - locate: expt-3 - INFO - model saved @/scratch/opsahoo.eee20.itbhu/Thesis/locate_results/expt-3| 2025-05-05 12:12/weights/epoch-115.pt
2025-05-06 20:51:30,202 - detect: expt-52 - INFO - epoch:15:: train_loss:0.7464719282557785 | train_f1_score: 0.7197372104575478
2025-05-06 20:53:48,710 - detect: expt-52 - INFO -              :: val_loss:0.5647590731436324 | val_f1_score:0.8003191327247468
2025-05-06 20:53:48,737 - detect: expt-52 - INFO - model saved @/scratch/opsahoo.eee20.itbhu/Thesis/detect_results/expt-52| 2025-05-06 16:38/weights/epoch-15.pt
2025-05-06 20:57:43,258 - locate: expt-3 - INFO - epoch:116:: train_loss:0.752483838430328 | train_f1_score: 0.7166456732195364
2025-05-06 21:09:49,879 - detect: expt-52 - INFO - epoch:16:: train_loss:0.7195597294197883 | train_f1_score: 0.7366190822175364
2025-05-06 21:14:04,529 - locate: expt-3 - INFO - epoch:117:: train_loss:0.7499167593274048 | train_f1_score: 0.7150546689125971
2025-05-06 21:25:46,563 - detect: expt-52 - INFO - epoch:17:: train_loss:0.6822899382475225 | train_f1_score: 0.7493913046230886
2025-05-06 21:30:15,324 - locate: expt-3 - INFO - epoch:118:: train_loss:0.7449327239295614 | train_f1_score: 0.7198172694141117
2025-05-06 21:41:57,045 - detect: expt-52 - INFO - epoch:18:: train_loss:0.7143434081149747 | train_f1_score: 0.7439889819798322
2025-05-06 21:46:33,682 - locate: expt-3 - INFO - epoch:119:: train_loss:0.7492702578449763 | train_f1_score: 0.719497341781032
2025-05-06 22:00:08,406 - detect: expt-52 - INFO - epoch:19:: train_loss:0.643047378420415 | train_f1_score: 0.7623143606452798
2025-05-06 22:03:48,648 - locate: expt-3 - INFO - epoch:120:: train_loss:0.7470910061905273 | train_f1_score: 0.719251559099805
2025-05-06 22:06:12,074 - locate: expt-3 - INFO -              :: val_loss:0.5938878992044836 | val_f1_score:0.7724263382452724
2025-05-06 22:06:12,373 - locate: expt-3 - INFO - model saved @/scratch/opsahoo.eee20.itbhu/Thesis/locate_results/expt-3| 2025-05-05 12:12/weights/epoch-120.pt
2025-05-06 22:16:34,510 - detect: expt-52 - INFO - epoch:20:: train_loss:0.6636442999483897 | train_f1_score: 0.76249435588762
2025-05-06 22:18:46,070 - detect: expt-52 - INFO -              :: val_loss:0.3732425693259057 | val_f1_score:0.8764099077985322
2025-05-06 22:18:46,140 - detect: expt-52 - INFO - model saved @/scratch/opsahoo.eee20.itbhu/Thesis/detect_results/expt-52| 2025-05-06 16:38/weights/epoch-20.pt
2025-05-06 22:22:49,332 - locate: expt-3 - INFO - epoch:121:: train_loss:0.7495630328915621 | train_f1_score: 0.7181764685739669
2025-05-06 22:34:49,646 - detect: expt-52 - INFO - epoch:21:: train_loss:0.6347641285501983 | train_f1_score: 0.7682346482133989
2025-05-06 22:38:59,016 - locate: expt-3 - INFO - epoch:122:: train_loss:0.7501199690162204 | train_f1_score: 0.717410724022285
2025-05-06 22:50:48,681 - detect: expt-52 - INFO - epoch:22:: train_loss:0.6493166259562103 | train_f1_score: 0.7704739765214451
2025-05-06 22:55:09,615 - locate: expt-3 - INFO - epoch:123:: train_loss:0.7463624324261354 | train_f1_score: 0.7194743864199413
2025-05-06 23:06:54,771 - detect: expt-52 - INFO - epoch:23:: train_loss:0.5962762133634076 | train_f1_score: 0.7817704610471111
2025-05-06 23:11:22,841 - locate: expt-3 - INFO - epoch:124:: train_loss:0.7487414205671802 | train_f1_score: 0.7156816221057185
2025-05-06 23:22:59,942 - detect: expt-52 - INFO - epoch:24:: train_loss:0.6051122721954141 | train_f1_score: 0.7809179458206971
2025-05-06 23:27:48,189 - locate: expt-3 - INFO - epoch:125:: train_loss:0.7450414691498479 | train_f1_score: 0.7201187672761082
2025-05-06 23:30:08,225 - locate: expt-3 - INFO -              :: val_loss:0.622369888218909 | val_f1_score:0.7779979116756822
2025-05-06 23:30:08,421 - locate: expt-3 - INFO - model saved @/scratch/opsahoo.eee20.itbhu/Thesis/locate_results/expt-3| 2025-05-05 12:12/weights/epoch-125.pt
2025-05-06 23:39:16,894 - detect: expt-52 - INFO - epoch:25:: train_loss:0.5829006805916287 | train_f1_score: 0.7950085864368576
2025-05-06 23:41:36,459 - detect: expt-52 - INFO -              :: val_loss:0.2754686809090692 | val_f1_score:0.9012790955873767
2025-05-06 23:41:36,518 - detect: expt-52 - INFO - model saved @/scratch/opsahoo.eee20.itbhu/Thesis/detect_results/expt-52| 2025-05-06 16:38/weights/epoch-25.pt
2025-05-06 23:46:21,701 - locate: expt-3 - INFO - epoch:126:: train_loss:0.7434063727961508 | train_f1_score: 0.7187633775514145
2025-05-06 23:59:37,901 - detect: expt-52 - INFO - epoch:26:: train_loss:0.6693583218275924 | train_f1_score: 0.7835936760457091
2025-05-07 00:02:46,852 - locate: expt-3 - INFO - epoch:127:: train_loss:0.7415496569402831 | train_f1_score: 0.7174216513906545
2025-05-07 00:17:43,827 - detect: expt-52 - INFO - epoch:27:: train_loss:0.6612732588121809 | train_f1_score: 0.7770220214164816
2025-05-07 00:19:07,723 - locate: expt-3 - INFO - epoch:128:: train_loss:0.741569543465839 | train_f1_score: 0.7211401240387866
2025-05-07 00:35:34,531 - locate: expt-3 - INFO - epoch:129:: train_loss:0.7367702244066707 | train_f1_score: 0.7211259681741659
2025-05-07 00:35:49,595 - detect: expt-52 - INFO - epoch:28:: train_loss:0.6079103427953234 | train_f1_score: 0.7875320178692716
2025-05-07 00:51:40,191 - locate: expt-3 - INFO - epoch:130:: train_loss:0.7398972051500828 | train_f1_score: 0.7218939471279198
2025-05-07 00:51:50,474 - detect: expt-52 - INFO - epoch:29:: train_loss:0.5848445135785955 | train_f1_score: 0.7937674438042185
2025-05-07 00:53:59,506 - locate: expt-3 - INFO -              :: val_loss:0.5923765514560759 | val_f1_score:0.7813789647755982
2025-05-07 00:53:59,757 - locate: expt-3 - INFO - model saved @/scratch/opsahoo.eee20.itbhu/Thesis/locate_results/expt-3| 2025-05-05 12:12/weights/epoch-130.pt
2025-05-07 01:07:19,912 - detect: expt-52 - INFO - epoch:30:: train_loss:0.5947900136213237 | train_f1_score: 0.7906878036630014
2025-05-07 01:09:43,082 - detect: expt-52 - INFO -              :: val_loss:0.26989067589532073 | val_f1_score:0.9054772711410843
2025-05-07 01:09:43,140 - detect: expt-52 - INFO - model saved @/scratch/opsahoo.eee20.itbhu/Thesis/detect_results/expt-52| 2025-05-06 16:38/weights/epoch-30.pt
2025-05-07 01:10:11,500 - locate: expt-3 - INFO - epoch:131:: train_loss:0.7385832863396137 | train_f1_score: 0.7239819286303684
2025-05-07 01:25:18,837 - detect: expt-52 - INFO - epoch:31:: train_loss:0.568403781172994 | train_f1_score: 0.8031924551590057
2025-05-07 01:25:54,122 - locate: expt-3 - INFO - epoch:132:: train_loss:0.7358122209885799 | train_f1_score: 0.7240038055118435
2025-05-07 01:40:48,512 - detect: expt-52 - INFO - epoch:32:: train_loss:0.5613315792640047 | train_f1_score: 0.8029272273269872
2025-05-07 01:42:06,776 - locate: expt-3 - INFO - epoch:133:: train_loss:0.7405189454988144 | train_f1_score: 0.72380096841133
2025-05-07 01:56:39,583 - detect: expt-52 - INFO - epoch:33:: train_loss:0.5447449808903367 | train_f1_score: 0.8106926911180606
2025-05-07 01:58:26,315 - locate: expt-3 - INFO - epoch:134:: train_loss:0.7369858603495089 | train_f1_score: 0.7209896818686152
2025-05-07 02:12:12,799 - detect: expt-52 - INFO - epoch:34:: train_loss:0.5379397511683806 | train_f1_score: 0.8158926247433538
2025-05-07 02:14:27,174 - locate: expt-3 - INFO - epoch:135:: train_loss:0.7366073938389696 | train_f1_score: 0.7214133176664884
2025-05-07 02:16:49,300 - locate: expt-3 - INFO -              :: val_loss:0.594960813420044 | val_f1_score:0.7796056404072894
2025-05-07 02:16:49,485 - locate: expt-3 - INFO - model saved @/scratch/opsahoo.eee20.itbhu/Thesis/locate_results/expt-3| 2025-05-05 12:12/weights/epoch-135.pt
2025-05-07 02:27:48,357 - detect: expt-52 - INFO - epoch:35:: train_loss:0.5447807512678355 | train_f1_score: 0.8171543743373894
2025-05-07 02:30:08,834 - detect: expt-52 - INFO -              :: val_loss:0.25251729511644827 | val_f1_score:0.9105480354470056
2025-05-07 02:30:08,873 - detect: expt-52 - INFO - model saved @/scratch/opsahoo.eee20.itbhu/Thesis/detect_results/expt-52| 2025-05-06 16:38/weights/epoch-35.pt
2025-05-07 02:32:48,516 - locate: expt-3 - INFO - epoch:136:: train_loss:0.7319741872123733 | train_f1_score: 0.7256649643398059
2025-05-07 02:45:56,970 - detect: expt-52 - INFO - epoch:36:: train_loss:0.569183888737893 | train_f1_score: 0.8111796025151564
2025-05-07 02:49:21,195 - locate: expt-3 - INFO - epoch:137:: train_loss:0.738209327265381 | train_f1_score: 0.7228573913293365
2025-05-07 03:01:46,337 - detect: expt-52 - INFO - epoch:37:: train_loss:0.5888993382237386 | train_f1_score: 0.8036729067493352
2025-05-07 03:05:36,888 - locate: expt-3 - INFO - epoch:138:: train_loss:0.7341193841585406 | train_f1_score: 0.7242782589573724
2025-05-07 03:17:19,157 - detect: expt-52 - INFO - epoch:38:: train_loss:0.574053238057813 | train_f1_score: 0.8089811913960402
2025-05-07 03:21:31,658 - locate: expt-3 - INFO - epoch:139:: train_loss:0.7323291352886334 | train_f1_score: 0.7258492239870625
2025-05-07 03:32:56,936 - detect: expt-52 - INFO - epoch:39:: train_loss:0.5163001449741695 | train_f1_score: 0.8223510761878623
2025-05-07 03:38:04,270 - locate: expt-3 - INFO - epoch:140:: train_loss:0.7325073157650523 | train_f1_score: 0.7260061473681266
2025-05-07 03:40:31,303 - locate: expt-3 - INFO -              :: val_loss:0.5896164988165233 | val_f1_score:0.792528783558041
2025-05-07 03:40:31,530 - locate: expt-3 - INFO - model saved @/scratch/opsahoo.eee20.itbhu/Thesis/locate_results/expt-3| 2025-05-05 12:12/weights/epoch-140.pt
2025-05-07 03:48:35,028 - detect: expt-52 - INFO - epoch:40:: train_loss:0.5199353452238186 | train_f1_score: 0.8264825879909591
2025-05-07 03:50:58,471 - detect: expt-52 - INFO -              :: val_loss:0.41059683962499616 | val_f1_score:0.8686618710990544
2025-05-07 03:50:58,743 - detect: expt-52 - INFO - model saved @/scratch/opsahoo.eee20.itbhu/Thesis/detect_results/expt-52| 2025-05-06 16:38/weights/epoch-40.pt
2025-05-07 03:56:27,990 - locate: expt-3 - INFO - epoch:141:: train_loss:0.7336843601434715 | train_f1_score: 0.7226686756384274
2025-05-07 04:06:43,114 - detect: expt-52 - INFO - epoch:41:: train_loss:0.5641621615692552 | train_f1_score: 0.8156614766852867
2025-05-07 04:12:41,168 - locate: expt-3 - INFO - epoch:142:: train_loss:0.7369585560196883 | train_f1_score: 0.7229833804284286
2025-05-07 04:22:20,896 - detect: expt-52 - INFO - epoch:42:: train_loss:0.5194282952546967 | train_f1_score: 0.821922259382176
2025-05-07 04:28:25,054 - locate: expt-3 - INFO - epoch:143:: train_loss:0.7339853017589032 | train_f1_score: 0.724333564425376
2025-05-07 04:38:29,951 - detect: expt-52 - INFO - epoch:43:: train_loss:0.5012088244057628 | train_f1_score: 0.8303430568993792
2025-05-07 04:45:08,457 - locate: expt-3 - INFO - epoch:144:: train_loss:0.7330595800407993 | train_f1_score: 0.7260734152444472
2025-05-07 04:54:33,979 - detect: expt-52 - INFO - epoch:44:: train_loss:0.49823351106136926 | train_f1_score: 0.8348648941769975
2025-05-07 05:01:30,584 - locate: expt-3 - INFO - epoch:145:: train_loss:0.7377981399726389 | train_f1_score: 0.7230115133156848
2025-05-07 05:03:53,250 - locate: expt-3 - INFO -              :: val_loss:0.5722814551420002 | val_f1_score:0.7909800979007543
2025-05-07 05:03:53,375 - locate: expt-3 - INFO - model saved @/scratch/opsahoo.eee20.itbhu/Thesis/locate_results/expt-3| 2025-05-05 12:12/weights/epoch-145.pt
2025-05-07 05:10:29,660 - detect: expt-52 - INFO - epoch:45:: train_loss:0.589220867162791 | train_f1_score: 0.8140092824862032
2025-05-07 05:12:46,341 - detect: expt-52 - INFO -              :: val_loss:0.29130131748269406 | val_f1_score:0.8911821110527237
2025-05-07 05:12:46,418 - detect: expt-52 - INFO - model saved @/scratch/opsahoo.eee20.itbhu/Thesis/detect_results/expt-52| 2025-05-06 16:38/weights/epoch-45.pt
2025-05-07 05:20:23,095 - locate: expt-3 - INFO - epoch:146:: train_loss:0.727851163350147 | train_f1_score: 0.725019320729142
2025-05-07 05:28:59,154 - detect: expt-52 - INFO - epoch:46:: train_loss:0.6100968911618623 | train_f1_score: 0.8112361692894582
2025-05-07 05:37:01,544 - locate: expt-3 - INFO - epoch:147:: train_loss:0.7299422289928932 | train_f1_score: 0.7269563718889502
2025-05-07 05:44:36,921 - detect: expt-52 - INFO - epoch:47:: train_loss:0.7409185618963564 | train_f1_score: 0.7404736877328052
2025-05-07 05:53:31,552 - locate: expt-3 - INFO - epoch:148:: train_loss:0.7320744969204431 | train_f1_score: 0.7237528511820885
2025-05-07 06:00:37,914 - detect: expt-52 - INFO - epoch:48:: train_loss:0.6260562974860765 | train_f1_score: 0.7788397027015795
2025-05-07 06:09:48,640 - locate: expt-3 - INFO - epoch:149:: train_loss:0.728286824960752 | train_f1_score: 0.7271048602966381
2025-05-07 06:16:35,280 - detect: expt-52 - INFO - epoch:49:: train_loss:0.5959949131959447 | train_f1_score: 0.7997956685242477
2025-05-07 06:25:52,728 - locate: expt-3 - INFO - epoch:150:: train_loss:0.7312673643810701 | train_f1_score: 0.7255805866032908
2025-05-07 06:28:14,114 - locate: expt-3 - INFO -              :: val_loss:0.5783500453419086 | val_f1_score:0.794328057459622
2025-05-07 06:28:14,294 - locate: expt-3 - INFO - model saved @/scratch/opsahoo.eee20.itbhu/Thesis/locate_results/expt-3| 2025-05-05 12:12/weights/epoch-150.pt
2025-05-07 06:32:25,882 - detect: expt-52 - INFO - epoch:50:: train_loss:0.5887183577422723 | train_f1_score: 0.8039563937441596
2025-05-07 06:34:46,132 - detect: expt-52 - INFO -              :: val_loss:0.38776158265325866 | val_f1_score:0.8684363172885529
2025-05-07 06:34:46,173 - detect: expt-52 - INFO - model saved @/scratch/opsahoo.eee20.itbhu/Thesis/detect_results/expt-52| 2025-05-06 16:38/weights/epoch-50.pt
2025-05-07 06:44:27,439 - locate: expt-3 - INFO - epoch:151:: train_loss:0.7303173010197975 | train_f1_score: 0.7277980261682275
2025-05-07 06:50:56,774 - detect: expt-52 - INFO - epoch:51:: train_loss:0.5787771759011032 | train_f1_score: 0.8128092544877419
2025-05-07 07:00:31,880 - locate: expt-3 - INFO - epoch:152:: train_loss:0.7272308613494661 | train_f1_score: 0.727110648501334
2025-05-07 07:06:57,274 - detect: expt-52 - INFO - epoch:52:: train_loss:0.55730703772101 | train_f1_score: 0.8205783213439928
2025-05-07 07:17:13,463 - locate: expt-3 - INFO - epoch:153:: train_loss:0.7321610550426123 | train_f1_score: 0.7263692706483668
2025-05-07 07:22:57,944 - detect: expt-52 - INFO - epoch:53:: train_loss:0.5565228760713699 | train_f1_score: 0.8234710887676574
2025-05-07 07:33:27,117 - locate: expt-3 - INFO - epoch:154:: train_loss:0.7314307222432144 | train_f1_score: 0.7291263800355834
2025-05-07 07:38:55,649 - detect: expt-52 - INFO - epoch:54:: train_loss:0.5563400849314742 | train_f1_score: 0.8243891874366512
2025-05-07 07:49:33,288 - locate: expt-3 - INFO - epoch:155:: train_loss:0.728902898225498 | train_f1_score: 0.7281017824703119
2025-05-07 07:51:57,278 - locate: expt-3 - INFO -              :: val_loss:0.5864824805652061 | val_f1_score:0.785970305209788
2025-05-07 07:51:57,401 - locate: expt-3 - INFO - model saved @/scratch/opsahoo.eee20.itbhu/Thesis/locate_results/expt-3| 2025-05-05 12:12/weights/epoch-155.pt
2025-05-07 07:54:52,468 - detect: expt-52 - INFO - epoch:55:: train_loss:0.5419745084745909 | train_f1_score: 0.828025258893753
2025-05-07 07:57:17,562 - detect: expt-52 - INFO -              :: val_loss:0.28155839096714186 | val_f1_score:0.9229003693101623
2025-05-07 07:57:17,634 - detect: expt-52 - INFO - model saved @/scratch/opsahoo.eee20.itbhu/Thesis/detect_results/expt-52| 2025-05-06 16:38/weights/epoch-55.pt
2025-05-07 08:08:14,241 - locate: expt-3 - INFO - epoch:156:: train_loss:0.7266618423066746 | train_f1_score: 0.7263159060698792
2025-05-07 08:13:23,530 - detect: expt-52 - INFO - epoch:56:: train_loss:0.5430141469910242 | train_f1_score: 0.8272257171784672
2025-05-07 08:25:08,668 - locate: expt-3 - INFO - epoch:157:: train_loss:0.7317402711357647 | train_f1_score: 0.7259446977240845
2025-05-07 08:29:26,575 - detect: expt-52 - INFO - epoch:57:: train_loss:0.5322720809033642 | train_f1_score: 0.829697803547649
2025-05-07 08:41:38,417 - locate: expt-3 - INFO - epoch:158:: train_loss:0.728985638845854 | train_f1_score: 0.7287143727339279
2025-05-07 08:45:20,662 - detect: expt-52 - INFO - epoch:58:: train_loss:0.5213077900981851 | train_f1_score: 0.832154632632058
2025-05-07 08:58:00,256 - locate: expt-3 - INFO - epoch:159:: train_loss:0.7270974058771406 | train_f1_score: 0.728374064052126
2025-05-07 09:01:25,422 - detect: expt-52 - INFO - epoch:59:: train_loss:0.524074080732369 | train_f1_score: 0.8332482683239933
2025-05-07 09:14:13,471 - locate: expt-3 - INFO - epoch:160:: train_loss:0.725164867608609 | train_f1_score: 0.7291294115779078
2025-05-07 09:16:37,609 - locate: expt-3 - INFO -              :: val_loss:0.578468242915469 | val_f1_score:0.7886157522093719
2025-05-07 09:16:37,842 - locate: expt-3 - INFO - model saved @/scratch/opsahoo.eee20.itbhu/Thesis/locate_results/expt-3| 2025-05-05 12:12/weights/epoch-160.pt
2025-05-07 09:17:35,271 - detect: expt-52 - INFO - epoch:60:: train_loss:0.5106875818604205 | train_f1_score: 0.835057724189445
2025-05-07 09:19:52,535 - detect: expt-52 - INFO -              :: val_loss:0.3218986827973131 | val_f1_score:0.892558458110548
2025-05-07 09:19:52,727 - detect: expt-52 - INFO - model saved @/scratch/opsahoo.eee20.itbhu/Thesis/detect_results/expt-52| 2025-05-06 16:38/weights/epoch-60.pt
2025-05-07 09:32:46,823 - locate: expt-3 - INFO - epoch:161:: train_loss:0.7241582824204105 | train_f1_score: 0.728664253172319
2025-05-07 09:35:58,757 - detect: expt-52 - INFO - epoch:61:: train_loss:0.5166441918650974 | train_f1_score: 0.8351662402681953
2025-05-07 09:48:57,005 - locate: expt-3 - INFO - epoch:162:: train_loss:0.7234949248262044 | train_f1_score: 0.7315566890941682
2025-05-07 09:51:55,433 - detect: expt-52 - INFO - epoch:62:: train_loss:0.5948847879827667 | train_f1_score: 0.8215438775482883
2025-05-07 10:05:07,718 - locate: expt-3 - INFO - epoch:163:: train_loss:0.7234575494499133 | train_f1_score: 0.7309927926089768
2025-05-07 10:08:02,045 - detect: expt-52 - INFO - epoch:63:: train_loss:0.5516531687966206 | train_f1_score: 0.8292175113497039
2025-05-07 10:21:23,871 - locate: expt-3 - INFO - epoch:164:: train_loss:0.7204646442085331 | train_f1_score: 0.7317732270778449
2025-05-07 10:24:00,638 - detect: expt-52 - INFO - epoch:64:: train_loss:0.5691209443270498 | train_f1_score: 0.8209674483537327
2025-05-07 10:37:36,542 - locate: expt-3 - INFO - epoch:165:: train_loss:0.7251034920549696 | train_f1_score: 0.7291020451065089
2025-05-07 10:39:56,114 - locate: expt-3 - INFO -              :: val_loss:0.5597054961374738 | val_f1_score:0.8025234173180823
2025-05-07 10:39:57,507 - locate: expt-3 - INFO - model saved @/scratch/opsahoo.eee20.itbhu/Thesis/locate_results/expt-3| 2025-05-05 12:12/weights/epoch-165.pt
2025-05-07 10:39:58,917 - detect: expt-52 - INFO - epoch:65:: train_loss:0.5080258676524385 | train_f1_score: 0.8361680123369062
2025-05-07 10:42:19,278 - detect: expt-52 - INFO -              :: val_loss:0.3862232026692771 | val_f1_score:0.8638848066084351
2025-05-07 10:42:19,458 - detect: expt-52 - INFO - model saved @/scratch/opsahoo.eee20.itbhu/Thesis/detect_results/expt-52| 2025-05-06 16:38/weights/epoch-65.pt
2025-05-07 10:56:17,450 - locate: expt-3 - INFO - epoch:166:: train_loss:0.726666643771559 | train_f1_score: 0.7289556234734461
2025-05-07 10:58:27,413 - detect: expt-52 - INFO - epoch:66:: train_loss:0.49814729902981014 | train_f1_score: 0.83572948867471
2025-05-07 11:12:26,949 - locate: expt-3 - INFO - epoch:167:: train_loss:0.7225218475364351 | train_f1_score: 0.7288291488753041
2025-05-07 11:14:23,811 - detect: expt-52 - INFO - epoch:67:: train_loss:0.49471692986210536 | train_f1_score: 0.8404366818159799
2025-05-07 11:28:49,650 - locate: expt-3 - INFO - epoch:168:: train_loss:0.7261315740218288 | train_f1_score: 0.729015718654197
2025-05-07 11:30:32,903 - detect: expt-52 - INFO - epoch:68:: train_loss:0.5116178909324588 | train_f1_score: 0.8378812387225975
2025-05-07 11:45:04,426 - locate: expt-3 - INFO - epoch:169:: train_loss:0.7227953141230987 | train_f1_score: 0.7322152086889302
2025-05-07 11:46:45,713 - detect: expt-52 - INFO - epoch:69:: train_loss:0.5295868465357978 | train_f1_score: 0.8342145810592149
2025-05-07 12:01:14,832 - locate: expt-3 - INFO - epoch:170:: train_loss:0.7216099526505572 | train_f1_score: 0.7306689597711006
2025-05-07 12:02:57,893 - detect: expt-52 - INFO - epoch:70:: train_loss:0.5194945422290493 | train_f1_score: 0.8360439025350355
2025-05-07 12:03:35,372 - locate: expt-3 - INFO -              :: val_loss:0.6154427218838341 | val_f1_score:0.7729098771477735
2025-05-07 12:03:35,560 - locate: expt-3 - INFO - model saved @/scratch/opsahoo.eee20.itbhu/Thesis/locate_results/expt-3| 2025-05-05 12:12/weights/epoch-170.pt
2025-05-07 12:05:21,243 - detect: expt-52 - INFO -              :: val_loss:0.3508414473909555 | val_f1_score:0.8890787630399758
2025-05-07 12:05:21,399 - detect: expt-52 - INFO - model saved @/scratch/opsahoo.eee20.itbhu/Thesis/detect_results/expt-52| 2025-05-06 16:38/weights/epoch-70.pt
2025-05-07 12:20:12,904 - locate: expt-3 - INFO - epoch:171:: train_loss:0.7235814005636788 | train_f1_score: 0.731050240539347
2025-05-07 12:21:25,631 - detect: expt-52 - INFO - epoch:71:: train_loss:0.6114905224597669 | train_f1_score: 0.8159647927765784
2025-05-07 12:36:53,173 - locate: expt-3 - INFO - epoch:172:: train_loss:0.7235786214574154 | train_f1_score: 0.7309206112761099
2025-05-07 12:37:23,565 - detect: expt-52 - INFO - epoch:72:: train_loss:0.5157661765568274 | train_f1_score: 0.8409645744080805
2025-05-07 12:53:10,751 - locate: expt-3 - INFO - epoch:173:: train_loss:0.7240412160408247 | train_f1_score: 0.7318371420107116
2025-05-07 12:53:33,798 - detect: expt-52 - INFO - epoch:73:: train_loss:0.49931752502731513 | train_f1_score: 0.8401250829788501
2025-05-07 13:09:30,057 - locate: expt-3 - INFO - epoch:174:: train_loss:0.7235479905367888 | train_f1_score: 0.7296510498481669
2025-05-07 13:09:35,069 - detect: expt-52 - INFO - epoch:74:: train_loss:0.4954509571670956 | train_f1_score: 0.8398352479106684
2025-05-07 13:25:39,614 - detect: expt-52 - INFO - epoch:75:: train_loss:0.549789496560969 | train_f1_score: 0.8314405391273958
2025-05-07 13:26:08,762 - locate: expt-3 - INFO - epoch:175:: train_loss:0.7195995791972731 | train_f1_score: 0.7334404098006093
2025-05-07 13:27:59,361 - detect: expt-52 - INFO -              :: val_loss:0.4719222248991371 | val_f1_score:0.8366353093946846
2025-05-07 13:27:59,406 - detect: expt-52 - INFO - model saved @/scratch/opsahoo.eee20.itbhu/Thesis/detect_results/expt-52| 2025-05-06 16:38/weights/epoch-75.pt
2025-05-07 13:28:32,258 - locate: expt-3 - INFO -              :: val_loss:0.5838983567536064 | val_f1_score:0.7930988648037628
2025-05-07 13:28:32,278 - locate: expt-3 - INFO - model saved @/scratch/opsahoo.eee20.itbhu/Thesis/locate_results/expt-3| 2025-05-05 12:12/weights/epoch-175.pt
2025-05-07 13:44:04,508 - detect: expt-52 - INFO - epoch:76:: train_loss:0.4993821594059328 | train_f1_score: 0.8411847081026403
2025-05-07 13:44:43,917 - locate: expt-3 - INFO - epoch:176:: train_loss:0.7195512981740491 | train_f1_score: 0.7324306097007781
2025-05-07 14:00:03,240 - detect: expt-52 - INFO - epoch:77:: train_loss:0.5043778670613999 | train_f1_score: 0.8420203690501443
2025-05-07 14:00:52,780 - locate: expt-3 - INFO - epoch:177:: train_loss:0.7247386517035409 | train_f1_score: 0.7322744926630085
2025-05-07 14:16:06,269 - detect: expt-52 - INFO - epoch:78:: train_loss:0.5011521700370566 | train_f1_score: 0.8417316023133274
2025-05-07 14:16:55,947 - locate: expt-3 - INFO - epoch:178:: train_loss:0.722868448160755 | train_f1_score: 0.729558847086512
2025-05-07 14:32:07,616 - detect: expt-52 - INFO - epoch:79:: train_loss:0.4775177954694947 | train_f1_score: 0.8481768065291614
2025-05-07 14:33:15,389 - locate: expt-3 - INFO - epoch:179:: train_loss:0.7226750899201041 | train_f1_score: 0.7308155604152754
2025-05-07 14:48:19,604 - detect: expt-52 - INFO - epoch:80:: train_loss:0.49086200221765836 | train_f1_score: 0.8420443568053181
2025-05-07 14:49:31,124 - locate: expt-3 - INFO - epoch:180:: train_loss:0.7246215174100863 | train_f1_score: 0.7303405702972303
2025-05-07 14:50:36,553 - detect: expt-52 - INFO -              :: val_loss:0.347417672177837 | val_f1_score:0.896631113577382
2025-05-07 14:50:36,817 - detect: expt-52 - INFO - model saved @/scratch/opsahoo.eee20.itbhu/Thesis/detect_results/expt-52| 2025-05-06 16:38/weights/epoch-80.pt
2025-05-07 14:51:55,773 - locate: expt-3 - INFO -              :: val_loss:0.5689196968636245 | val_f1_score:0.7857295386401656
2025-05-07 14:51:55,805 - locate: expt-3 - INFO - model saved @/scratch/opsahoo.eee20.itbhu/Thesis/locate_results/expt-3| 2025-05-05 12:12/weights/epoch-180.pt
2025-05-07 15:06:30,688 - detect: expt-52 - INFO - epoch:81:: train_loss:0.5006295732400319 | train_f1_score: 0.8444588811416817
2025-05-07 15:08:11,221 - locate: expt-3 - INFO - epoch:181:: train_loss:0.7189830221751351 | train_f1_score: 0.7344058795545311
2025-05-07 15:22:39,158 - detect: expt-52 - INFO - epoch:82:: train_loss:0.5120745222288982 | train_f1_score: 0.8389151504250718
2025-05-07 15:25:03,183 - locate: expt-3 - INFO - epoch:182:: train_loss:0.7189585150797198 | train_f1_score: 0.733854224685162
2025-05-07 15:39:17,810 - detect: expt-52 - INFO - epoch:83:: train_loss:0.49854950965904216 | train_f1_score: 0.8438479107676518
2025-05-07 15:41:11,872 - locate: expt-3 - INFO - epoch:183:: train_loss:0.7145029573829529 | train_f1_score: 0.7329123843603865
2025-05-07 15:55:11,116 - detect: expt-52 - INFO - epoch:84:: train_loss:0.5352153190992214 | train_f1_score: 0.836300279424864
2025-05-07 15:57:14,074 - locate: expt-3 - INFO - epoch:184:: train_loss:0.718021587013595 | train_f1_score: 0.7331197394661749
2025-05-07 16:11:15,166 - detect: expt-52 - INFO - epoch:85:: train_loss:0.49400120902546063 | train_f1_score: 0.8422784777423222
2025-05-07 16:13:21,338 - locate: expt-3 - INFO - epoch:185:: train_loss:0.7211230827272392 | train_f1_score: 0.7321141014047915
2025-05-07 16:13:33,201 - detect: expt-52 - INFO -              :: val_loss:0.32117377206525716 | val_f1_score:0.8963958122163593
2025-05-07 16:13:33,369 - detect: expt-52 - INFO - model saved @/scratch/opsahoo.eee20.itbhu/Thesis/detect_results/expt-52| 2025-05-06 16:38/weights/epoch-85.pt
2025-05-07 16:15:43,008 - locate: expt-3 - INFO -              :: val_loss:0.5738167349622273 | val_f1_score:0.794680807387417
2025-05-07 16:15:43,053 - locate: expt-3 - INFO - model saved @/scratch/opsahoo.eee20.itbhu/Thesis/locate_results/expt-3| 2025-05-05 12:12/weights/epoch-185.pt
2025-05-07 16:29:11,648 - detect: expt-52 - INFO - epoch:86:: train_loss:0.5323331463495536 | train_f1_score: 0.8385663617984237
2025-05-07 16:31:40,422 - locate: expt-3 - INFO - epoch:186:: train_loss:0.7172747644621755 | train_f1_score: 0.7352147383999185
2025-05-07 16:45:23,573 - detect: expt-52 - INFO - epoch:87:: train_loss:0.5230349660972501 | train_f1_score: 0.834700519701814
2025-05-07 16:47:56,793 - locate: expt-3 - INFO - epoch:187:: train_loss:0.7230470402168073 | train_f1_score: 0.7336028302249903
2025-05-07 17:01:39,416 - detect: expt-52 - INFO - epoch:88:: train_loss:0.5514600337321862 | train_f1_score: 0.8313848050822668
2025-05-07 17:04:13,242 - locate: expt-3 - INFO - epoch:188:: train_loss:0.7192679016245028 | train_f1_score: 0.7343761975653341
2025-05-07 17:17:41,048 - detect: expt-52 - INFO - epoch:89:: train_loss:0.5388090967896038 | train_f1_score: 0.8346852362198424
2025-05-07 17:20:56,228 - locate: expt-3 - INFO - epoch:189:: train_loss:0.7161580046438364 | train_f1_score: 0.7353652930299511
2025-05-07 17:33:44,006 - detect: expt-52 - INFO - epoch:90:: train_loss:0.5013838858460336 | train_f1_score: 0.8433734705155042
2025-05-07 17:35:58,975 - detect: expt-52 - INFO -              :: val_loss:0.5287763920489756 | val_f1_score:0.8520549797833482
2025-05-07 17:35:59,194 - detect: expt-52 - INFO - model saved @/scratch/opsahoo.eee20.itbhu/Thesis/detect_results/expt-52| 2025-05-06 16:38/weights/epoch-90.pt
2025-05-07 17:37:05,959 - locate: expt-3 - INFO - epoch:190:: train_loss:0.7178141910023429 | train_f1_score: 0.7328302389754408
2025-05-07 17:39:25,971 - locate: expt-3 - INFO -              :: val_loss:0.5540711196470489 | val_f1_score:0.7938883636282646
2025-05-07 17:39:26,012 - locate: expt-3 - INFO - model saved @/scratch/opsahoo.eee20.itbhu/Thesis/locate_results/expt-3| 2025-05-05 12:12/weights/epoch-190.pt
2025-05-07 17:52:26,085 - detect: expt-52 - INFO - epoch:91:: train_loss:0.521750175903035 | train_f1_score: 0.8434423108450437
2025-05-07 17:55:44,294 - locate: expt-3 - INFO - epoch:191:: train_loss:0.7204621405046876 | train_f1_score: 0.7321215828975368
2025-05-07 18:08:14,997 - detect: expt-52 - INFO - epoch:92:: train_loss:0.49599546621667584 | train_f1_score: 0.8501955938182727
2025-05-07 18:11:58,575 - locate: expt-3 - INFO - epoch:192:: train_loss:0.7209082651188776 | train_f1_score: 0.7347255676093285
2025-05-07 18:23:52,165 - detect: expt-52 - INFO - epoch:93:: train_loss:0.48314474329990115 | train_f1_score: 0.8517718743989166
2025-05-07 18:28:11,144 - locate: expt-3 - INFO - epoch:193:: train_loss:0.7210048206301993 | train_f1_score: 0.733106503997747
2025-05-07 18:39:33,266 - detect: expt-52 - INFO - epoch:94:: train_loss:0.4888361828661174 | train_f1_score: 0.8454218923843853
2025-05-07 18:44:27,544 - locate: expt-3 - INFO - epoch:194:: train_loss:0.7218664833282699 | train_f1_score: 0.7329009991583894
2025-05-07 18:55:05,426 - detect: expt-52 - INFO - epoch:95:: train_loss:0.5014672189628974 | train_f1_score: 0.8428750685061079
2025-05-07 18:57:27,231 - detect: expt-52 - INFO -              :: val_loss:0.24840226094073498 | val_f1_score:0.9306112089123565
2025-05-07 18:57:27,286 - detect: expt-52 - INFO - model saved @/scratch/opsahoo.eee20.itbhu/Thesis/detect_results/expt-52| 2025-05-06 16:38/weights/epoch-95.pt
2025-05-07 19:00:27,092 - locate: expt-3 - INFO - epoch:195:: train_loss:0.7238638683809537 | train_f1_score: 0.7318881196561041
2025-05-07 19:02:46,787 - locate: expt-3 - INFO -              :: val_loss:0.5564310400335045 | val_f1_score:0.7982250990776438
2025-05-07 19:02:46,947 - locate: expt-3 - INFO - model saved @/scratch/opsahoo.eee20.itbhu/Thesis/locate_results/expt-3| 2025-05-05 12:12/weights/epoch-195.pt
2025-05-07 19:13:15,124 - detect: expt-52 - INFO - epoch:96:: train_loss:0.4840903133018915 | train_f1_score: 0.8486684145068811
2025-05-07 19:17:41,149 - locate: expt-4 - INFO - 
2025-05-07 19:17:41,167 - locate: expt-4 - INFO - ++++++++++++++++++++++++++++++++++++++++++++++++++++++++++++++++++++++++
2025-05-07 19:17:41,167 - locate: expt-4 - INFO - ++++++++++++++++++++++++++ Experiment: 4 ++++++++++++++++++++++++++
2025-05-07 19:17:41,168 - locate: expt-4 - INFO - Description: Locate Fault: Training model from scratch considering current as node features.
2025-05-07 19:17:41,168 - locate: expt-4 - INFO - 
2025-05-07 19:17:41,168 - locate: expt-4 - INFO - Dataset info.
2025-05-07 19:17:41,168 - locate: expt-4 - INFO - > Data names: ['microgrid_fault_dataset_rms', 'All_DER_outage_grid_fault_CSV', 'All_DER_outage_islanded_fault_CSV']
2025-05-07 19:17:41,168 - locate: expt-4 - INFO - > Case range: [1, 3000]
2025-05-07 19:17:41,168 - locate: expt-4 - INFO - 
2025-05-07 19:17:41,169 - locate: expt-4 - INFO - Loading model.
2025-05-07 19:17:41,759 - locate: expt-4 - INFO - > No. of parameters: 26349
2025-05-07 19:17:41,759 - locate: expt-4 - INFO - 
2025-05-07 19:17:41,760 - locate: expt-4 - INFO - Using device: cuda
2025-05-07 19:17:42,021 - locate: expt-4 - INFO - > GPU: Tesla V100-PCIE-16GB
2025-05-07 19:21:43,239 - locate: expt-4 - INFO - Dataset Size: 70200
2025-05-07 19:21:44,414 - locate: expt-4 - INFO - 
2025-05-07 19:21:44,414 - locate: expt-4 - INFO - ========== Starting model training. ==========
2025-05-07 19:31:30,153 - detect: expt-52 - INFO - epoch:97:: train_loss:0.4916970502120578 | train_f1_score: 0.8481581308811134
2025-05-07 19:39:19,527 - locate: expt-4 - INFO - epoch:1:: train_loss:1.1928893317201663 | train_f1_score: 0.35560817396656397
2025-05-07 19:47:35,739 - detect: expt-52 - INFO - epoch:98:: train_loss:0.48969454817592784 | train_f1_score: 0.8490166903191251
2025-05-07 19:55:45,634 - locate: expt-4 - INFO - epoch:2:: train_loss:0.7993415066991122 | train_f1_score: 0.6472986232792808
2025-05-07 20:03:35,589 - detect: expt-52 - INFO - epoch:99:: train_loss:0.4836302073395362 | train_f1_score: 0.8484319012134237
2025-05-07 20:12:20,479 - locate: expt-4 - INFO - epoch:3:: train_loss:0.7041059955393114 | train_f1_score: 0.6905745561696511
2025-05-07 20:19:55,737 - detect: expt-52 - INFO - epoch:100:: train_loss:0.47828251791911164 | train_f1_score: 0.8516509526546336
2025-05-07 20:22:12,488 - detect: expt-52 - INFO -              :: val_loss:0.305705448596697 | val_f1_score:0.9370506724954674
2025-05-07 20:22:13,119 - detect: expt-52 - INFO - model saved @/scratch/opsahoo.eee20.itbhu/Thesis/detect_results/expt-52| 2025-05-06 16:38/weights/epoch-100.pt
2025-05-07 20:29:13,280 - locate: expt-4 - INFO - epoch:4:: train_loss:0.6574467820969657 | train_f1_score: 0.7238866460925294
2025-05-07 20:38:11,078 - detect: expt-52 - INFO - epoch:101:: train_loss:0.49641155051886093 | train_f1_score: 0.8426108457516625
2025-05-07 20:46:00,109 - locate: expt-4 - INFO - epoch:5:: train_loss:0.627159701774473 | train_f1_score: 0.7405000398482073
2025-05-07 20:48:19,086 - locate: expt-4 - INFO -              :: val_loss:0.3778469185398819 | val_f1_score:0.8219651795886548
2025-05-07 20:48:19,204 - locate: expt-4 - INFO - model saved @/scratch/opsahoo.eee20.itbhu/Thesis/locate_results/expt-4| 2025-05-07 19:17/weights/epoch-5.pt
2025-05-07 20:54:28,751 - detect: expt-52 - INFO - epoch:102:: train_loss:0.48944856776605106 | train_f1_score: 0.8445608138589493
2025-05-07 21:05:12,271 - locate: expt-4 - INFO - epoch:6:: train_loss:0.6032640599760005 | train_f1_score: 0.7591548583577291
2025-05-07 21:10:28,410 - detect: expt-52 - INFO - epoch:103:: train_loss:0.49202936315567053 | train_f1_score: 0.8429945532529531
2025-05-07 21:21:06,520 - locate: expt-4 - INFO - epoch:7:: train_loss:0.5766993310904249 | train_f1_score: 0.7740396356409772
2025-05-07 21:26:24,132 - detect: expt-52 - INFO - epoch:104:: train_loss:0.49580656700675535 | train_f1_score: 0.8400394431468252
2025-05-07 21:37:10,411 - locate: expt-4 - INFO - epoch:8:: train_loss:0.5612588520949632 | train_f1_score: 0.7803455565861697
2025-05-07 21:42:32,983 - detect: expt-52 - INFO - epoch:105:: train_loss:0.506844992087709 | train_f1_score: 0.8451684927735293
2025-05-07 21:44:46,985 - detect: expt-52 - INFO -              :: val_loss:0.23253326077500427 | val_f1_score:0.9516132524256544
2025-05-07 21:44:47,080 - detect: expt-52 - INFO - model saved @/scratch/opsahoo.eee20.itbhu/Thesis/detect_results/expt-52| 2025-05-06 16:38/weights/epoch-105.pt
2025-05-07 21:53:21,200 - locate: expt-4 - INFO - epoch:9:: train_loss:0.5428478893066028 | train_f1_score: 0.7887001765989629
2025-05-07 22:00:48,825 - detect: expt-52 - INFO - epoch:106:: train_loss:0.5199647156921368 | train_f1_score: 0.8353166239177813
2025-05-07 22:09:29,549 - locate: expt-4 - INFO - epoch:10:: train_loss:0.5362200272223806 | train_f1_score: 0.7937470679087987
2025-05-07 22:11:47,184 - locate: expt-4 - INFO -              :: val_loss:0.3308275509147039 | val_f1_score:0.8289532139684287
2025-05-07 22:11:47,437 - locate: expt-4 - INFO - model saved @/scratch/opsahoo.eee20.itbhu/Thesis/locate_results/expt-4| 2025-05-07 19:17/weights/epoch-10.pt
2025-05-07 22:16:36,276 - detect: expt-52 - INFO - epoch:107:: train_loss:0.7396040797650238 | train_f1_score: 0.7932473967954826
2025-05-07 22:28:42,617 - locate: expt-4 - INFO - epoch:11:: train_loss:0.5275928168091305 | train_f1_score: 0.797579091239028
2025-05-07 22:32:33,008 - detect: expt-52 - INFO - epoch:108:: train_loss:0.4971331673354665 | train_f1_score: 0.8448004840366925
2025-05-07 22:45:15,852 - locate: expt-4 - INFO - epoch:12:: train_loss:0.5169382699390295 | train_f1_score: 0.8000393020079429
2025-05-07 22:48:43,434 - detect: expt-52 - INFO - epoch:109:: train_loss:0.5189489705702458 | train_f1_score: 0.8403128353037683
2025-05-07 23:01:43,730 - locate: expt-4 - INFO - epoch:13:: train_loss:0.5027644628130699 | train_f1_score: 0.8065160517550245
2025-05-07 23:04:49,100 - detect: expt-52 - INFO - epoch:110:: train_loss:0.5809670514216326 | train_f1_score: 0.8212568680022333
2025-05-07 23:07:08,384 - detect: expt-52 - INFO -              :: val_loss:0.26557713236312835 | val_f1_score:0.9306625285685521
2025-05-07 23:07:08,763 - detect: expt-52 - INFO - model saved @/scratch/opsahoo.eee20.itbhu/Thesis/detect_results/expt-52| 2025-05-06 16:38/weights/epoch-110.pt
2025-05-07 23:18:03,688 - locate: expt-4 - INFO - epoch:14:: train_loss:0.4985472929818878 | train_f1_score: 0.80758361184735
2025-05-07 23:23:19,682 - detect: expt-52 - INFO - epoch:111:: train_loss:0.49654445061911123 | train_f1_score: 0.8398098602238896
2025-05-07 23:34:15,675 - locate: expt-4 - INFO - epoch:15:: train_loss:0.4934923837992912 | train_f1_score: 0.8114423253058352
2025-05-07 23:36:35,298 - locate: expt-4 - INFO -              :: val_loss:0.30381465215712466 | val_f1_score:0.8365796346095529
2025-05-07 23:36:35,342 - locate: expt-4 - INFO - model saved @/scratch/opsahoo.eee20.itbhu/Thesis/locate_results/expt-4| 2025-05-07 19:17/weights/epoch-15.pt
2025-05-07 23:39:19,336 - detect: expt-52 - INFO - epoch:112:: train_loss:0.48115870201846017 | train_f1_score: 0.8408162660723956
2025-05-07 23:52:37,534 - locate: expt-4 - INFO - epoch:16:: train_loss:0.4777959680922991 | train_f1_score: 0.8155288943045064
2025-05-07 23:55:21,891 - detect: expt-52 - INFO - epoch:113:: train_loss:0.48515216389220917 | train_f1_score: 0.8467099858113346
2025-05-08 00:08:40,716 - locate: expt-4 - INFO - epoch:17:: train_loss:0.4758373702952221 | train_f1_score: 0.8196200859153562
2025-05-08 00:11:22,476 - detect: expt-52 - INFO - epoch:114:: train_loss:0.49752896261441526 | train_f1_score: 0.8440268149701787
2025-05-08 00:25:06,460 - locate: expt-4 - INFO - epoch:18:: train_loss:0.4686540489969492 | train_f1_score: 0.8237712750733891
2025-05-08 00:27:34,598 - detect: expt-52 - INFO - epoch:115:: train_loss:0.4854412485772012 | train_f1_score: 0.8477705555899631
2025-05-08 00:29:48,616 - detect: expt-52 - INFO -              :: val_loss:0.25845349665252354 | val_f1_score:0.9549196373740935
2025-05-08 00:29:49,047 - detect: expt-52 - INFO - model saved @/scratch/opsahoo.eee20.itbhu/Thesis/detect_results/expt-52| 2025-05-06 16:38/weights/epoch-115.pt
2025-05-08 00:41:46,526 - locate: expt-4 - INFO - epoch:19:: train_loss:0.46366041096830346 | train_f1_score: 0.8222006429573817
2025-05-08 00:45:54,350 - detect: expt-52 - INFO - epoch:116:: train_loss:0.47486290143502025 | train_f1_score: 0.8469920205386867
2025-05-08 00:58:15,158 - locate: expt-4 - INFO - epoch:20:: train_loss:0.4550813070788327 | train_f1_score: 0.8263362539229187
2025-05-08 01:00:40,282 - locate: expt-4 - INFO -              :: val_loss:0.3016399790499101 | val_f1_score:0.8435878802162734
2025-05-08 01:00:40,426 - locate: expt-4 - INFO - model saved @/scratch/opsahoo.eee20.itbhu/Thesis/locate_results/expt-4| 2025-05-07 19:17/weights/epoch-20.pt
2025-05-08 01:01:45,612 - detect: expt-52 - INFO - epoch:117:: train_loss:0.4682373355266156 | train_f1_score: 0.8469636141089063
2025-05-08 01:17:12,838 - locate: expt-4 - INFO - epoch:21:: train_loss:0.4466982740353413 | train_f1_score: 0.830374521232292
2025-05-08 01:17:54,711 - detect: expt-52 - INFO - epoch:118:: train_loss:0.5139715684920614 | train_f1_score: 0.8412169323343516
2025-05-08 01:34:04,134 - detect: expt-52 - INFO - epoch:119:: train_loss:0.46411497003423446 | train_f1_score: 0.8447372641940801
2025-05-08 01:35:08,776 - locate: expt-4 - INFO - epoch:22:: train_loss:0.4504811623617111 | train_f1_score: 0.8281142680709322
2025-05-08 01:50:42,745 - detect: expt-52 - INFO - epoch:120:: train_loss:0.49728013383035474 | train_f1_score: 0.8393505747072244
2025-05-08 01:52:00,010 - locate: expt-4 - INFO - epoch:23:: train_loss:0.4419852713926468 | train_f1_score: 0.8318206669303697
2025-05-08 01:53:01,223 - detect: expt-52 - INFO -              :: val_loss:0.25321417339772173 | val_f1_score:0.9474427992568547
2025-05-08 01:53:01,511 - detect: expt-52 - INFO - model saved @/scratch/opsahoo.eee20.itbhu/Thesis/detect_results/expt-52| 2025-05-06 16:38/weights/epoch-120.pt
2025-05-08 02:08:21,024 - locate: expt-4 - INFO - epoch:24:: train_loss:0.4403732667122836 | train_f1_score: 0.8325873562544605
2025-05-08 02:08:31,301 - detect: expt-52 - INFO - epoch:121:: train_loss:0.4990469168030015 | train_f1_score: 0.8416546655944052
2025-05-08 02:24:12,728 - detect: expt-52 - INFO - epoch:122:: train_loss:0.47977289085121405 | train_f1_score: 0.8475592825816406
2025-05-08 02:24:26,002 - locate: expt-4 - INFO - epoch:25:: train_loss:0.4309972438336491 | train_f1_score: 0.8362597098603451
2025-05-08 02:26:49,651 - locate: expt-4 - INFO -              :: val_loss:0.26506423453479705 | val_f1_score:0.8719328306389235
2025-05-08 02:26:49,730 - locate: expt-4 - INFO - model saved @/scratch/opsahoo.eee20.itbhu/Thesis/locate_results/expt-4| 2025-05-07 19:17/weights/epoch-25.pt
2025-05-08 02:39:58,740 - detect: expt-52 - INFO - epoch:123:: train_loss:0.5004921963945076 | train_f1_score: 0.8440180600616282
2025-05-08 02:42:58,115 - locate: expt-4 - INFO - epoch:26:: train_loss:0.4338081258624019 | train_f1_score: 0.8365973383715483
2025-05-08 02:55:33,464 - detect: expt-52 - INFO - epoch:124:: train_loss:0.481801181864208 | train_f1_score: 0.8444347976763423
2025-05-08 02:59:23,304 - locate: expt-4 - INFO - epoch:27:: train_loss:0.43188281601306916 | train_f1_score: 0.8358809751738233
2025-05-08 03:11:16,938 - detect: expt-52 - INFO - epoch:125:: train_loss:0.4712913554895965 | train_f1_score: 0.847123324310842
2025-05-08 03:13:35,722 - detect: expt-52 - INFO -              :: val_loss:0.3891295896308417 | val_f1_score:0.9422562658935406
2025-05-08 03:13:35,903 - detect: expt-52 - INFO - model saved @/scratch/opsahoo.eee20.itbhu/Thesis/detect_results/expt-52| 2025-05-06 16:38/weights/epoch-125.pt
2025-05-08 03:15:38,845 - locate: expt-4 - INFO - epoch:28:: train_loss:0.42546931397499577 | train_f1_score: 0.8403524229343723
2025-05-08 03:31:49,038 - detect: expt-52 - INFO - epoch:126:: train_loss:0.4692290068043646 | train_f1_score: 0.8474503954636765
2025-05-08 03:32:14,852 - locate: expt-4 - INFO - epoch:29:: train_loss:0.4217191767339821 | train_f1_score: 0.839865022856837
2025-05-08 03:47:37,634 - detect: expt-52 - INFO - epoch:127:: train_loss:0.6376753101906409 | train_f1_score: 0.8185882964697758
2025-05-08 03:48:41,207 - locate: expt-4 - INFO - epoch:30:: train_loss:0.41782174849067605 | train_f1_score: 0.8416072420158681
2025-05-08 03:51:04,590 - locate: expt-4 - INFO -              :: val_loss:0.27255054021107117 | val_f1_score:0.8613305929735101
2025-05-08 03:51:04,745 - locate: expt-4 - INFO - model saved @/scratch/opsahoo.eee20.itbhu/Thesis/locate_results/expt-4| 2025-05-07 19:17/weights/epoch-30.pt
2025-05-08 04:03:09,815 - detect: expt-52 - INFO - epoch:128:: train_loss:0.48941695144328656 | train_f1_score: 0.850097627972691
2025-05-08 04:07:13,342 - locate: expt-4 - INFO - epoch:31:: train_loss:0.4204580398125646 | train_f1_score: 0.8426794158501134
2025-05-08 04:19:08,711 - detect: expt-52 - INFO - epoch:129:: train_loss:0.6018214611442079 | train_f1_score: 0.820754144002471
2025-05-08 04:23:03,322 - locate: expt-4 - INFO - epoch:32:: train_loss:0.41669089748692634 | train_f1_score: 0.8439865258340186
2025-05-08 04:35:05,230 - detect: expt-52 - INFO - epoch:130:: train_loss:0.5336074252939342 | train_f1_score: 0.8357814612936922
2025-05-08 04:37:22,290 - detect: expt-52 - INFO -              :: val_loss:0.22340275316499508 | val_f1_score:0.9305748674763207
2025-05-08 04:37:22,455 - detect: expt-52 - INFO - model saved @/scratch/opsahoo.eee20.itbhu/Thesis/detect_results/expt-52| 2025-05-06 16:38/weights/epoch-130.pt
2025-05-08 04:38:56,724 - locate: expt-4 - INFO - epoch:33:: train_loss:0.4095599896466686 | train_f1_score: 0.8470428211004744
2025-05-08 04:53:31,650 - detect: expt-52 - INFO - epoch:131:: train_loss:0.48695981821837214 | train_f1_score: 0.848864704698465
2025-05-08 04:54:52,876 - locate: expt-4 - INFO - epoch:34:: train_loss:0.408012490895414 | train_f1_score: 0.8464512443256821
2025-05-08 05:09:36,283 - detect: expt-52 - INFO - epoch:132:: train_loss:0.5444443895616403 | train_f1_score: 0.8391647083829542
2025-05-08 05:10:59,762 - locate: expt-4 - INFO - epoch:35:: train_loss:0.4105669616425249 | train_f1_score: 0.845394412679484
2025-05-08 05:13:15,269 - locate: expt-4 - INFO -              :: val_loss:0.25883920889688666 | val_f1_score:0.8776822631040981
2025-05-08 05:13:15,300 - locate: expt-4 - INFO - model saved @/scratch/opsahoo.eee20.itbhu/Thesis/locate_results/expt-4| 2025-05-07 19:17/weights/epoch-35.pt
2025-05-08 05:25:24,662 - detect: expt-52 - INFO - epoch:133:: train_loss:0.6476224357763638 | train_f1_score: 0.817097806422071
2025-05-08 05:29:04,645 - locate: expt-4 - INFO - epoch:36:: train_loss:0.4060342431663782 | train_f1_score: 0.848685638305808
2025-05-08 05:41:23,134 - detect: expt-52 - INFO - epoch:134:: train_loss:0.6356886486606366 | train_f1_score: 0.8148251653839065
2025-05-08 05:44:59,240 - locate: expt-4 - INFO - epoch:37:: train_loss:0.40265739558817365 | train_f1_score: 0.8477406682995937
2025-05-08 05:57:24,325 - detect: expt-52 - INFO - epoch:135:: train_loss:0.49166548949987354 | train_f1_score: 0.8479694855336043
2025-05-08 05:59:43,675 - detect: expt-52 - INFO -              :: val_loss:0.2389607763534069 | val_f1_score:0.9329856543393359
2025-05-08 05:59:43,894 - detect: expt-52 - INFO - model saved @/scratch/opsahoo.eee20.itbhu/Thesis/detect_results/expt-52| 2025-05-06 16:38/weights/epoch-135.pt
2025-05-08 06:00:56,554 - locate: expt-4 - INFO - epoch:38:: train_loss:0.4018365862628986 | train_f1_score: 0.8482465355734239
2025-05-08 06:17:10,670 - locate: expt-4 - INFO - epoch:39:: train_loss:0.40028868129135375 | train_f1_score: 0.8500325641894318
2025-05-08 06:17:44,153 - detect: expt-52 - INFO - epoch:136:: train_loss:0.49328716535906025 | train_f1_score: 0.8439686333818349
2025-05-08 06:33:08,244 - locate: expt-4 - INFO - epoch:40:: train_loss:0.3965483376646287 | train_f1_score: 0.8491415503699048
2025-05-08 06:33:37,326 - detect: expt-52 - INFO - epoch:137:: train_loss:0.4649560455204183 | train_f1_score: 0.850349456181843
2025-05-08 06:35:23,634 - locate: expt-4 - INFO -              :: val_loss:0.2640041805944675 | val_f1_score:0.8780277161358523
2025-05-08 06:35:23,664 - locate: expt-4 - INFO - model saved @/scratch/opsahoo.eee20.itbhu/Thesis/locate_results/expt-4| 2025-05-07 19:17/weights/epoch-40.pt
2025-05-08 06:49:24,305 - detect: expt-52 - INFO - epoch:138:: train_loss:0.48648373823811497 | train_f1_score: 0.8498221035259134
2025-05-08 06:51:08,923 - locate: expt-4 - INFO - epoch:41:: train_loss:0.3957884975487375 | train_f1_score: 0.8509083985875373
2025-05-08 07:05:09,965 - detect: expt-52 - INFO - epoch:139:: train_loss:0.47326207733717296 | train_f1_score: 0.8463138888417772
2025-05-08 07:07:02,204 - locate: expt-4 - INFO - epoch:42:: train_loss:0.3985746540294317 | train_f1_score: 0.8504960424241613
2025-05-08 07:20:53,282 - detect: expt-52 - INFO - epoch:140:: train_loss:0.45601218009443156 | train_f1_score: 0.8533824421500976
2025-05-08 07:23:14,059 - detect: expt-52 - INFO -              :: val_loss:0.37951239127261666 | val_f1_score:0.8889336189548781
2025-05-08 07:23:14,133 - detect: expt-52 - INFO - model saved @/scratch/opsahoo.eee20.itbhu/Thesis/detect_results/expt-52| 2025-05-06 16:38/weights/epoch-140.pt
2025-05-08 07:23:56,296 - locate: expt-4 - INFO - epoch:43:: train_loss:0.3930594410930972 | train_f1_score: 0.8508866709855418
2025-05-08 07:38:54,300 - detect: expt-52 - INFO - epoch:141:: train_loss:0.4890174493012652 | train_f1_score: 0.8504397158346926
2025-05-08 07:40:21,948 - locate: expt-4 - INFO - epoch:44:: train_loss:0.3919127749970299 | train_f1_score: 0.8534250533389413
2025-05-08 07:54:22,686 - detect: expt-52 - INFO - epoch:142:: train_loss:0.47798378468082114 | train_f1_score: 0.8476955237986518
2025-05-08 07:56:56,669 - locate: expt-4 - INFO - epoch:45:: train_loss:0.39355903963211697 | train_f1_score: 0.8491518692844137
2025-05-08 07:59:18,040 - locate: expt-4 - INFO -              :: val_loss:0.2642153361690945 | val_f1_score:0.8846160550292542
2025-05-08 07:59:18,084 - locate: expt-4 - INFO - model saved @/scratch/opsahoo.eee20.itbhu/Thesis/locate_results/expt-4| 2025-05-07 19:17/weights/epoch-45.pt
2025-05-08 08:10:00,123 - detect: expt-52 - INFO - epoch:143:: train_loss:0.4729035357398349 | train_f1_score: 0.8481329345986158
2025-05-08 08:15:26,090 - locate: expt-4 - INFO - epoch:46:: train_loss:0.38922336927314455 | train_f1_score: 0.8515377740030129
2025-05-08 08:25:34,995 - detect: expt-52 - INFO - epoch:144:: train_loss:0.49226817866062356 | train_f1_score: 0.8458757725773874
2025-05-08 08:31:50,875 - locate: expt-4 - INFO - epoch:47:: train_loss:0.38622664072090385 | train_f1_score: 0.8534082789859623
2025-05-08 08:41:28,267 - detect: expt-52 - INFO - epoch:145:: train_loss:0.46109439520653017 | train_f1_score: 0.8483068509541133
2025-05-08 08:43:43,501 - detect: expt-52 - INFO -              :: val_loss:0.21083177988858315 | val_f1_score:0.9462532563464091
2025-05-08 08:43:43,648 - detect: expt-52 - INFO - model saved @/scratch/opsahoo.eee20.itbhu/Thesis/detect_results/expt-52| 2025-05-06 16:38/weights/epoch-145.pt
2025-05-08 08:48:05,034 - locate: expt-4 - INFO - epoch:48:: train_loss:0.38973496650122424 | train_f1_score: 0.852664719718864
2025-05-08 08:59:34,209 - detect: expt-52 - INFO - epoch:146:: train_loss:0.46476266787963477 | train_f1_score: 0.849925114763369
2025-05-08 09:03:56,645 - locate: expt-4 - INFO - epoch:49:: train_loss:0.3854517512349338 | train_f1_score: 0.8520654193013063
2025-05-08 09:15:37,841 - detect: expt-52 - INFO - epoch:147:: train_loss:0.4638616170664816 | train_f1_score: 0.8487375911108334
2025-05-08 09:19:55,908 - locate: expt-4 - INFO - epoch:50:: train_loss:0.3809129863713901 | train_f1_score: 0.8540401930712109
2025-05-08 09:22:07,382 - locate: expt-4 - INFO -              :: val_loss:0.23699458263183265 | val_f1_score:0.9037167117933723
2025-05-08 09:22:07,417 - locate: expt-4 - INFO - model saved @/scratch/opsahoo.eee20.itbhu/Thesis/locate_results/expt-4| 2025-05-07 19:17/weights/epoch-50.pt
2025-05-08 09:32:00,639 - detect: expt-52 - INFO - epoch:148:: train_loss:0.48704229984145214 | train_f1_score: 0.8501846747977165
2025-05-08 09:40:27,756 - locate: expt-4 - INFO - epoch:51:: train_loss:0.3749033352316812 | train_f1_score: 0.8572355221899047
2025-05-08 09:48:03,196 - detect: expt-52 - INFO - epoch:149:: train_loss:0.5046927925610168 | train_f1_score: 0.8489122864585289
2025-05-08 09:56:40,533 - locate: expt-4 - INFO - epoch:52:: train_loss:0.3768112015643712 | train_f1_score: 0.8549490256141264
2025-05-08 10:03:36,065 - detect: expt-52 - INFO - epoch:150:: train_loss:0.45653333326427586 | train_f1_score: 0.8548802532489912
2025-05-08 10:05:59,617 - detect: expt-52 - INFO -              :: val_loss:0.25092204509357524 | val_f1_score:0.9451861613178175
2025-05-08 10:05:59,839 - detect: expt-52 - INFO - model saved @/scratch/opsahoo.eee20.itbhu/Thesis/detect_results/expt-52| 2025-05-06 16:38/weights/epoch-150.pt
2025-05-08 10:12:35,774 - locate: expt-4 - INFO - epoch:53:: train_loss:0.3778053655129514 | train_f1_score: 0.8543575214411501
2025-05-08 10:21:35,579 - detect: expt-52 - INFO - epoch:151:: train_loss:0.5006629107007414 | train_f1_score: 0.8478304049473654
2025-05-08 10:28:59,076 - locate: expt-4 - INFO - epoch:54:: train_loss:0.3730405970720165 | train_f1_score: 0.8552376652678557
2025-05-08 10:37:17,648 - detect: expt-52 - INFO - epoch:152:: train_loss:0.46596119052537727 | train_f1_score: 0.8535466096395528
2025-05-08 10:44:52,402 - detect: expt-53 - INFO - 
2025-05-08 10:44:52,428 - detect: expt-53 - INFO - ++++++++++++++++++++++++++++++++++++++++++++++++++++++++++++++++++++++++
2025-05-08 10:44:52,428 - detect: expt-53 - INFO - ++++++++++++++++++++++++++ Experiment: 53 ++++++++++++++++++++++++++
2025-05-08 10:44:52,428 - detect: expt-53 - INFO - Description: Detect Fault: Training model from expt-52 on all data considering current as node features.
2025-05-08 10:44:52,429 - detect: expt-53 - INFO - 
2025-05-08 10:44:52,429 - detect: expt-53 - INFO - Dataset info.
2025-05-08 10:44:52,429 - detect: expt-53 - INFO - > Data names: ['microgrid_fault_dataset_rms', 'All_DER_outage_grid_fault_CSV', 'All_DER_outage_islanded_fault_CSV']
2025-05-08 10:44:52,429 - detect: expt-53 - INFO - > Case range: [1, 9000]
2025-05-08 10:44:52,429 - detect: expt-53 - INFO - 
2025-05-08 10:44:52,430 - detect: expt-53 - INFO - Loading model.
2025-05-08 10:44:53,091 - detect: expt-53 - INFO - > No. of parameters: 26343
2025-05-08 10:44:53,092 - detect: expt-53 - INFO - 
2025-05-08 10:44:53,092 - detect: expt-53 - INFO - Using device: cuda
2025-05-08 10:44:53,363 - detect: expt-53 - INFO - > GPU: Tesla V100-PCIE-16GB
2025-05-08 10:47:02,033 - locate: expt-4 - INFO - epoch:55:: train_loss:0.36842946738684584 | train_f1_score: 0.8567718294131543
2025-05-08 10:49:37,980 - locate: expt-4 - INFO -              :: val_loss:0.2299894784989165 | val_f1_score:0.9043125333441454
2025-05-08 10:49:38,492 - locate: expt-4 - INFO - model saved @/scratch/opsahoo.eee20.itbhu/Thesis/locate_results/expt-4| 2025-05-07 19:17/weights/epoch-55.pt
2025-05-08 10:51:14,780 - detect: expt-53 - INFO - Dataset Size: 75600
2025-05-08 10:51:17,693 - detect: expt-53 - INFO - 
2025-05-08 10:51:17,694 - detect: expt-53 - INFO - Loading pretrained model from: detect_results/expt-52| 2025-05-06 16:38/weights/epoch-150.pt
2025-05-08 10:51:17,694 - detect: expt-53 - INFO - > Used data info:: names: ['microgrid_fault_dataset_rms', 'All_DER_outage_grid_fault_CSV', 'All_DER_outage_islanded_fault_CSV'], range: [1, 3000]
2025-05-08 10:51:17,694 - detect: expt-53 - INFO - > epoch:150:: train_loss:0.45653333326427586 | train_f1_score: 0.8548802532489912
2025-05-08 10:51:17,712 - detect: expt-53 - INFO - 
2025-05-08 10:51:17,713 - detect: expt-53 - INFO - ========== Starting model training. ==========
2025-05-08 11:06:51,416 - locate: expt-4 - INFO - epoch:56:: train_loss:0.3648561486302972 | train_f1_score: 0.8589914773815118
2025-05-08 11:09:11,482 - detect: expt-53 - INFO - epoch:1:: train_loss:0.9029727493272777 | train_f1_score: 0.7593714008992692
2025-05-08 11:22:59,989 - locate: expt-4 - INFO - epoch:57:: train_loss:0.36462187008925784 | train_f1_score: 0.8567719415148298
2025-05-08 11:26:13,330 - detect: expt-53 - INFO - epoch:2:: train_loss:0.7852106040870216 | train_f1_score: 0.7710320646989187
2025-05-08 11:39:42,765 - locate: expt-4 - INFO - epoch:58:: train_loss:0.36701781513058873 | train_f1_score: 0.8577844999181065
2025-05-08 11:43:17,233 - detect: expt-53 - INFO - epoch:3:: train_loss:0.7514366292050471 | train_f1_score: 0.7770251840623837
2025-05-08 11:56:05,931 - locate: expt-4 - INFO - epoch:59:: train_loss:0.35922434425953015 | train_f1_score: 0.8573879306817461
2025-05-08 12:00:20,871 - detect: expt-53 - INFO - epoch:4:: train_loss:0.6993699465153973 | train_f1_score: 0.7790654881431381
2025-05-08 12:12:24,864 - locate: expt-4 - INFO - epoch:60:: train_loss:0.36045263083680135 | train_f1_score: 0.8565096329321412
2025-05-08 12:14:51,301 - locate: expt-4 - INFO -              :: val_loss:0.2212303380483776 | val_f1_score:0.9056973143791773
2025-05-08 12:14:52,506 - locate: expt-4 - INFO - model saved @/scratch/opsahoo.eee20.itbhu/Thesis/locate_results/expt-4| 2025-05-07 19:17/weights/epoch-60.pt
2025-05-08 12:17:09,788 - detect: expt-53 - INFO - epoch:5:: train_loss:0.7024525495327367 | train_f1_score: 0.7804211315464741
2025-05-08 12:19:37,385 - detect: expt-53 - INFO -              :: val_loss:0.4536716703958857 | val_f1_score:0.8769163281771364
2025-05-08 12:19:37,440 - detect: expt-53 - INFO - model saved @/scratch/opsahoo.eee20.itbhu/Thesis/detect_results/expt-53| 2025-05-08 10:44/weights/epoch-5.pt
2025-05-08 12:30:50,158 - locate: expt-4 - INFO - epoch:61:: train_loss:0.3549065390434488 | train_f1_score: 0.8599623297033401
2025-05-08 12:37:00,253 - detect: expt-53 - INFO - epoch:6:: train_loss:0.7019007291074267 | train_f1_score: 0.7844779237889609
2025-05-08 12:46:21,785 - locate: expt-4 - INFO - epoch:62:: train_loss:0.3574836351646621 | train_f1_score: 0.8604708035070922
2025-05-08 12:54:17,731 - detect: expt-53 - INFO - epoch:7:: train_loss:0.6756981867897079 | train_f1_score: 0.7799886867081406
2025-05-08 13:02:18,377 - locate: expt-4 - INFO - epoch:63:: train_loss:0.35666770483796445 | train_f1_score: 0.8593747941438813
2025-05-08 13:11:50,212 - detect: expt-53 - INFO - epoch:8:: train_loss:0.67149314016214 | train_f1_score: 0.77795631075615
2025-05-08 13:18:14,531 - locate: expt-4 - INFO - epoch:64:: train_loss:0.3562741912447087 | train_f1_score: 0.8619922059902226
2025-05-08 13:30:50,582 - detect: expt-53 - INFO - epoch:9:: train_loss:0.6772076366768948 | train_f1_score: 0.7814606077877979
2025-05-08 13:34:24,482 - locate: expt-4 - INFO - epoch:65:: train_loss:0.3552701812102232 | train_f1_score: 0.8607780909170902
2025-05-08 13:36:37,044 - locate: expt-4 - INFO -              :: val_loss:0.23534312661076834 | val_f1_score:0.9019484147307525
2025-05-08 13:36:37,186 - locate: expt-4 - INFO - model saved @/scratch/opsahoo.eee20.itbhu/Thesis/locate_results/expt-4| 2025-05-07 19:17/weights/epoch-65.pt
2025-05-08 13:49:27,897 - detect: expt-53 - INFO - epoch:10:: train_loss:0.6754572399130918 | train_f1_score: 0.7801644965367159
2025-05-08 13:51:58,432 - detect: expt-53 - INFO -              :: val_loss:0.4395097627418554 | val_f1_score:0.8745485034468535
2025-05-08 13:51:58,470 - detect: expt-53 - INFO - model saved @/scratch/opsahoo.eee20.itbhu/Thesis/detect_results/expt-53| 2025-05-08 10:44/weights/epoch-10.pt
2025-05-08 13:52:26,030 - locate: expt-4 - INFO - epoch:66:: train_loss:0.3556982518945017 | train_f1_score: 0.8610138246500921
2025-05-08 14:08:28,284 - locate: expt-4 - INFO - epoch:67:: train_loss:0.35518305335370104 | train_f1_score: 0.8606901370516504
2025-05-08 14:09:20,571 - detect: expt-53 - INFO - epoch:11:: train_loss:0.6725931165440326 | train_f1_score: 0.7752458122587057
2025-05-08 14:24:21,961 - locate: expt-4 - INFO - epoch:68:: train_loss:0.3536351290795062 | train_f1_score: 0.8619456952357414
2025-05-08 14:26:42,224 - detect: expt-53 - INFO - epoch:12:: train_loss:0.6400570152709939 | train_f1_score: 0.7826999926366227
2025-05-08 14:40:17,081 - locate: expt-4 - INFO - epoch:69:: train_loss:0.3528343192806401 | train_f1_score: 0.8627698581169129
2025-05-08 14:44:08,249 - detect: expt-53 - INFO - epoch:13:: train_loss:0.6733017107584766 | train_f1_score: 0.7800760938042905
2025-05-08 14:56:21,499 - locate: expt-4 - INFO - epoch:70:: train_loss:0.3518226026478478 | train_f1_score: 0.8637971108445158
2025-05-08 14:58:42,136 - locate: expt-4 - INFO -              :: val_loss:0.21535361088019442 | val_f1_score:0.9029832533554886
2025-05-08 14:58:42,303 - locate: expt-4 - INFO - model saved @/scratch/opsahoo.eee20.itbhu/Thesis/locate_results/expt-4| 2025-05-07 19:17/weights/epoch-70.pt
2025-05-08 15:01:25,919 - detect: expt-53 - INFO - epoch:14:: train_loss:0.6773664501722342 | train_f1_score: 0.7743550449073776
2025-05-08 15:14:47,343 - locate: expt-4 - INFO - epoch:71:: train_loss:0.35182895413024334 | train_f1_score: 0.8638419087702447
2025-05-08 15:18:57,276 - detect: expt-53 - INFO - epoch:15:: train_loss:0.6564683513641327 | train_f1_score: 0.7765722870919716
2025-05-08 15:21:22,001 - detect: expt-53 - INFO -              :: val_loss:0.451973537301055 | val_f1_score:0.8732890078185542
2025-05-08 15:21:22,040 - detect: expt-53 - INFO - model saved @/scratch/opsahoo.eee20.itbhu/Thesis/detect_results/expt-53| 2025-05-08 10:44/weights/epoch-15.pt
2025-05-08 15:30:50,600 - locate: expt-4 - INFO - epoch:72:: train_loss:0.34397299702018885 | train_f1_score: 0.8640946851231558
2025-05-08 15:38:31,885 - detect: expt-53 - INFO - epoch:16:: train_loss:0.6459646987366431 | train_f1_score: 0.7804001391958161
2025-05-08 15:46:57,706 - locate: expt-4 - INFO - epoch:73:: train_loss:0.35022442072842985 | train_f1_score: 0.8642142019474212
2025-05-08 15:55:50,481 - detect: expt-53 - INFO - epoch:17:: train_loss:0.6449271891044219 | train_f1_score: 0.7818225649568168
2025-05-08 16:03:12,897 - locate: expt-4 - INFO - epoch:74:: train_loss:0.3464707537365479 | train_f1_score: 0.8643980054743815
2025-05-08 16:13:15,518 - detect: expt-53 - INFO - epoch:18:: train_loss:0.6560408681972374 | train_f1_score: 0.7869865088870702
2025-05-08 16:19:13,124 - locate: expt-4 - INFO - epoch:75:: train_loss:0.34565525089635146 | train_f1_score: 0.8641597070811223
2025-05-08 16:21:27,698 - locate: expt-4 - INFO -              :: val_loss:0.27038908891823926 | val_f1_score:0.8999717631705219
2025-05-08 16:21:28,014 - locate: expt-4 - INFO - model saved @/scratch/opsahoo.eee20.itbhu/Thesis/locate_results/expt-4| 2025-05-07 19:17/weights/epoch-75.pt
2025-05-08 16:30:35,909 - detect: expt-53 - INFO - epoch:19:: train_loss:0.658528324902786 | train_f1_score: 0.7810436470175706
2025-05-08 16:37:21,037 - locate: expt-4 - INFO - epoch:76:: train_loss:0.3447012416226505 | train_f1_score: 0.864029661262642
2025-05-08 16:47:47,365 - detect: expt-53 - INFO - epoch:20:: train_loss:0.6421109442590791 | train_f1_score: 0.7822315797984271
2025-05-08 16:50:17,215 - detect: expt-53 - INFO -              :: val_loss:0.4653045189403469 | val_f1_score:0.893439371908277
2025-05-08 16:50:17,236 - detect: expt-53 - INFO - model saved @/scratch/opsahoo.eee20.itbhu/Thesis/detect_results/expt-53| 2025-05-08 10:44/weights/epoch-20.pt
2025-05-08 16:53:46,364 - locate: expt-4 - INFO - epoch:77:: train_loss:0.34329252803476423 | train_f1_score: 0.8653333850519669
2025-05-08 17:07:35,523 - detect: expt-53 - INFO - epoch:21:: train_loss:0.6262165172076964 | train_f1_score: 0.7812426698051443
2025-05-08 17:11:19,792 - locate: expt-4 - INFO - epoch:78:: train_loss:0.34275678741382 | train_f1_score: 0.8644420451248981
2025-05-08 17:25:08,799 - detect: expt-53 - INFO - epoch:22:: train_loss:0.6405165889457024 | train_f1_score: 0.7832933863355515
2025-05-08 17:27:19,274 - locate: expt-4 - INFO - epoch:79:: train_loss:0.34035221666169674 | train_f1_score: 0.8660597687921817
2025-05-08 17:42:14,241 - detect: expt-53 - INFO - epoch:23:: train_loss:0.6292784925406719 | train_f1_score: 0.7832717655575288
2025-05-08 17:43:33,145 - locate: expt-4 - INFO - epoch:80:: train_loss:0.3387110935036219 | train_f1_score: 0.8671912149498308
2025-05-08 17:45:58,063 - locate: expt-4 - INFO -              :: val_loss:0.20625980502814492 | val_f1_score:0.9155108770869034
2025-05-08 17:45:58,414 - locate: expt-4 - INFO - model saved @/scratch/opsahoo.eee20.itbhu/Thesis/locate_results/expt-4| 2025-05-07 19:17/weights/epoch-80.pt
2025-05-08 17:59:31,563 - detect: expt-53 - INFO - epoch:24:: train_loss:0.6267989710824378 | train_f1_score: 0.7883686258957688
2025-05-08 18:02:33,486 - locate: expt-4 - INFO - epoch:81:: train_loss:0.3437533108316794 | train_f1_score: 0.8662695029664285
2025-05-08 18:17:00,479 - detect: expt-53 - INFO - epoch:25:: train_loss:0.6109916514978433 | train_f1_score: 0.7894662099518835
2025-05-08 18:18:56,212 - locate: expt-4 - INFO - epoch:82:: train_loss:0.3413049705719097 | train_f1_score: 0.8646773508282334
2025-05-08 18:19:23,909 - detect: expt-53 - INFO -              :: val_loss:0.36685684470334107 | val_f1_score:0.9056766836509887
2025-05-08 18:19:24,010 - detect: expt-53 - INFO - model saved @/scratch/opsahoo.eee20.itbhu/Thesis/detect_results/expt-53| 2025-05-08 10:44/weights/epoch-25.pt
2025-05-08 18:35:37,820 - locate: expt-4 - INFO - epoch:83:: train_loss:0.33938020126161283 | train_f1_score: 0.8638174815144132
2025-05-08 18:36:39,797 - detect: expt-53 - INFO - epoch:26:: train_loss:0.6079712154052794 | train_f1_score: 0.7867899829279168
2025-05-08 18:54:09,498 - detect: expt-53 - INFO - epoch:27:: train_loss:0.5937105837001037 | train_f1_score: 0.7909763377777742
2025-05-08 18:54:39,301 - locate: expt-4 - INFO - epoch:84:: train_loss:0.3381399438410809 | train_f1_score: 0.8668552093306775
2025-05-08 19:10:39,920 - locate: expt-4 - INFO - epoch:85:: train_loss:0.3387620644908889 | train_f1_score: 0.8656970973187063
2025-05-08 19:11:20,889 - detect: expt-53 - INFO - epoch:28:: train_loss:0.6176382670338447 | train_f1_score: 0.7904002287663869
2025-05-08 19:13:02,180 - locate: expt-4 - INFO -              :: val_loss:0.2091184243652114 | val_f1_score:0.9165048964153436
2025-05-08 19:13:02,261 - locate: expt-4 - INFO - model saved @/scratch/opsahoo.eee20.itbhu/Thesis/locate_results/expt-4| 2025-05-07 19:17/weights/epoch-85.pt
2025-05-08 19:28:45,538 - detect: expt-53 - INFO - epoch:29:: train_loss:0.61263674235881 | train_f1_score: 0.7893456736694573
2025-05-08 19:29:00,089 - locate: expt-4 - INFO - epoch:86:: train_loss:0.33497524968284986 | train_f1_score: 0.8660362274899004
2025-05-08 19:44:43,531 - locate: expt-4 - INFO - epoch:87:: train_loss:0.3387502487863979 | train_f1_score: 0.8638501494700671
2025-05-08 19:46:09,215 - detect: expt-53 - INFO - epoch:30:: train_loss:0.6114545124885964 | train_f1_score: 0.7862281133086826
2025-05-08 19:48:49,721 - detect: expt-53 - INFO -              :: val_loss:0.3842145301249706 | val_f1_score:0.8922793203278728
2025-05-08 19:48:49,855 - detect: expt-53 - INFO - model saved @/scratch/opsahoo.eee20.itbhu/Thesis/detect_results/expt-53| 2025-05-08 10:44/weights/epoch-30.pt
2025-05-08 20:00:42,157 - locate: expt-4 - INFO - epoch:88:: train_loss:0.34118398814261497 | train_f1_score: 0.8649800251168097
2025-05-08 20:06:42,240 - detect: expt-53 - INFO - epoch:31:: train_loss:0.6094399289968309 | train_f1_score: 0.7906033571855626
2025-05-08 20:17:01,820 - locate: expt-4 - INFO - epoch:89:: train_loss:0.33517979375544127 | train_f1_score: 0.8670486686262251
2025-05-08 20:23:25,635 - detect: expt-53 - INFO - epoch:32:: train_loss:0.6331339312800885 | train_f1_score: 0.7827626572354021
2025-05-08 20:33:15,171 - locate: expt-4 - INFO - epoch:90:: train_loss:0.3400252794365298 | train_f1_score: 0.8649901597197749
2025-05-08 20:35:46,793 - locate: expt-4 - INFO -              :: val_loss:0.19593060123925948 | val_f1_score:0.9204212337259916
2025-05-08 20:35:46,864 - locate: expt-4 - INFO - model saved @/scratch/opsahoo.eee20.itbhu/Thesis/locate_results/expt-4| 2025-05-07 19:17/weights/epoch-90.pt
2025-05-08 20:40:16,830 - detect: expt-53 - INFO - epoch:33:: train_loss:0.6335096510082283 | train_f1_score: 0.785280378818303
2025-05-08 20:51:59,866 - locate: expt-4 - INFO - epoch:91:: train_loss:0.3428413053587565 | train_f1_score: 0.8646511711621282
2025-05-08 20:57:23,596 - detect: expt-53 - INFO - epoch:34:: train_loss:0.6141428578749003 | train_f1_score: 0.7852398733253582
2025-05-08 21:08:17,292 - locate: expt-4 - INFO - epoch:92:: train_loss:0.3335544295193883 | train_f1_score: 0.8665100666147091
2025-05-08 21:14:18,238 - detect: expt-53 - INFO - epoch:35:: train_loss:0.6257119449505562 | train_f1_score: 0.7867440855503407
2025-05-08 21:16:52,600 - detect: expt-53 - INFO -              :: val_loss:0.38995585646373193 | val_f1_score:0.8886216759257076
2025-05-08 21:16:52,630 - detect: expt-53 - INFO - model saved @/scratch/opsahoo.eee20.itbhu/Thesis/detect_results/expt-53| 2025-05-08 10:44/weights/epoch-35.pt
2025-05-08 21:24:29,685 - locate: expt-4 - INFO - epoch:93:: train_loss:0.33299178884279795 | train_f1_score: 0.8690516646889147
2025-05-08 21:33:40,570 - detect: expt-53 - INFO - epoch:36:: train_loss:0.6121427107424606 | train_f1_score: 0.7868900844391563
2025-05-08 21:40:59,421 - locate: expt-4 - INFO - epoch:94:: train_loss:0.33656503122596626 | train_f1_score: 0.8676613206845865
2025-05-08 21:50:34,504 - detect: expt-53 - INFO - epoch:37:: train_loss:0.6160976584397808 | train_f1_score: 0.7856995043041932
2025-05-08 21:57:25,884 - locate: expt-4 - INFO - epoch:95:: train_loss:0.33645233134851704 | train_f1_score: 0.866306364912017
2025-05-08 21:59:57,312 - locate: expt-4 - INFO -              :: val_loss:0.2088895520106175 | val_f1_score:0.9183693285706789
2025-05-08 21:59:57,408 - locate: expt-4 - INFO - model saved @/scratch/opsahoo.eee20.itbhu/Thesis/locate_results/expt-4| 2025-05-07 19:17/weights/epoch-95.pt
2025-05-08 22:07:21,206 - detect: expt-53 - INFO - epoch:38:: train_loss:0.5919738517828133 | train_f1_score: 0.7936066864548919
2025-05-08 22:16:40,879 - locate: expt-4 - INFO - epoch:96:: train_loss:0.33597141370309114 | train_f1_score: 0.8677997139944659
2025-05-08 22:24:13,423 - detect: expt-53 - INFO - epoch:39:: train_loss:0.6191188408255368 | train_f1_score: 0.7830793853607246
2025-05-08 22:33:24,310 - locate: expt-4 - INFO - epoch:97:: train_loss:0.3351053965199219 | train_f1_score: 0.8664659561518672
2025-05-08 22:41:19,029 - detect: expt-53 - INFO - epoch:40:: train_loss:0.6155414477764601 | train_f1_score: 0.7844943431371272
2025-05-08 22:43:52,322 - detect: expt-53 - INFO -              :: val_loss:0.35798250337844933 | val_f1_score:0.9153822847308758
2025-05-08 22:43:52,348 - detect: expt-53 - INFO - model saved @/scratch/opsahoo.eee20.itbhu/Thesis/detect_results/expt-53| 2025-05-08 10:44/weights/epoch-40.pt
2025-05-08 22:50:17,474 - locate: expt-4 - INFO - epoch:98:: train_loss:0.33433540990515415 | train_f1_score: 0.8673861899998361
2025-05-08 23:02:28,014 - detect: expt-53 - INFO - epoch:41:: train_loss:0.6080978679136393 | train_f1_score: 0.7880328507429554
2025-05-08 23:06:28,037 - locate: expt-4 - INFO - epoch:99:: train_loss:0.33353222302083874 | train_f1_score: 0.8666153770741488
2025-05-08 23:19:43,785 - detect: expt-53 - INFO - epoch:42:: train_loss:0.5901901390800566 | train_f1_score: 0.7905292644066837
2025-05-08 23:22:34,175 - locate: expt-4 - INFO - epoch:100:: train_loss:0.3334813616336543 | train_f1_score: 0.8675854939380189
2025-05-08 23:25:02,529 - locate: expt-4 - INFO -              :: val_loss:0.2050074557525478 | val_f1_score:0.9211491592273974
2025-05-08 23:25:02,586 - locate: expt-4 - INFO - model saved @/scratch/opsahoo.eee20.itbhu/Thesis/locate_results/expt-4| 2025-05-07 19:17/weights/epoch-100.pt
2025-05-08 23:36:56,284 - detect: expt-53 - INFO - epoch:43:: train_loss:0.5944491742855897 | train_f1_score: 0.7877783361616387
2025-05-08 23:41:15,675 - locate: expt-4 - INFO - epoch:101:: train_loss:0.3383274410014538 | train_f1_score: 0.8664938411739973
2025-05-08 23:54:10,811 - detect: expt-53 - INFO - epoch:44:: train_loss:0.5853330333229924 | train_f1_score: 0.790795829106988
2025-05-08 23:57:17,581 - locate: expt-4 - INFO - epoch:102:: train_loss:0.3339174063304703 | train_f1_score: 0.8673485482553733
2025-05-09 00:11:20,801 - detect: expt-53 - INFO - epoch:45:: train_loss:0.5854955218695633 | train_f1_score: 0.7925105404557042
2025-05-09 00:13:28,350 - locate: expt-4 - INFO - epoch:103:: train_loss:0.3326794867806343 | train_f1_score: 0.867897131195121
2025-05-09 00:13:54,272 - detect: expt-53 - INFO -              :: val_loss:0.3643920395786857 | val_f1_score:0.914938429186975
2025-05-09 00:13:54,293 - detect: expt-53 - INFO - model saved @/scratch/opsahoo.eee20.itbhu/Thesis/detect_results/expt-53| 2025-05-08 10:44/weights/epoch-45.pt
2025-05-09 00:29:39,274 - locate: expt-4 - INFO - epoch:104:: train_loss:0.33310521434294704 | train_f1_score: 0.8664864633569714
2025-05-09 00:31:07,668 - detect: expt-53 - INFO - epoch:46:: train_loss:0.5940396507141233 | train_f1_score: 0.788924823640311
2025-05-09 00:45:32,512 - locate: expt-4 - INFO - epoch:105:: train_loss:0.3355877737501449 | train_f1_score: 0.8667731858209794
2025-05-09 00:47:55,722 - locate: expt-4 - INFO -              :: val_loss:0.1968177876496823 | val_f1_score:0.9231547777001063
2025-05-09 00:47:55,865 - locate: expt-4 - INFO - model saved @/scratch/opsahoo.eee20.itbhu/Thesis/locate_results/expt-4| 2025-05-07 19:17/weights/epoch-105.pt
2025-05-09 00:48:18,981 - detect: expt-53 - INFO - epoch:47:: train_loss:0.5745049064218616 | train_f1_score: 0.7932635799668338
2025-05-09 01:03:51,543 - locate: expt-4 - INFO - epoch:106:: train_loss:0.3312636257234311 | train_f1_score: 0.8684433496736069
2025-05-09 01:05:31,057 - detect: expt-53 - INFO - epoch:48:: train_loss:0.5905821208200854 | train_f1_score: 0.7908530757031372
2025-05-09 01:19:40,906 - locate: expt-4 - INFO - epoch:107:: train_loss:0.33775929812497013 | train_f1_score: 0.8664875293140021
2025-05-09 01:22:38,276 - detect: expt-53 - INFO - epoch:49:: train_loss:0.5952357892756411 | train_f1_score: 0.7887514707158084
2025-05-09 01:35:38,637 - locate: expt-4 - INFO - epoch:108:: train_loss:0.3315728634696164 | train_f1_score: 0.868242457269862
2025-05-09 01:40:09,244 - detect: expt-53 - INFO - epoch:50:: train_loss:0.608287619938305 | train_f1_score: 0.7824201896306268
2025-05-09 01:42:37,136 - detect: expt-53 - INFO -              :: val_loss:0.36145281777792976 | val_f1_score:0.9131563381883604
2025-05-09 01:42:37,243 - detect: expt-53 - INFO - model saved @/scratch/opsahoo.eee20.itbhu/Thesis/detect_results/expt-53| 2025-05-08 10:44/weights/epoch-50.pt
2025-05-09 01:51:32,934 - locate: expt-4 - INFO - epoch:109:: train_loss:0.3332168640752815 | train_f1_score: 0.8678675202616043
2025-05-09 01:59:40,465 - detect: expt-53 - INFO - epoch:51:: train_loss:0.5716655289270912 | train_f1_score: 0.7957565429726515
2025-05-09 02:07:43,777 - locate: expt-4 - INFO - epoch:110:: train_loss:0.33186546246209775 | train_f1_score: 0.8656187371205698
2025-05-09 02:10:06,903 - locate: expt-4 - INFO -              :: val_loss:0.201208961188093 | val_f1_score:0.9203177845813725
2025-05-09 02:10:06,943 - locate: expt-4 - INFO - model saved @/scratch/opsahoo.eee20.itbhu/Thesis/locate_results/expt-4| 2025-05-07 19:17/weights/epoch-110.pt
2025-05-09 02:16:51,790 - detect: expt-53 - INFO - epoch:52:: train_loss:0.5615530898095168 | train_f1_score: 0.8001820338376443
2025-05-09 02:26:01,698 - locate: expt-4 - INFO - epoch:111:: train_loss:0.33522923466219906 | train_f1_score: 0.8671063196543929
2025-05-09 02:33:58,934 - detect: expt-53 - INFO - epoch:53:: train_loss:0.5914047333864532 | train_f1_score: 0.792401113824454
2025-05-09 02:42:07,782 - locate: expt-4 - INFO - epoch:112:: train_loss:0.3347062780695502 | train_f1_score: 0.8677606413461484
2025-05-09 02:51:16,455 - detect: expt-53 - INFO - epoch:54:: train_loss:0.5869877662218601 | train_f1_score: 0.7900403869640761
2025-05-09 02:58:00,231 - locate: expt-4 - INFO - epoch:113:: train_loss:0.3275394230739737 | train_f1_score: 0.8684003644176451
2025-05-09 03:14:34,872 - detect: expt-53 - INFO - epoch:55:: train_loss:0.5925576512858125 | train_f1_score: 0.7953574307491529
2025-05-09 03:17:05,866 - detect: expt-53 - INFO -              :: val_loss:0.31666941703751933 | val_f1_score:0.9240461546455683
2025-05-09 03:17:06,223 - detect: expt-53 - INFO - model saved @/scratch/opsahoo.eee20.itbhu/Thesis/detect_results/expt-53| 2025-05-08 10:44/weights/epoch-55.pt
2025-05-09 03:19:55,629 - locate: expt-4 - INFO - epoch:114:: train_loss:0.33736956086151937 | train_f1_score: 0.8657478612892998
2025-05-09 03:34:31,036 - detect: expt-53 - INFO - epoch:56:: train_loss:0.5903863626214589 | train_f1_score: 0.7919439598077104
2025-05-09 03:36:01,765 - locate: expt-4 - INFO - epoch:115:: train_loss:0.332330862844969 | train_f1_score: 0.8693905562166432
2025-05-09 03:38:21,679 - locate: expt-4 - INFO -              :: val_loss:0.2018860832756795 | val_f1_score:0.9231436462897901
2025-05-09 03:38:21,743 - locate: expt-4 - INFO - model saved @/scratch/opsahoo.eee20.itbhu/Thesis/locate_results/expt-4| 2025-05-07 19:17/weights/epoch-115.pt
2025-05-09 03:51:29,895 - detect: expt-53 - INFO - epoch:57:: train_loss:0.5765042064266626 | train_f1_score: 0.7930697838683304
2025-05-09 03:54:24,279 - locate: expt-4 - INFO - epoch:116:: train_loss:0.33170742022468575 | train_f1_score: 0.8685725523577507
2025-05-09 04:08:47,313 - detect: expt-53 - INFO - epoch:58:: train_loss:0.5680205906557524 | train_f1_score: 0.7979909868395435
2025-05-09 04:10:18,634 - locate: expt-4 - INFO - epoch:117:: train_loss:0.3305531425880137 | train_f1_score: 0.8674940767720073
2025-05-09 04:26:04,405 - detect: expt-53 - INFO - epoch:59:: train_loss:0.5673054666885627 | train_f1_score: 0.799211769164344
2025-05-09 04:26:24,170 - locate: expt-4 - INFO - epoch:118:: train_loss:0.32968972434030824 | train_f1_score: 0.870271184420179
2025-05-09 04:42:28,419 - locate: expt-4 - INFO - epoch:119:: train_loss:0.3298593675902121 | train_f1_score: 0.8681002734909403
2025-05-09 04:43:42,791 - detect: expt-53 - INFO - epoch:60:: train_loss:0.5950406614044943 | train_f1_score: 0.7988076554911338
2025-05-09 04:46:13,623 - detect: expt-53 - INFO -              :: val_loss:0.47249018506629736 | val_f1_score:0.9068891082575306
2025-05-09 04:46:13,866 - detect: expt-53 - INFO - model saved @/scratch/opsahoo.eee20.itbhu/Thesis/detect_results/expt-53| 2025-05-08 10:44/weights/epoch-60.pt
2025-05-09 04:58:50,923 - locate: expt-4 - INFO - epoch:120:: train_loss:0.3277726619988198 | train_f1_score: 0.8696704881217804
2025-05-09 05:01:16,225 - locate: expt-4 - INFO -              :: val_loss:0.19631700150975628 | val_f1_score:0.9237849623146083
2025-05-09 05:01:16,282 - locate: expt-4 - INFO - model saved @/scratch/opsahoo.eee20.itbhu/Thesis/locate_results/expt-4| 2025-05-07 19:17/weights/epoch-120.pt
2025-05-09 05:03:52,246 - detect: expt-53 - INFO - epoch:61:: train_loss:0.5830561313193507 | train_f1_score: 0.7954934982939657
2025-05-09 05:17:57,666 - locate: expt-4 - INFO - epoch:121:: train_loss:0.3332123995010726 | train_f1_score: 0.8692145524997378
2025-05-09 05:20:48,555 - detect: expt-53 - INFO - epoch:62:: train_loss:0.566366287393944 | train_f1_score: 0.802388779700687
2025-05-09 05:34:42,186 - locate: expt-4 - INFO - epoch:122:: train_loss:0.3311053582435301 | train_f1_score: 0.8659858043781551
2025-05-09 05:37:45,762 - detect: expt-53 - INFO - epoch:63:: train_loss:0.5625850999121036 | train_f1_score: 0.802302150053829
2025-05-09 05:51:28,163 - locate: expt-4 - INFO - epoch:123:: train_loss:0.32721808060424057 | train_f1_score: 0.868693778306047
2025-05-09 05:54:47,849 - detect: expt-53 - INFO - epoch:64:: train_loss:0.5804925846331586 | train_f1_score: 0.7951719360951053
2025-05-09 06:08:12,434 - locate: expt-4 - INFO - epoch:124:: train_loss:0.3299344877822483 | train_f1_score: 0.8693164758781275
2025-05-09 06:11:45,322 - detect: expt-53 - INFO - epoch:65:: train_loss:0.5604490398260897 | train_f1_score: 0.796715753771401
2025-05-09 06:14:18,891 - detect: expt-53 - INFO -              :: val_loss:0.33966268529686033 | val_f1_score:0.8981779538874421
2025-05-09 06:14:18,983 - detect: expt-53 - INFO - model saved @/scratch/opsahoo.eee20.itbhu/Thesis/detect_results/expt-53| 2025-05-08 10:44/weights/epoch-65.pt
2025-05-09 06:24:26,923 - locate: expt-4 - INFO - epoch:125:: train_loss:0.3303662911822078 | train_f1_score: 0.8687774937927738
2025-05-09 06:26:45,440 - locate: expt-4 - INFO -              :: val_loss:0.2063392729578157 | val_f1_score:0.9211728678289215
2025-05-09 06:26:45,466 - locate: expt-4 - INFO - model saved @/scratch/opsahoo.eee20.itbhu/Thesis/locate_results/expt-4| 2025-05-07 19:17/weights/epoch-125.pt
2025-05-09 06:31:03,208 - detect: expt-53 - INFO - epoch:66:: train_loss:0.5638710291632416 | train_f1_score: 0.79881464486546
2025-05-09 06:43:10,619 - locate: expt-4 - INFO - epoch:126:: train_loss:0.32881385957675807 | train_f1_score: 0.8694801930840913
2025-05-09 06:47:59,978 - detect: expt-53 - INFO - epoch:67:: train_loss:0.5620202600258211 | train_f1_score: 0.7986620389325163
2025-05-09 06:59:27,081 - locate: expt-4 - INFO - epoch:127:: train_loss:0.33354066707027635 | train_f1_score: 0.8695307197040821
2025-05-09 07:04:53,410 - detect: expt-53 - INFO - epoch:68:: train_loss:0.5663839637341331 | train_f1_score: 0.7952973731709546
2025-05-09 07:15:50,297 - locate: expt-4 - INFO - epoch:128:: train_loss:0.32840658013970847 | train_f1_score: 0.8674885687360251
2025-05-09 07:21:34,410 - detect: expt-53 - INFO - epoch:69:: train_loss:0.5483941831508751 | train_f1_score: 0.7974167250380031
2025-05-09 07:32:15,358 - locate: expt-4 - INFO - epoch:129:: train_loss:0.32317235591030813 | train_f1_score: 0.8699069740843016
2025-05-09 07:38:31,522 - detect: expt-53 - INFO - epoch:70:: train_loss:0.5558630672080437 | train_f1_score: 0.7997119929149086
2025-05-09 07:40:54,318 - detect: expt-53 - INFO -              :: val_loss:0.33924939584597275 | val_f1_score:0.9226313262168547
2025-05-09 07:40:54,493 - detect: expt-53 - INFO - model saved @/scratch/opsahoo.eee20.itbhu/Thesis/detect_results/expt-53| 2025-05-08 10:44/weights/epoch-70.pt
2025-05-09 07:48:37,851 - locate: expt-4 - INFO - epoch:130:: train_loss:0.3311690690108621 | train_f1_score: 0.8695930897846459
2025-05-09 07:51:01,566 - locate: expt-4 - INFO -              :: val_loss:0.19745863205702546 | val_f1_score:0.9200113184315013
2025-05-09 07:51:01,640 - locate: expt-4 - INFO - model saved @/scratch/opsahoo.eee20.itbhu/Thesis/locate_results/expt-4| 2025-05-07 19:17/weights/epoch-130.pt
2025-05-09 07:58:23,690 - detect: expt-53 - INFO - epoch:71:: train_loss:0.5671254828866127 | train_f1_score: 0.7991666338575902
2025-05-09 08:07:58,666 - locate: expt-4 - INFO - epoch:131:: train_loss:0.3316579361504207 | train_f1_score: 0.867207651828693
2025-05-09 08:15:43,817 - detect: expt-53 - INFO - epoch:72:: train_loss:0.5488931284407563 | train_f1_score: 0.7993039334627883
2025-05-09 08:23:50,368 - locate: expt-4 - INFO - epoch:132:: train_loss:0.33080088133353097 | train_f1_score: 0.8680113093348581
2025-05-09 08:32:49,924 - detect: expt-53 - INFO - epoch:73:: train_loss:0.5528376847818275 | train_f1_score: 0.8023201311367553
2025-05-09 08:40:35,240 - locate: expt-4 - INFO - epoch:133:: train_loss:0.3312640346312519 | train_f1_score: 0.8679731017658668
2025-05-09 08:50:12,262 - detect: expt-53 - INFO - epoch:74:: train_loss:0.5585514771615167 | train_f1_score: 0.7999338085434476
2025-05-09 08:56:30,299 - locate: expt-4 - INFO - epoch:134:: train_loss:0.32406623537663615 | train_f1_score: 0.8713159768018229
2025-05-09 09:07:27,274 - detect: expt-53 - INFO - epoch:75:: train_loss:0.5688314482254283 | train_f1_score: 0.7956867523734764
2025-05-09 09:09:56,145 - detect: expt-53 - INFO -              :: val_loss:0.375249947033107 | val_f1_score:0.8963401744999794
2025-05-09 09:09:56,342 - detect: expt-53 - INFO - model saved @/scratch/opsahoo.eee20.itbhu/Thesis/detect_results/expt-53| 2025-05-08 10:44/weights/epoch-75.pt
2025-05-09 09:12:18,562 - locate: expt-4 - INFO - epoch:135:: train_loss:0.328610832451897 | train_f1_score: 0.8694857049704225
2025-05-09 09:14:39,244 - locate: expt-4 - INFO -              :: val_loss:0.21247901999747332 | val_f1_score:0.9193299685465961
2025-05-09 09:14:39,282 - locate: expt-4 - INFO - model saved @/scratch/opsahoo.eee20.itbhu/Thesis/locate_results/expt-4| 2025-05-07 19:17/weights/epoch-135.pt
2025-05-09 09:27:06,992 - detect: expt-53 - INFO - epoch:76:: train_loss:0.56614197271328 | train_f1_score: 0.7948072353855026
2025-05-09 09:30:24,164 - locate: expt-4 - INFO - epoch:136:: train_loss:0.32428161315181186 | train_f1_score: 0.87101969698816
2025-05-09 09:44:16,339 - detect: expt-53 - INFO - epoch:77:: train_loss:0.5793123211074952 | train_f1_score: 0.7958773488503708
2025-05-09 09:46:19,010 - locate: expt-4 - INFO - epoch:137:: train_loss:0.32725398358096464 | train_f1_score: 0.869206760863212
2025-05-09 10:01:29,776 - detect: expt-53 - INFO - epoch:78:: train_loss:0.552238357434385 | train_f1_score: 0.801505812265819
2025-05-09 10:02:15,008 - locate: expt-4 - INFO - epoch:138:: train_loss:0.33120202222107675 | train_f1_score: 0.8687108057557534
2025-05-09 10:18:25,520 - locate: expt-4 - INFO - epoch:139:: train_loss:0.33237562818075844 | train_f1_score: 0.8680536131995651
2025-05-09 10:18:47,718 - detect: expt-53 - INFO - epoch:79:: train_loss:0.5602818474102654 | train_f1_score: 0.7956301218209461
2025-05-09 10:34:44,794 - locate: expt-4 - INFO - epoch:140:: train_loss:0.3229665786396293 | train_f1_score: 0.8719896653082159
2025-05-09 10:35:58,814 - detect: expt-53 - INFO - epoch:80:: train_loss:0.5969836504099543 | train_f1_score: 0.7915098800658854
2025-05-09 10:37:05,384 - locate: expt-4 - INFO -              :: val_loss:0.19897527708162646 | val_f1_score:0.9240740547302
2025-05-09 10:37:05,548 - locate: expt-4 - INFO - model saved @/scratch/opsahoo.eee20.itbhu/Thesis/locate_results/expt-4| 2025-05-07 19:17/weights/epoch-140.pt
2025-05-09 10:38:22,714 - detect: expt-53 - INFO -              :: val_loss:0.30075741065090095 | val_f1_score:0.91906103107181
2025-05-09 10:38:22,746 - detect: expt-53 - INFO - model saved @/scratch/opsahoo.eee20.itbhu/Thesis/detect_results/expt-53| 2025-05-08 10:44/weights/epoch-80.pt
2025-05-09 10:53:07,753 - locate: expt-4 - INFO - epoch:141:: train_loss:0.32424835771578436 | train_f1_score: 0.8712314674980629
2025-05-09 10:56:08,542 - detect: expt-53 - INFO - epoch:81:: train_loss:0.5606450780966371 | train_f1_score: 0.797674970802855
2025-05-09 11:09:09,894 - locate: expt-4 - INFO - epoch:142:: train_loss:0.327593732806672 | train_f1_score: 0.8674502683085709
2025-05-09 11:13:33,019 - detect: expt-53 - INFO - epoch:82:: train_loss:0.5749601968034349 | train_f1_score: 0.7961778727216237
2025-05-09 11:25:10,987 - locate: expt-4 - INFO - epoch:143:: train_loss:0.32665431030886344 | train_f1_score: 0.8713315477816734
2025-05-09 11:30:44,801 - detect: expt-53 - INFO - epoch:83:: train_loss:0.5632408085449544 | train_f1_score: 0.7899771457039567
2025-05-09 11:41:08,958 - locate: expt-4 - INFO - epoch:144:: train_loss:0.32545205510062303 | train_f1_score: 0.8713380097730958
2025-05-09 11:48:02,611 - detect: expt-53 - INFO - epoch:84:: train_loss:0.5712809637789448 | train_f1_score: 0.7950042408542836
2025-05-09 11:56:59,946 - locate: expt-4 - INFO - epoch:145:: train_loss:0.3267214987253634 | train_f1_score: 0.8673670506139851
2025-05-09 11:59:23,482 - locate: expt-4 - INFO -              :: val_loss:0.1943715648822998 | val_f1_score:0.9225554736566256
2025-05-09 11:59:23,690 - locate: expt-4 - INFO - model saved @/scratch/opsahoo.eee20.itbhu/Thesis/locate_results/expt-4| 2025-05-07 19:17/weights/epoch-145.pt
2025-05-09 12:05:24,266 - detect: expt-53 - INFO - epoch:85:: train_loss:0.5498959060779107 | train_f1_score: 0.8008781363246065
2025-05-09 12:07:50,702 - detect: expt-53 - INFO -              :: val_loss:0.313221199935724 | val_f1_score:0.9241738227006238
2025-05-09 12:07:50,737 - detect: expt-53 - INFO - model saved @/scratch/opsahoo.eee20.itbhu/Thesis/detect_results/expt-53| 2025-05-08 10:44/weights/epoch-85.pt
2025-05-09 12:15:26,346 - locate: expt-4 - INFO - epoch:146:: train_loss:0.3266654277226661 | train_f1_score: 0.8694400496736455
2025-05-09 12:25:45,413 - detect: expt-53 - INFO - epoch:86:: train_loss:0.5699029821307703 | train_f1_score: 0.7943336634838133
2025-05-09 12:31:46,930 - locate: expt-4 - INFO - epoch:147:: train_loss:0.32623537008400344 | train_f1_score: 0.8692325621294553
2025-05-09 12:42:59,405 - detect: expt-53 - INFO - epoch:87:: train_loss:0.6123846741866474 | train_f1_score: 0.7830998581639597
2025-05-09 12:47:43,575 - locate: expt-4 - INFO - epoch:148:: train_loss:0.32099911395229863 | train_f1_score: 0.871239285779802
2025-05-09 13:00:10,381 - detect: expt-53 - INFO - epoch:88:: train_loss:0.5551360582948786 | train_f1_score: 0.8006019709308528
2025-05-09 13:03:59,096 - locate: expt-4 - INFO - epoch:149:: train_loss:0.3238007268713791 | train_f1_score: 0.8707576346845469
2025-05-09 13:17:40,189 - detect: expt-53 - INFO - epoch:89:: train_loss:0.5555111377673123 | train_f1_score: 0.7953946363237832
2025-05-09 13:21:31,706 - locate: expt-4 - INFO - epoch:150:: train_loss:0.32229662375470053 | train_f1_score: 0.8715190784607812
2025-05-09 13:23:58,685 - locate: expt-4 - INFO -              :: val_loss:0.21630196079380104 | val_f1_score:0.9182971536214244
2025-05-09 13:23:59,254 - locate: expt-4 - INFO - model saved @/scratch/opsahoo.eee20.itbhu/Thesis/locate_results/expt-4| 2025-05-07 19:17/weights/epoch-150.pt
2025-05-09 13:34:59,979 - detect: expt-53 - INFO - epoch:90:: train_loss:0.5782603404946018 | train_f1_score: 0.795888076514025
2025-05-09 13:37:35,838 - detect: expt-53 - INFO -              :: val_loss:0.340996612235747 | val_f1_score:0.8978915187018149
2025-05-09 13:37:35,875 - detect: expt-53 - INFO - model saved @/scratch/opsahoo.eee20.itbhu/Thesis/detect_results/expt-53| 2025-05-08 10:44/weights/epoch-90.pt
2025-05-09 13:40:25,734 - locate: expt-4 - INFO - epoch:151:: train_loss:0.3286242215152324 | train_f1_score: 0.8685601197420136
2025-05-09 13:54:40,347 - detect: expt-53 - INFO - epoch:91:: train_loss:0.5643367879738588 | train_f1_score: 0.7922036099018502
2025-05-09 13:56:48,514 - locate: expt-4 - INFO - epoch:152:: train_loss:0.32249317769038405 | train_f1_score: 0.8713964851471308
2025-05-09 14:12:01,541 - detect: expt-53 - INFO - epoch:92:: train_loss:0.5590038731457564 | train_f1_score: 0.7956069332265828
2025-05-09 14:13:01,408 - locate: expt-4 - INFO - epoch:153:: train_loss:0.3231953225363789 | train_f1_score: 0.8716314338094059
2025-05-09 14:29:03,588 - locate: expt-4 - INFO - epoch:154:: train_loss:0.32923536700802825 | train_f1_score: 0.8687540835710262
2025-05-09 14:29:16,197 - detect: expt-53 - INFO - epoch:93:: train_loss:0.5950561482413691 | train_f1_score: 0.7801212720151965
2025-05-09 14:45:08,789 - locate: expt-4 - INFO - epoch:155:: train_loss:0.32450520996455673 | train_f1_score: 0.8716993624627057
2025-05-09 14:46:33,318 - detect: expt-53 - INFO - epoch:94:: train_loss:0.5618521883565134 | train_f1_score: 0.7990987964294776
2025-05-09 14:47:27,484 - locate: expt-4 - INFO -              :: val_loss:0.2082994091893236 | val_f1_score:0.9156577419026082
2025-05-09 14:47:27,523 - locate: expt-4 - INFO - model saved @/scratch/opsahoo.eee20.itbhu/Thesis/locate_results/expt-4| 2025-05-07 19:17/weights/epoch-155.pt
2025-05-09 15:03:26,329 - locate: expt-4 - INFO - epoch:156:: train_loss:0.3244626745967308 | train_f1_score: 0.8704555353724063
2025-05-09 15:03:49,185 - detect: expt-53 - INFO - epoch:95:: train_loss:0.6634790852491131 | train_f1_score: 0.7726611761382907
2025-05-09 15:06:20,879 - detect: expt-53 - INFO -              :: val_loss:0.3074382382607914 | val_f1_score:0.9195419261763575
2025-05-09 15:06:20,899 - detect: expt-53 - INFO - model saved @/scratch/opsahoo.eee20.itbhu/Thesis/detect_results/expt-53| 2025-05-08 10:44/weights/epoch-95.pt
2025-05-09 15:19:11,343 - locate: expt-4 - INFO - epoch:157:: train_loss:0.3256875649307836 | train_f1_score: 0.8694154188127493
2025-05-09 15:23:52,411 - detect: expt-53 - INFO - epoch:96:: train_loss:0.5583768060479769 | train_f1_score: 0.7995153155593923
2025-05-09 15:35:17,879 - locate: expt-4 - INFO - epoch:158:: train_loss:0.32418558714511103 | train_f1_score: 0.8708300050302028
2025-05-09 15:41:11,907 - detect: expt-53 - INFO - epoch:97:: train_loss:0.6788331417559611 | train_f1_score: 0.7590904802641761
2025-05-09 15:51:08,139 - locate: expt-4 - INFO - epoch:159:: train_loss:0.31860113306992277 | train_f1_score: 0.8724714452802081
2025-05-09 15:58:36,153 - detect: expt-53 - INFO - epoch:98:: train_loss:0.7889998399253192 | train_f1_score: 0.7167399774450277
2025-05-09 16:06:55,978 - locate: expt-4 - INFO - epoch:160:: train_loss:0.3235303327278412 | train_f1_score: 0.8707413741890826
2025-05-09 16:09:14,863 - locate: expt-4 - INFO -              :: val_loss:0.20254814209096195 | val_f1_score:0.9217955370619659
2025-05-09 16:09:15,060 - locate: expt-4 - INFO - model saved @/scratch/opsahoo.eee20.itbhu/Thesis/locate_results/expt-4| 2025-05-07 19:17/weights/epoch-160.pt
2025-05-09 16:15:46,437 - detect: expt-53 - INFO - epoch:99:: train_loss:0.7351084482139706 | train_f1_score: 0.7524426928852826
2025-05-09 16:26:27,419 - locate: expt-4 - INFO - epoch:161:: train_loss:0.3203914510502563 | train_f1_score: 0.8722140120725649
2025-05-09 16:33:17,895 - detect: expt-53 - INFO - epoch:100:: train_loss:0.7000077426882362 | train_f1_score: 0.7635116907131992
2025-05-09 16:35:43,909 - detect: expt-53 - INFO -              :: val_loss:0.46021719482746204 | val_f1_score:0.8767154423432856
2025-05-09 16:35:44,246 - detect: expt-53 - INFO - model saved @/scratch/opsahoo.eee20.itbhu/Thesis/detect_results/expt-53| 2025-05-08 10:44/weights/epoch-100.pt
2025-05-09 16:43:05,558 - locate: expt-4 - INFO - epoch:162:: train_loss:0.3216359010881813 | train_f1_score: 0.870466856046423
2025-05-09 16:52:57,206 - detect: expt-53 - INFO - epoch:101:: train_loss:0.6948940514597216 | train_f1_score: 0.7684078131059852
2025-05-09 16:59:50,737 - locate: expt-4 - INFO - epoch:163:: train_loss:0.32306885501572186 | train_f1_score: 0.8713531703288719
2025-05-09 17:10:04,737 - detect: expt-53 - INFO - epoch:102:: train_loss:0.6976982891930962 | train_f1_score: 0.7741787269872834
2025-05-09 17:16:17,959 - locate: expt-4 - INFO - epoch:164:: train_loss:0.32259764854088313 | train_f1_score: 0.8720421642899078
2025-05-09 17:27:24,419 - detect: expt-53 - INFO - epoch:103:: train_loss:0.6976879580595258 | train_f1_score: 0.772100771553496
2025-05-09 17:32:55,631 - locate: expt-4 - INFO - epoch:165:: train_loss:0.3205562684708747 | train_f1_score: 0.8706680125472118
2025-05-09 17:35:20,203 - locate: expt-4 - INFO -              :: val_loss:0.18572821642483056 | val_f1_score:0.9271729426175006
2025-05-09 17:35:20,360 - locate: expt-4 - INFO - model saved @/scratch/opsahoo.eee20.itbhu/Thesis/locate_results/expt-4| 2025-05-07 19:17/weights/epoch-165.pt
2025-05-09 17:44:40,225 - detect: expt-53 - INFO - epoch:104:: train_loss:0.7022131491198502 | train_f1_score: 0.7722982757270521
2025-05-09 17:51:36,049 - locate: expt-4 - INFO - epoch:166:: train_loss:0.323843044401439 | train_f1_score: 0.8718295488474593
2025-05-09 18:01:47,434 - detect: expt-53 - INFO - epoch:105:: train_loss:0.6855847660390553 | train_f1_score: 0.7783787461559394
2025-05-09 18:04:13,183 - detect: expt-53 - INFO -              :: val_loss:0.35267224494327315 | val_f1_score:0.9124207743933479
2025-05-09 18:04:13,205 - detect: expt-53 - INFO - model saved @/scratch/opsahoo.eee20.itbhu/Thesis/detect_results/expt-53| 2025-05-08 10:44/weights/epoch-105.pt
2025-05-09 18:07:36,943 - locate: expt-4 - INFO - epoch:167:: train_loss:0.32340039649454977 | train_f1_score: 0.8712029552980827
2025-05-09 18:21:22,741 - detect: expt-53 - INFO - epoch:106:: train_loss:0.6847650207165733 | train_f1_score: 0.7753214679027461
2025-05-09 18:23:49,584 - locate: expt-4 - INFO - epoch:168:: train_loss:0.3200456411156005 | train_f1_score: 0.870659584851352
2025-05-09 18:38:39,391 - detect: expt-53 - INFO - epoch:107:: train_loss:0.6887050406756798 | train_f1_score: 0.777586048544545
2025-05-09 18:39:42,603 - locate: expt-4 - INFO - epoch:169:: train_loss:0.32327243791182725 | train_f1_score: 0.8712838499636649
2025-05-09 18:55:51,653 - detect: expt-53 - INFO - epoch:108:: train_loss:0.676822211166672 | train_f1_score: 0.7776119929282104
2025-05-09 18:56:02,795 - locate: expt-4 - INFO - epoch:170:: train_loss:0.320146676722528 | train_f1_score: 0.8728846127417471
2025-05-09 18:58:24,502 - locate: expt-4 - INFO -              :: val_loss:0.20249386068186676 | val_f1_score:0.9229471301082152
2025-05-09 18:58:24,981 - locate: expt-4 - INFO - model saved @/scratch/opsahoo.eee20.itbhu/Thesis/locate_results/expt-4| 2025-05-07 19:17/weights/epoch-170.pt
2025-05-09 19:13:06,007 - detect: expt-53 - INFO - epoch:109:: train_loss:0.6775552397791427 | train_f1_score: 0.7766324712177953
2025-05-09 19:14:36,169 - locate: expt-4 - INFO - epoch:171:: train_loss:0.3217134197189197 | train_f1_score: 0.872282165974423
2025-05-09 19:30:20,036 - detect: expt-53 - INFO - epoch:110:: train_loss:0.6917562403006223 | train_f1_score: 0.7743865470925447
2025-05-09 19:31:41,405 - locate: expt-4 - INFO - epoch:172:: train_loss:0.3213802462157084 | train_f1_score: 0.8699794688356421
2025-05-09 19:32:50,604 - detect: expt-53 - INFO -              :: val_loss:0.45163969476487764 | val_f1_score:0.8831909239184234
2025-05-09 19:32:50,630 - detect: expt-53 - INFO - model saved @/scratch/opsahoo.eee20.itbhu/Thesis/detect_results/expt-53| 2025-05-08 10:44/weights/epoch-110.pt
2025-05-09 19:47:47,375 - locate: expt-4 - INFO - epoch:173:: train_loss:0.32080310839434484 | train_f1_score: 0.871788142833838
2025-05-09 19:50:48,540 - detect: expt-53 - INFO - epoch:111:: train_loss:0.6822362746056109 | train_f1_score: 0.7729421073059427
2025-05-09 20:03:54,159 - locate: expt-4 - INFO - epoch:174:: train_loss:0.32354131871019914 | train_f1_score: 0.8708932666820615
2025-05-09 20:08:32,967 - detect: expt-53 - INFO - epoch:112:: train_loss:0.6795324317493552 | train_f1_score: 0.780256990910735
2025-05-09 20:19:53,313 - locate: expt-4 - INFO - epoch:175:: train_loss:0.31586521764525194 | train_f1_score: 0.8732257596670235
2025-05-09 20:22:17,833 - locate: expt-4 - INFO -              :: val_loss:0.20371467817225922 | val_f1_score:0.9187230645241716
2025-05-09 20:22:18,235 - locate: expt-4 - INFO - model saved @/scratch/opsahoo.eee20.itbhu/Thesis/locate_results/expt-4| 2025-05-07 19:17/weights/epoch-175.pt
2025-05-09 20:29:49,641 - detect: expt-54 - INFO - 
2025-05-09 20:29:49,746 - detect: expt-54 - INFO - ++++++++++++++++++++++++++++++++++++++++++++++++++++++++++++++++++++++++
2025-05-09 20:29:49,746 - detect: expt-54 - INFO - ++++++++++++++++++++++++++ Experiment: 54 ++++++++++++++++++++++++++
2025-05-09 20:29:49,747 - detect: expt-54 - INFO - Description: Detect Fault: Changed model architecture 'score = score @ Ee # (n_edges, heads, time, time)'.
2025-05-09 20:29:49,747 - detect: expt-54 - INFO - 
2025-05-09 20:29:49,747 - detect: expt-54 - INFO - Dataset info.
2025-05-09 20:29:49,747 - detect: expt-54 - INFO - > Data names: ['microgrid_fault_dataset_rms', 'All_DER_outage_grid_fault_CSV', 'All_DER_outage_islanded_fault_CSV']
2025-05-09 20:29:49,747 - detect: expt-54 - INFO - > Case range: [1, 3000]
2025-05-09 20:29:49,748 - detect: expt-54 - INFO - 
2025-05-09 20:29:49,748 - detect: expt-54 - INFO - Loading model.
2025-05-09 20:29:50,286 - detect: expt-54 - INFO - > No. of parameters: 26343
2025-05-09 20:29:50,286 - detect: expt-54 - INFO - 
2025-05-09 20:29:50,286 - detect: expt-54 - INFO - Using device: cuda
2025-05-09 20:29:50,619 - detect: expt-54 - INFO - > GPU: Tesla V100-PCIE-16GB
2025-05-09 20:33:21,153 - detect: expt-54 - INFO - Dataset Size: 50400
2025-05-09 20:33:22,906 - detect: expt-54 - INFO - 
2025-05-09 20:33:22,906 - detect: expt-54 - INFO - ========== Starting model training. ==========
2025-05-09 20:42:13,276 - locate: expt-4 - INFO - epoch:176:: train_loss:0.3213616905926161 | train_f1_score: 0.8709158784476897
2025-05-09 20:44:08,840 - detect: expt-54 - INFO - epoch:1:: train_loss:1.632529597153276 | train_f1_score: 0.20762514287752198
2025-05-09 20:54:29,149 - detect: expt-54 - INFO - epoch:2:: train_loss:1.2481994169753228 | train_f1_score: 0.4093245178036078
2025-05-09 20:58:46,863 - locate: expt-4 - INFO - epoch:177:: train_loss:0.3198872993931231 | train_f1_score: 0.8705697492487245
2025-05-09 21:04:28,091 - detect: expt-54 - INFO - epoch:3:: train_loss:1.081053779872024 | train_f1_score: 0.5624224672685286
2025-05-09 21:14:32,924 - detect: expt-54 - INFO - epoch:4:: train_loss:0.9720656471333483 | train_f1_score: 0.630036496399723
2025-05-09 21:15:08,160 - locate: expt-4 - INFO - epoch:178:: train_loss:0.31775015506354876 | train_f1_score: 0.8725233987552653
2025-05-09 21:24:42,495 - detect: expt-54 - INFO - epoch:5:: train_loss:0.9035129259486504 | train_f1_score: 0.6491930349834598
2025-05-09 21:27:11,521 - detect: expt-54 - INFO -              :: val_loss:0.6560101852445883 | val_f1_score:0.787733365210946
2025-05-09 21:27:11,737 - detect: expt-54 - INFO - model saved @/scratch/opsahoo.eee20.itbhu/Thesis/detect_results/expt-54| 2025-05-09 20:29/weights/epoch-5.pt
2025-05-09 21:32:06,866 - locate: expt-4 - INFO - epoch:179:: train_loss:0.32193425426979877 | train_f1_score: 0.8714454888227601
2025-05-09 21:37:21,118 - detect: expt-54 - INFO - epoch:6:: train_loss:0.8522121699856687 | train_f1_score: 0.6732459848993363
2025-05-09 21:47:40,140 - detect: expt-54 - INFO - epoch:7:: train_loss:0.8028084405792598 | train_f1_score: 0.6884529065931868
2025-05-09 21:48:47,492 - locate: expt-4 - INFO - epoch:180:: train_loss:0.32286635547910275 | train_f1_score: 0.8712758580812584
2025-05-09 21:51:07,397 - locate: expt-4 - INFO -              :: val_loss:0.1964855076858139 | val_f1_score:0.9242680879370582
2025-05-09 21:51:07,975 - locate: expt-4 - INFO - model saved @/scratch/opsahoo.eee20.itbhu/Thesis/locate_results/expt-4| 2025-05-07 19:17/weights/epoch-180.pt
2025-05-09 21:57:41,849 - detect: expt-54 - INFO - epoch:8:: train_loss:0.7801722807091046 | train_f1_score: 0.6991003072125366
2025-05-09 22:07:44,747 - detect: expt-54 - INFO - epoch:9:: train_loss:0.7474538497838253 | train_f1_score: 0.7172482885374682
2025-05-09 22:07:44,919 - locate: expt-4 - INFO - epoch:181:: train_loss:0.31650802135038864 | train_f1_score: 0.8720798597744471
2025-05-09 22:17:51,934 - detect: expt-54 - INFO - epoch:10:: train_loss:0.7181275592176886 | train_f1_score: 0.7258182970010714
2025-05-09 22:20:29,837 - detect: expt-54 - INFO -              :: val_loss:0.4876395818174072 | val_f1_score:0.8655690009166604
2025-05-09 22:20:29,875 - detect: expt-54 - INFO - model saved @/scratch/opsahoo.eee20.itbhu/Thesis/detect_results/expt-54| 2025-05-09 20:29/weights/epoch-10.pt
2025-05-09 22:23:56,888 - locate: expt-4 - INFO - epoch:182:: train_loss:0.32144438776161494 | train_f1_score: 0.8708626975531925
2025-05-09 22:30:44,128 - detect: expt-54 - INFO - epoch:11:: train_loss:0.7072118573738312 | train_f1_score: 0.736992784434445
2025-05-09 22:40:37,469 - locate: expt-4 - INFO - epoch:183:: train_loss:0.3223899681978581 | train_f1_score: 0.8709537818963179
2025-05-09 22:41:09,445 - detect: expt-54 - INFO - epoch:12:: train_loss:0.6798210697771958 | train_f1_score: 0.7520513927640081
2025-05-09 22:51:24,399 - detect: expt-54 - INFO - epoch:13:: train_loss:0.6734353993585172 | train_f1_score: 0.7574242459600435
2025-05-09 22:57:44,230 - locate: expt-4 - INFO - epoch:184:: train_loss:0.320504758455994 | train_f1_score: 0.8722131194390194
2025-05-09 23:01:27,937 - detect: expt-54 - INFO - epoch:14:: train_loss:0.6573953045128541 | train_f1_score: 0.7681070888604545
2025-05-09 23:11:44,332 - detect: expt-54 - INFO - epoch:15:: train_loss:0.6445278657179181 | train_f1_score: 0.7796618089546079
2025-05-09 23:14:38,915 - detect: expt-54 - INFO -              :: val_loss:0.8783410284278249 | val_f1_score:0.8502892771905469
2025-05-09 23:14:40,381 - detect: expt-54 - INFO - model saved @/scratch/opsahoo.eee20.itbhu/Thesis/detect_results/expt-54| 2025-05-09 20:29/weights/epoch-15.pt
2025-05-09 23:17:28,001 - locate: expt-5 - INFO - 
2025-05-09 23:17:28,003 - locate: expt-5 - INFO - ++++++++++++++++++++++++++++++++++++++++++++++++++++++++++++++++++++++++
2025-05-09 23:17:28,003 - locate: expt-5 - INFO - ++++++++++++++++++++++++++ Experiment: 5 ++++++++++++++++++++++++++
2025-05-09 23:17:28,003 - locate: expt-5 - INFO - Description: Locate Fault: contining expt-4 to all data
2025-05-09 23:17:28,003 - locate: expt-5 - INFO - 
2025-05-09 23:17:28,004 - locate: expt-5 - INFO - Dataset info.
2025-05-09 23:17:28,004 - locate: expt-5 - INFO - > Data names: ['microgrid_fault_dataset_rms', 'All_DER_outage_grid_fault_CSV', 'All_DER_outage_islanded_fault_CSV']
2025-05-09 23:17:28,004 - locate: expt-5 - INFO - > Case range: [1, 9000]
2025-05-09 23:17:28,004 - locate: expt-5 - INFO - 
2025-05-09 23:17:28,004 - locate: expt-5 - INFO - Loading model.
2025-05-09 23:17:28,319 - locate: expt-5 - INFO - > No. of parameters: 26349
2025-05-09 23:17:28,319 - locate: expt-5 - INFO - 
2025-05-09 23:17:28,319 - locate: expt-5 - INFO - Using device: cuda
2025-05-09 23:17:28,492 - locate: expt-5 - INFO - > GPU: Tesla V100-PCIE-16GB
2025-05-09 23:23:52,709 - locate: expt-5 - INFO - Dataset Size: 75600
2025-05-09 23:23:54,349 - locate: expt-5 - INFO - 
2025-05-09 23:23:54,349 - locate: expt-5 - INFO - Loading pretrained model from: locate_results/expt-4| 2025-05-07 19:17/weights/epoch-180.pt
2025-05-09 23:23:54,349 - locate: expt-5 - INFO - > Used data info:: names: ['microgrid_fault_dataset_rms', 'All_DER_outage_grid_fault_CSV', 'All_DER_outage_islanded_fault_CSV'], range: [1, 3000]
2025-05-09 23:23:54,350 - locate: expt-5 - INFO - > epoch:180:: train_loss:0.32286635547910275 | train_f1_score: 0.8712758580812584
2025-05-09 23:23:54,368 - locate: expt-5 - INFO - 
2025-05-09 23:23:54,369 - locate: expt-5 - INFO - ========== Starting model training. ==========
2025-05-09 23:28:36,575 - detect: expt-54 - INFO - epoch:16:: train_loss:0.6344801833248886 | train_f1_score: 0.791549132206813
2025-05-09 23:38:47,753 - detect: expt-54 - INFO - epoch:17:: train_loss:0.6163263105328617 | train_f1_score: 0.7963861617371945
2025-05-09 23:42:02,006 - locate: expt-5 - INFO - epoch:1:: train_loss:0.7964360502341928 | train_f1_score: 0.7613462785341487
2025-05-09 23:49:12,118 - detect: expt-54 - INFO - epoch:18:: train_loss:0.5979021517051423 | train_f1_score: 0.8007735588838639
2025-05-09 23:59:23,358 - detect: expt-54 - INFO - epoch:19:: train_loss:0.5887823056320076 | train_f1_score: 0.8077326906177722
2025-05-09 23:59:59,955 - locate: expt-5 - INFO - epoch:2:: train_loss:0.5899464707503169 | train_f1_score: 0.7748223774230318
2025-05-10 00:09:59,943 - detect: expt-54 - INFO - epoch:20:: train_loss:0.5775585515426123 | train_f1_score: 0.8069826374588269
2025-05-10 00:12:28,112 - detect: expt-54 - INFO -              :: val_loss:0.8961878637451615 | val_f1_score:0.6360117856644426
2025-05-10 00:12:28,418 - detect: expt-54 - INFO - model saved @/scratch/opsahoo.eee20.itbhu/Thesis/detect_results/expt-54| 2025-05-09 20:29/weights/epoch-20.pt
2025-05-10 00:18:00,376 - locate: expt-5 - INFO - epoch:3:: train_loss:0.5447668433762444 | train_f1_score: 0.776968663790481
2025-05-10 00:23:48,118 - detect: expt-54 - INFO - epoch:21:: train_loss:0.5784089720956943 | train_f1_score: 0.8075531820496668
2025-05-10 00:34:50,440 - detect: expt-54 - INFO - epoch:22:: train_loss:0.5744492376676504 | train_f1_score: 0.8070974886313704
2025-05-10 00:35:56,906 - locate: expt-5 - INFO - epoch:4:: train_loss:0.5166910981156806 | train_f1_score: 0.7851036277892735
2025-05-10 00:45:16,117 - detect: expt-54 - INFO - epoch:23:: train_loss:0.5722015291126171 | train_f1_score: 0.8055673732277852
2025-05-10 00:53:43,391 - locate: expt-5 - INFO - epoch:5:: train_loss:0.5134860415490994 | train_f1_score: 0.7857883766350974
2025-05-10 00:55:36,754 - detect: expt-54 - INFO - epoch:24:: train_loss:0.5795469606153923 | train_f1_score: 0.8087263789593797
2025-05-10 00:56:16,482 - locate: expt-5 - INFO -              :: val_loss:0.3393505467357863 | val_f1_score:0.8389887624249931
2025-05-10 00:56:17,032 - locate: expt-5 - INFO - model saved @/scratch/opsahoo.eee20.itbhu/Thesis/locate_results/expt-5| 2025-05-09 23:17/weights/epoch-5.pt
2025-05-10 01:06:12,498 - detect: expt-54 - INFO - epoch:25:: train_loss:0.554704847489793 | train_f1_score: 0.815296709186727
2025-05-10 01:08:43,904 - detect: expt-54 - INFO -              :: val_loss:0.5736794196708247 | val_f1_score:0.8903623978812326
2025-05-10 01:08:43,934 - detect: expt-54 - INFO - model saved @/scratch/opsahoo.eee20.itbhu/Thesis/detect_results/expt-54| 2025-05-09 20:29/weights/epoch-25.pt
2025-05-10 01:16:03,823 - locate: expt-5 - INFO - epoch:6:: train_loss:0.4975088998541503 | train_f1_score: 0.788737080622442
2025-05-10 01:19:53,798 - detect: expt-54 - INFO - epoch:26:: train_loss:0.547978754500196 | train_f1_score: 0.818971484296257
